ISO-10303-21;
HEADER;
/* Generated by software containing ST-Developer
 * from STEP Tools, Inc. (www.steptools.com) 
 */
/* OPTION: strings as raw bytes, not using required /X/ escapes */

FILE_DESCRIPTION(
/* description */ ('Unknown'),
/* implementation_level */ '2;1');

FILE_NAME(
/* name */ 'FA-130 DC Motor',
/* time_stamp */ '2025-09-21T20:52:26+03:00',
/* author */ ('Unknown'),
/* organization */ ('Unknown'),
/* preprocessor_version */ 'ST-DEVELOPER v20',
/* originating_system */ 'Solid Edge',
/* authorisation */ 'Unknown');

FILE_SCHEMA (('AUTOMOTIVE_DESIGN {1 0 10303 214 3 1 1}'));
ENDSEC;

DATA;
#10=PROPERTY_DEFINITION_REPRESENTATION(#14,#12);
#11=PROPERTY_DEFINITION_REPRESENTATION(#15,#13);
#12=REPRESENTATION('',(#16),#6932);
#13=REPRESENTATION('',(#17),#6932);
#14=PROPERTY_DEFINITION('pmi validation property','',#6947);
#15=PROPERTY_DEFINITION('pmi validation property','',#6947);
#16=VALUE_REPRESENTATION_ITEM('number of annotations',COUNT_MEASURE(0.));
#17=VALUE_REPRESENTATION_ITEM('number of views',COUNT_MEASURE(0.));
#18=DEGENERATE_TOROIDAL_SURFACE('',#4344,0.0899999999999986,0.5,.T.);
#19=DEGENERATE_TOROIDAL_SURFACE('',#4349,0.0899999999999997,0.5,.T.);
#20=DEGENERATE_TOROIDAL_SURFACE('',#4357,0.0899999999999988,0.5,.T.);
#21=DEGENERATE_TOROIDAL_SURFACE('',#4362,0.0899999999999997,0.5,.T.);
#22=CONICAL_SURFACE('',#4186,1.,0.785398163397451);
#23=CONICAL_SURFACE('',#4187,0.8,0.785398163397451);
#24=CONTEXT_DEPENDENT_SHAPE_REPRESENTATION(#36,#6949);
#25=CONTEXT_DEPENDENT_SHAPE_REPRESENTATION(#37,#6951);
#26=CONTEXT_DEPENDENT_SHAPE_REPRESENTATION(#38,#6953);
#27=CONTEXT_DEPENDENT_SHAPE_REPRESENTATION(#39,#6955);
#28=CONTEXT_DEPENDENT_SHAPE_REPRESENTATION(#40,#6957);
#29=CONTEXT_DEPENDENT_SHAPE_REPRESENTATION(#41,#6958);
#30=NEXT_ASSEMBLY_USAGE_OCCURRENCE('Motor Case','Motor Case',
'Motor Case',#6959,#6960,'');
#31=NEXT_ASSEMBLY_USAGE_OCCURRENCE('Front Bearing','Front Bearing',
'Front Bearing',#6959,#6961,'');
#32=NEXT_ASSEMBLY_USAGE_OCCURRENCE('Shaft','Shaft','Shaft',#6959,#6962,
'');
#33=NEXT_ASSEMBLY_USAGE_OCCURRENCE('Back Cap','Back Cap','Back Cap',#6959,
#6963,'');
#34=NEXT_ASSEMBLY_USAGE_OCCURRENCE('Collector','Collector','Collector',
#6959,#6964,'');
#35=NEXT_ASSEMBLY_USAGE_OCCURRENCE('Collector','Collector','Collector',
#6959,#6964,'');
#36=(
REPRESENTATION_RELATIONSHIP(' ',' ',#3993,#3994)
REPRESENTATION_RELATIONSHIP_WITH_TRANSFORMATION(#42)
SHAPE_REPRESENTATION_RELATIONSHIP()
);
#37=(
REPRESENTATION_RELATIONSHIP(' ',' ',#3995,#3994)
REPRESENTATION_RELATIONSHIP_WITH_TRANSFORMATION(#43)
SHAPE_REPRESENTATION_RELATIONSHIP()
);
#38=(
REPRESENTATION_RELATIONSHIP(' ',' ',#3996,#3994)
REPRESENTATION_RELATIONSHIP_WITH_TRANSFORMATION(#44)
SHAPE_REPRESENTATION_RELATIONSHIP()
);
#39=(
REPRESENTATION_RELATIONSHIP(' ',' ',#3997,#3994)
REPRESENTATION_RELATIONSHIP_WITH_TRANSFORMATION(#45)
SHAPE_REPRESENTATION_RELATIONSHIP()
);
#40=(
REPRESENTATION_RELATIONSHIP(' ',' ',#3998,#3994)
REPRESENTATION_RELATIONSHIP_WITH_TRANSFORMATION(#46)
SHAPE_REPRESENTATION_RELATIONSHIP()
);
#41=(
REPRESENTATION_RELATIONSHIP(' ',' ',#3998,#3994)
REPRESENTATION_RELATIONSHIP_WITH_TRANSFORMATION(#47)
SHAPE_REPRESENTATION_RELATIONSHIP()
);
#42=ITEM_DEFINED_TRANSFORMATION(' ',' ',#3999,#4169);
#43=ITEM_DEFINED_TRANSFORMATION(' ',' ',#3999,#4178);
#44=ITEM_DEFINED_TRANSFORMATION(' ',' ',#3999,#4188);
#45=ITEM_DEFINED_TRANSFORMATION(' ',' ',#3999,#4424);
#46=ITEM_DEFINED_TRANSFORMATION(' ',' ',#3999,#4441);
#47=ITEM_DEFINED_TRANSFORMATION(' ',' ',#3999,#4442);
#48=SHAPE_REPRESENTATION_RELATIONSHIP('','',#3993,#53);
#49=SHAPE_REPRESENTATION_RELATIONSHIP('','',#3995,#54);
#50=SHAPE_REPRESENTATION_RELATIONSHIP('','',#3996,#55);
#51=SHAPE_REPRESENTATION_RELATIONSHIP('','',#3997,#56);
#52=SHAPE_REPRESENTATION_RELATIONSHIP('','',#3998,#57);
#53=ADVANCED_BREP_SHAPE_REPRESENTATION('',(#3982),#6933);
#54=ADVANCED_BREP_SHAPE_REPRESENTATION('',(#3983),#6934);
#55=ADVANCED_BREP_SHAPE_REPRESENTATION('',(#3984),#6935);
#56=ADVANCED_BREP_SHAPE_REPRESENTATION('',(#3985),#6936);
#57=ADVANCED_BREP_SHAPE_REPRESENTATION('',(#3986),#6937);
#58=SPHERICAL_SURFACE('',#4141,0.5);
#59=SPHERICAL_SURFACE('',#4148,0.5);
#60=SPHERICAL_SURFACE('',#4150,0.5);
#61=SPHERICAL_SURFACE('',#4156,0.5);
#62=SPHERICAL_SURFACE('',#4323,0.0999999999999999);
#63=SPHERICAL_SURFACE('',#4332,0.0999999999999999);
#64=TOROIDAL_SURFACE('',#4077,3.575,0.5);
#65=TOROIDAL_SURFACE('',#4091,3.575,0.95);
#66=TOROIDAL_SURFACE('',#4113,9.55,0.5);
#67=TOROIDAL_SURFACE('',#4114,9.55,0.05);
#68=TOROIDAL_SURFACE('',#4124,9.55,0.5);
#69=TOROIDAL_SURFACE('',#4125,9.55,0.05);
#70=TOROIDAL_SURFACE('',#4144,9.55,0.5);
#71=TOROIDAL_SURFACE('',#4154,9.55,0.5);
#72=TOROIDAL_SURFACE('',#4258,5.1,0.0999999999999999);
#73=TOROIDAL_SURFACE('',#4262,5.1,0.0999999999999999);
#74=TOROIDAL_SURFACE('',#4321,4.9,0.0999999999999999);
#75=TOROIDAL_SURFACE('',#4326,4.9,0.0999999999999999);
#76=TOROIDAL_SURFACE('',#4334,0.2,0.0999999999999999);
#77=TOROIDAL_SURFACE('',#4340,0.2,0.0999999999999999);
#78=TOROIDAL_SURFACE('',#4341,9.64,0.5);
#79=TOROIDAL_SURFACE('',#4352,9.64,0.5);
#80=TOROIDAL_SURFACE('',#4354,9.64,0.5);
#81=TOROIDAL_SURFACE('',#4365,9.64,0.5);
#82=TOROIDAL_SURFACE('',#4367,5.1,0.6);
#83=TOROIDAL_SURFACE('',#4369,5.1,0.6);
#84=PLANE('',#4035);
#85=PLANE('',#4036);
#86=PLANE('',#4037);
#87=PLANE('',#4038);
#88=PLANE('',#4039);
#89=PLANE('',#4040);
#90=PLANE('',#4041);
#91=PLANE('',#4042);
#92=PLANE('',#4043);
#93=PLANE('',#4044);
#94=PLANE('',#4045);
#95=PLANE('',#4047);
#96=PLANE('',#4048);
#97=PLANE('',#4049);
#98=PLANE('',#4059);
#99=PLANE('',#4065);
#100=PLANE('',#4068);
#101=PLANE('',#4075);
#102=PLANE('',#4082);
#103=PLANE('',#4087);
#104=PLANE('',#4092);
#105=PLANE('',#4093);
#106=PLANE('',#4097);
#107=PLANE('',#4098);
#108=PLANE('',#4099);
#109=PLANE('',#4103);
#110=PLANE('',#4104);
#111=PLANE('',#4109);
#112=PLANE('',#4111);
#113=PLANE('',#4112);
#114=PLANE('',#4115);
#115=PLANE('',#4119);
#116=PLANE('',#4121);
#117=PLANE('',#4122);
#118=PLANE('',#4126);
#119=PLANE('',#4127);
#120=PLANE('',#4129);
#121=PLANE('',#4130);
#122=PLANE('',#4131);
#123=PLANE('',#4132);
#124=PLANE('',#4134);
#125=PLANE('',#4136);
#126=PLANE('',#4138);
#127=PLANE('',#4157);
#128=PLANE('',#4158);
#129=PLANE('',#4159);
#130=PLANE('',#4160);
#131=PLANE('',#4176);
#132=PLANE('',#4177);
#133=PLANE('',#4182);
#134=PLANE('',#4184);
#135=PLANE('',#4189);
#136=PLANE('',#4190);
#137=PLANE('',#4191);
#138=PLANE('',#4200);
#139=PLANE('',#4209);
#140=PLANE('',#4210);
#141=PLANE('',#4211);
#142=PLANE('',#4212);
#143=PLANE('',#4213);
#144=PLANE('',#4214);
#145=PLANE('',#4228);
#146=PLANE('',#4229);
#147=PLANE('',#4230);
#148=PLANE('',#4231);
#149=PLANE('',#4240);
#150=PLANE('',#4249);
#151=PLANE('',#4268);
#152=PLANE('',#4272);
#153=PLANE('',#4278);
#154=PLANE('',#4285);
#155=PLANE('',#4290);
#156=PLANE('',#4295);
#157=PLANE('',#4300);
#158=PLANE('',#4303);
#159=PLANE('',#4315);
#160=PLANE('',#4318);
#161=PLANE('',#4319);
#162=PLANE('',#4372);
#163=PLANE('',#4376);
#164=PLANE('',#4380);
#165=PLANE('',#4383);
#166=PLANE('',#4387);
#167=PLANE('',#4390);
#168=PLANE('',#4392);
#169=PLANE('',#4394);
#170=PLANE('',#4395);
#171=PLANE('',#4399);
#172=PLANE('',#4400);
#173=PLANE('',#4401);
#174=PLANE('',#4402);
#175=PLANE('',#4407);
#176=PLANE('',#4409);
#177=PLANE('',#4417);
#178=PLANE('',#4419);
#179=PLANE('',#4420);
#180=PLANE('',#4422);
#181=PLANE('',#4425);
#182=PLANE('',#4426);
#183=PLANE('',#4430);
#184=PLANE('',#4434);
#185=PLANE('',#4438);
#186=PLANE('',#4439);
#187=PLANE('',#4440);
#188=ELLIPSE('',#4031,2.82842712474619,2.);
#189=ELLIPSE('',#4137,2.82842712474619,2.);
#190=LINE('',#5650,#499);
#191=LINE('',#5652,#500);
#192=LINE('',#5656,#501);
#193=LINE('',#5658,#502);
#194=LINE('',#5667,#503);
#195=LINE('',#5671,#504);
#196=LINE('',#5689,#505);
#197=LINE('',#5699,#506);
#198=LINE('',#5703,#507);
#199=LINE('',#5712,#508);
#200=LINE('',#5714,#509);
#201=LINE('',#5718,#510);
#202=LINE('',#5744,#511);
#203=LINE('',#5748,#512);
#204=LINE('',#5757,#513);
#205=LINE('',#5761,#514);
#206=LINE('',#5779,#515);
#207=LINE('',#5789,#516);
#208=LINE('',#5793,#517);
#209=LINE('',#5802,#518);
#210=LINE('',#5825,#519);
#211=LINE('',#5831,#520);
#212=LINE('',#5836,#521);
#213=LINE('',#5840,#522);
#214=LINE('',#5842,#523);
#215=LINE('',#5845,#524);
#216=LINE('',#5847,#525);
#217=LINE('',#5849,#526);
#218=LINE('',#5851,#527);
#219=LINE('',#5854,#528);
#220=LINE('',#5856,#529);
#221=LINE('',#5858,#530);
#222=LINE('',#5859,#531);
#223=LINE('',#5861,#532);
#224=LINE('',#5863,#533);
#225=LINE('',#5865,#534);
#226=LINE('',#5866,#535);
#227=LINE('',#5868,#536);
#228=LINE('',#5870,#537);
#229=LINE('',#5872,#538);
#230=LINE('',#5874,#539);
#231=LINE('',#5876,#540);
#232=LINE('',#5878,#541);
#233=LINE('',#5880,#542);
#234=LINE('',#5882,#543);
#235=LINE('',#5884,#544);
#236=LINE('',#5885,#545);
#237=LINE('',#5887,#546);
#238=LINE('',#5888,#547);
#239=LINE('',#5890,#548);
#240=LINE('',#5895,#549);
#241=LINE('',#5897,#550);
#242=LINE('',#5899,#551);
#243=LINE('',#5901,#552);
#244=LINE('',#5904,#553);
#245=LINE('',#5906,#554);
#246=LINE('',#5908,#555);
#247=LINE('',#5909,#556);
#248=LINE('',#5911,#557);
#249=LINE('',#5913,#558);
#250=LINE('',#5915,#559);
#251=LINE('',#5917,#560);
#252=LINE('',#5920,#561);
#253=LINE('',#5922,#562);
#254=LINE('',#5924,#563);
#255=LINE('',#5925,#564);
#256=LINE('',#5928,#565);
#257=LINE('',#5930,#566);
#258=LINE('',#5932,#567);
#259=LINE('',#5934,#568);
#260=LINE('',#5935,#569);
#261=LINE('',#5937,#570);
#262=LINE('',#5940,#571);
#263=LINE('',#5948,#572);
#264=LINE('',#5952,#573);
#265=LINE('',#5954,#574);
#266=LINE('',#5956,#575);
#267=LINE('',#5963,#576);
#268=LINE('',#5966,#577);
#269=LINE('',#5969,#578);
#270=LINE('',#5971,#579);
#271=LINE('',#5976,#580);
#272=LINE('',#5995,#581);
#273=LINE('',#5997,#582);
#274=LINE('',#5999,#583);
#275=LINE('',#6012,#584);
#276=LINE('',#6018,#585);
#277=LINE('',#6023,#586);
#278=LINE('',#6027,#587);
#279=LINE('',#6031,#588);
#280=LINE('',#6037,#589);
#281=LINE('',#6043,#590);
#282=LINE('',#6048,#591);
#283=LINE('',#6052,#592);
#284=LINE('',#6056,#593);
#285=LINE('',#6062,#594);
#286=LINE('',#6067,#595);
#287=LINE('',#6071,#596);
#288=LINE('',#6075,#597);
#289=LINE('',#6076,#598);
#290=LINE('',#6078,#599);
#291=LINE('',#6080,#600);
#292=LINE('',#6102,#601);
#293=LINE('',#6107,#602);
#294=LINE('',#6111,#603);
#295=LINE('',#6115,#604);
#296=LINE('',#6116,#605);
#297=LINE('',#6118,#606);
#298=LINE('',#6133,#607);
#299=LINE('',#6142,#608);
#300=LINE('',#6144,#609);
#301=LINE('',#6145,#610);
#302=LINE('',#6147,#611);
#303=LINE('',#6151,#612);
#304=LINE('',#6152,#613);
#305=LINE('',#6154,#614);
#306=LINE('',#6156,#615);
#307=LINE('',#6158,#616);
#308=LINE('',#6160,#617);
#309=LINE('',#6162,#618);
#310=LINE('',#6164,#619);
#311=LINE('',#6166,#620);
#312=LINE('',#6168,#621);
#313=LINE('',#6174,#622);
#314=LINE('',#6197,#623);
#315=LINE('',#6198,#624);
#316=LINE('',#6200,#625);
#317=LINE('',#6201,#626);
#318=LINE('',#6203,#627);
#319=LINE('',#6204,#628);
#320=LINE('',#6206,#629);
#321=LINE('',#6207,#630);
#322=LINE('',#6245,#631);
#323=LINE('',#6248,#632);
#324=LINE('',#6250,#633);
#325=LINE('',#6252,#634);
#326=LINE('',#6254,#635);
#327=LINE('',#6257,#636);
#328=LINE('',#6259,#637);
#329=LINE('',#6261,#638);
#330=LINE('',#6266,#639);
#331=LINE('',#6272,#640);
#332=LINE('',#6278,#641);
#333=LINE('',#6283,#642);
#334=LINE('',#6285,#643);
#335=LINE('',#6287,#644);
#336=LINE('',#6293,#645);
#337=LINE('',#6299,#646);
#338=LINE('',#6305,#647);
#339=LINE('',#6311,#648);
#340=LINE('',#6315,#649);
#341=LINE('',#6322,#650);
#342=LINE('',#6324,#651);
#343=LINE('',#6326,#652);
#344=LINE('',#6328,#653);
#345=LINE('',#6330,#654);
#346=LINE('',#6332,#655);
#347=LINE('',#6334,#656);
#348=LINE('',#6336,#657);
#349=LINE('',#6338,#658);
#350=LINE('',#6345,#659);
#351=LINE('',#6352,#660);
#352=LINE('',#6354,#661);
#353=LINE('',#6356,#662);
#354=LINE('',#6358,#663);
#355=LINE('',#6360,#664);
#356=LINE('',#6362,#665);
#357=LINE('',#6364,#666);
#358=LINE('',#6366,#667);
#359=LINE('',#6368,#668);
#360=LINE('',#6375,#669);
#361=LINE('',#6378,#670);
#362=LINE('',#6380,#671);
#363=LINE('',#6382,#672);
#364=LINE('',#6387,#673);
#365=LINE('',#6391,#674);
#366=LINE('',#6395,#675);
#367=LINE('',#6396,#676);
#368=LINE('',#6401,#677);
#369=LINE('',#6405,#678);
#370=LINE('',#6409,#679);
#371=LINE('',#6415,#680);
#372=LINE('',#6421,#681);
#373=LINE('',#6425,#682);
#374=LINE('',#6430,#683);
#375=LINE('',#6432,#684);
#376=LINE('',#6434,#685);
#377=LINE('',#6436,#686);
#378=LINE('',#6439,#687);
#379=LINE('',#6440,#688);
#380=LINE('',#6442,#689);
#381=LINE('',#6445,#690);
#382=LINE('',#6447,#691);
#383=LINE('',#6448,#692);
#384=LINE('',#6450,#693);
#385=LINE('',#6452,#694);
#386=LINE('',#6455,#695);
#387=LINE('',#6457,#696);
#388=LINE('',#6459,#697);
#389=LINE('',#6460,#698);
#390=LINE('',#6464,#699);
#391=LINE('',#6470,#700);
#392=LINE('',#6476,#701);
#393=LINE('',#6481,#702);
#394=LINE('',#6485,#703);
#395=LINE('',#6488,#704);
#396=LINE('',#6493,#705);
#397=LINE('',#6497,#706);
#398=LINE('',#6501,#707);
#399=LINE('',#6505,#708);
#400=LINE('',#6510,#709);
#401=LINE('',#6514,#710);
#402=LINE('',#6519,#711);
#403=LINE('',#6524,#712);
#404=LINE('',#6528,#713);
#405=LINE('',#6532,#714);
#406=LINE('',#6560,#715);
#407=LINE('',#6564,#716);
#408=LINE('',#6569,#717);
#409=LINE('',#6576,#718);
#410=LINE('',#6583,#719);
#411=LINE('',#6584,#720);
#412=LINE('',#6586,#721);
#413=LINE('',#6588,#722);
#414=LINE('',#6592,#723);
#415=LINE('',#6596,#724);
#416=LINE('',#6600,#725);
#417=LINE('',#6602,#726);
#418=LINE('',#6604,#727);
#419=LINE('',#6608,#728);
#420=LINE('',#6615,#729);
#421=LINE('',#6619,#730);
#422=LINE('',#6623,#731);
#423=LINE('',#6625,#732);
#424=LINE('',#6627,#733);
#425=LINE('',#6633,#734);
#426=LINE('',#6635,#735);
#427=LINE('',#6637,#736);
#428=LINE('',#6645,#737);
#429=LINE('',#6654,#738);
#430=LINE('',#6659,#739);
#431=LINE('',#6663,#740);
#432=LINE('',#6666,#741);
#433=LINE('',#6670,#742);
#434=LINE('',#6673,#743);
#435=LINE('',#6675,#744);
#436=LINE('',#6677,#745);
#437=LINE('',#6679,#746);
#438=LINE('',#6681,#747);
#439=LINE('',#6689,#748);
#440=LINE('',#6691,#749);
#441=LINE('',#6726,#750);
#442=LINE('',#6744,#751);
#443=LINE('',#6778,#752);
#444=LINE('',#6779,#753);
#445=LINE('',#6784,#754);
#446=LINE('',#6791,#755);
#447=LINE('',#6795,#756);
#448=LINE('',#6797,#757);
#449=LINE('',#6799,#758);
#450=LINE('',#6802,#759);
#451=LINE('',#6804,#760);
#452=LINE('',#6808,#761);
#453=LINE('',#6810,#762);
#454=LINE('',#6813,#763);
#455=LINE('',#6815,#764);
#456=LINE('',#6818,#765);
#457=LINE('',#6819,#766);
#458=LINE('',#6821,#767);
#459=LINE('',#6823,#768);
#460=LINE('',#6825,#769);
#461=LINE('',#6830,#770);
#462=LINE('',#6831,#771);
#463=LINE('',#6833,#772);
#464=LINE('',#6834,#773);
#465=LINE('',#6836,#774);
#466=LINE('',#6837,#775);
#467=LINE('',#6839,#776);
#468=LINE('',#6840,#777);
#469=LINE('',#6847,#778);
#470=LINE('',#6848,#779);
#471=LINE('',#6850,#780);
#472=LINE('',#6852,#781);
#473=LINE('',#6856,#782);
#474=LINE('',#6858,#783);
#475=LINE('',#6862,#784);
#476=LINE('',#6866,#785);
#477=LINE('',#6868,#786);
#478=LINE('',#6870,#787);
#479=LINE('',#6872,#788);
#480=LINE('',#6876,#789);
#481=LINE('',#6880,#790);
#482=LINE('',#6883,#791);
#483=LINE('',#6885,#792);
#484=LINE('',#6887,#793);
#485=LINE('',#6889,#794);
#486=LINE('',#6892,#795);
#487=LINE('',#6894,#796);
#488=LINE('',#6896,#797);
#489=LINE('',#6901,#798);
#490=LINE('',#6905,#799);
#491=LINE('',#6907,#800);
#492=LINE('',#6909,#801);
#493=LINE('',#6911,#802);
#494=LINE('',#6915,#803);
#495=LINE('',#6919,#804);
#496=LINE('',#6920,#805);
#497=LINE('',#6925,#806);
#498=LINE('',#6927,#807);
#499=VECTOR('',#4449,1000.);
#500=VECTOR('',#4450,1000.);
#501=VECTOR('',#4453,1000.);
#502=VECTOR('',#4454,1000.);
#503=VECTOR('',#4457,1000.);
#504=VECTOR('',#4460,1000.);
#505=VECTOR('',#4467,1000.);
#506=VECTOR('',#4470,1000.);
#507=VECTOR('',#4473,1000.);
#508=VECTOR('',#4476,1000.);
#509=VECTOR('',#4477,1000.);
#510=VECTOR('',#4480,1000.);
#511=VECTOR('',#4489,1000.);
#512=VECTOR('',#4492,1000.);
#513=VECTOR('',#4495,1000.);
#514=VECTOR('',#4498,1000.);
#515=VECTOR('',#4505,1000.);
#516=VECTOR('',#4508,1000.);
#517=VECTOR('',#4511,1000.);
#518=VECTOR('',#4514,1000.);
#519=VECTOR('',#4525,1000.);
#520=VECTOR('',#4530,1000.);
#521=VECTOR('',#4535,1000.);
#522=VECTOR('',#4538,1000.);
#523=VECTOR('',#4541,1000.);
#524=VECTOR('',#4542,1000.);
#525=VECTOR('',#4543,1000.);
#526=VECTOR('',#4544,1000.);
#527=VECTOR('',#4547,1000.);
#528=VECTOR('',#4548,1000.);
#529=VECTOR('',#4549,1000.);
#530=VECTOR('',#4550,1000.);
#531=VECTOR('',#4551,1000.);
#532=VECTOR('',#4554,1000.);
#533=VECTOR('',#4555,1000.);
#534=VECTOR('',#4556,1000.);
#535=VECTOR('',#4557,1000.);
#536=VECTOR('',#4560,1000.);
#537=VECTOR('',#4561,1000.);
#538=VECTOR('',#4564,1000.);
#539=VECTOR('',#4567,1000.);
#540=VECTOR('',#4570,1000.);
#541=VECTOR('',#4573,1000.);
#542=VECTOR('',#4574,1000.);
#543=VECTOR('',#4575,1000.);
#544=VECTOR('',#4578,1000.);
#545=VECTOR('',#4579,1000.);
#546=VECTOR('',#4582,1000.);
#547=VECTOR('',#4583,1000.);
#548=VECTOR('',#4586,1000.);
#549=VECTOR('',#4589,1000.);
#550=VECTOR('',#4590,1000.);
#551=VECTOR('',#4591,1000.);
#552=VECTOR('',#4594,1000.);
#553=VECTOR('',#4595,1000.);
#554=VECTOR('',#4596,1000.);
#555=VECTOR('',#4597,1000.);
#556=VECTOR('',#4598,1000.);
#557=VECTOR('',#4599,1000.);
#558=VECTOR('',#4600,1000.);
#559=VECTOR('',#4601,1000.);
#560=VECTOR('',#4604,1000.);
#561=VECTOR('',#4605,1000.);
#562=VECTOR('',#4606,1000.);
#563=VECTOR('',#4607,1000.);
#564=VECTOR('',#4608,1000.);
#565=VECTOR('',#4609,1000.);
#566=VECTOR('',#4610,1000.);
#567=VECTOR('',#4611,1000.);
#568=VECTOR('',#4612,1000.);
#569=VECTOR('',#4613,1000.);
#570=VECTOR('',#4616,1000.);
#571=VECTOR('',#4621,1000.);
#572=VECTOR('',#4634,1000.);
#573=VECTOR('',#4639,1000.);
#574=VECTOR('',#4640,1000.);
#575=VECTOR('',#4641,1000.);
#576=VECTOR('',#4654,1000.);
#577=VECTOR('',#4657,1000.);
#578=VECTOR('',#4660,1000.);
#579=VECTOR('',#4663,1000.);
#580=VECTOR('',#4666,1000.);
#581=VECTOR('',#4691,1000.);
#582=VECTOR('',#4694,1000.);
#583=VECTOR('',#4695,1000.);
#584=VECTOR('',#4716,1000.);
#585=VECTOR('',#4719,1000.);
#586=VECTOR('',#4722,1000.);
#587=VECTOR('',#4725,1000.);
#588=VECTOR('',#4730,1000.);
#589=VECTOR('',#4733,1000.);
#590=VECTOR('',#4736,1000.);
#591=VECTOR('',#4739,1000.);
#592=VECTOR('',#4742,1000.);
#593=VECTOR('',#4747,1000.);
#594=VECTOR('',#4750,1000.);
#595=VECTOR('',#4753,1000.);
#596=VECTOR('',#4756,1000.);
#597=VECTOR('',#4761,1000.);
#598=VECTOR('',#4762,1000.);
#599=VECTOR('',#4765,1000.);
#600=VECTOR('',#4768,1000.);
#601=VECTOR('',#4779,1000.);
#602=VECTOR('',#4782,1000.);
#603=VECTOR('',#4785,1000.);
#604=VECTOR('',#4790,1000.);
#605=VECTOR('',#4791,1000.);
#606=VECTOR('',#4794,1000.);
#607=VECTOR('',#4799,1000.);
#608=VECTOR('',#4808,1000.);
#609=VECTOR('',#4811,1000.);
#610=VECTOR('',#4812,1000.);
#611=VECTOR('',#4813,1000.);
#612=VECTOR('',#4818,1000.);
#613=VECTOR('',#4819,1000.);
#614=VECTOR('',#4820,1000.);
#615=VECTOR('',#4821,1000.);
#616=VECTOR('',#4824,1000.);
#617=VECTOR('',#4825,1000.);
#618=VECTOR('',#4826,1000.);
#619=VECTOR('',#4829,1000.);
#620=VECTOR('',#4830,1000.);
#621=VECTOR('',#4831,1000.);
#622=VECTOR('',#4840,1000.);
#623=VECTOR('',#4885,1000.);
#624=VECTOR('',#4886,1000.);
#625=VECTOR('',#4889,1000.);
#626=VECTOR('',#4890,1000.);
#627=VECTOR('',#4893,1000.);
#628=VECTOR('',#4894,1000.);
#629=VECTOR('',#4897,1000.);
#630=VECTOR('',#4898,1000.);
#631=VECTOR('',#4957,1000.);
#632=VECTOR('',#4958,1000.);
#633=VECTOR('',#4959,1000.);
#634=VECTOR('',#4960,1000.);
#635=VECTOR('',#4963,1000.);
#636=VECTOR('',#4964,1000.);
#637=VECTOR('',#4965,1000.);
#638=VECTOR('',#4966,1000.);
#639=VECTOR('',#4971,1000.);
#640=VECTOR('',#4976,1000.);
#641=VECTOR('',#4981,1000.);
#642=VECTOR('',#4986,1000.);
#643=VECTOR('',#4987,1000.);
#644=VECTOR('',#4988,1000.);
#645=VECTOR('',#4995,1000.);
#646=VECTOR('',#5000,1000.);
#647=VECTOR('',#5005,1000.);
#648=VECTOR('',#5010,1000.);
#649=VECTOR('',#5015,1000.);
#650=VECTOR('',#5016,1000.);
#651=VECTOR('',#5017,1000.);
#652=VECTOR('',#5018,1000.);
#653=VECTOR('',#5019,1000.);
#654=VECTOR('',#5022,1000.);
#655=VECTOR('',#5023,1000.);
#656=VECTOR('',#5024,1000.);
#657=VECTOR('',#5025,1000.);
#658=VECTOR('',#5026,1000.);
#659=VECTOR('',#5029,1000.);
#660=VECTOR('',#5030,1000.);
#661=VECTOR('',#5031,1000.);
#662=VECTOR('',#5032,1000.);
#663=VECTOR('',#5033,1000.);
#664=VECTOR('',#5036,1000.);
#665=VECTOR('',#5037,1000.);
#666=VECTOR('',#5038,1000.);
#667=VECTOR('',#5039,1000.);
#668=VECTOR('',#5040,1000.);
#669=VECTOR('',#5043,1000.);
#670=VECTOR('',#5044,1000.);
#671=VECTOR('',#5045,1000.);
#672=VECTOR('',#5046,1000.);
#673=VECTOR('',#5051,1000.);
#674=VECTOR('',#5054,1000.);
#675=VECTOR('',#5057,1000.);
#676=VECTOR('',#5058,1000.);
#677=VECTOR('',#5061,1000.);
#678=VECTOR('',#5064,1000.);
#679=VECTOR('',#5067,1000.);
#680=VECTOR('',#5072,1000.);
#681=VECTOR('',#5077,1000.);
#682=VECTOR('',#5080,1000.);
#683=VECTOR('',#5087,1000.);
#684=VECTOR('',#5088,1000.);
#685=VECTOR('',#5089,1000.);
#686=VECTOR('',#5092,1000.);
#687=VECTOR('',#5093,1000.);
#688=VECTOR('',#5094,1000.);
#689=VECTOR('',#5097,1000.);
#690=VECTOR('',#5098,1000.);
#691=VECTOR('',#5099,1000.);
#692=VECTOR('',#5100,1000.);
#693=VECTOR('',#5101,1000.);
#694=VECTOR('',#5104,1000.);
#695=VECTOR('',#5105,1000.);
#696=VECTOR('',#5106,1000.);
#697=VECTOR('',#5107,1000.);
#698=VECTOR('',#5108,1000.);
#699=VECTOR('',#5113,1000.);
#700=VECTOR('',#5122,1000.);
#701=VECTOR('',#5131,1000.);
#702=VECTOR('',#5134,1000.);
#703=VECTOR('',#5137,1000.);
#704=VECTOR('',#5140,1000.);
#705=VECTOR('',#5143,1000.);
#706=VECTOR('',#5146,1000.);
#707=VECTOR('',#5149,1000.);
#708=VECTOR('',#5154,1000.);
#709=VECTOR('',#5157,1000.);
#710=VECTOR('',#5160,1000.);
#711=VECTOR('',#5165,1000.);
#712=VECTOR('',#5168,1000.);
#713=VECTOR('',#5171,1000.);
#714=VECTOR('',#5174,1000.);
#715=VECTOR('',#5195,1000.);
#716=VECTOR('',#5198,1000.);
#717=VECTOR('',#5205,1000.);
#718=VECTOR('',#5214,1000.);
#719=VECTOR('',#5221,1000.);
#720=VECTOR('',#5222,1000.);
#721=VECTOR('',#5225,1000.);
#722=VECTOR('',#5226,1000.);
#723=VECTOR('',#5231,1000.);
#724=VECTOR('',#5236,1000.);
#725=VECTOR('',#5241,1000.);
#726=VECTOR('',#5244,1000.);
#727=VECTOR('',#5245,1000.);
#728=VECTOR('',#5250,1000.);
#729=VECTOR('',#5259,1000.);
#730=VECTOR('',#5262,1000.);
#731=VECTOR('',#5267,1000.);
#732=VECTOR('',#5270,1000.);
#733=VECTOR('',#5271,1000.);
#734=VECTOR('',#5280,1000.);
#735=VECTOR('',#5283,1000.);
#736=VECTOR('',#5284,1000.);
#737=VECTOR('',#5295,1000.);
#738=VECTOR('',#5304,1000.);
#739=VECTOR('',#5309,1000.);
#740=VECTOR('',#5312,1000.);
#741=VECTOR('',#5315,1000.);
#742=VECTOR('',#5320,1000.);
#743=VECTOR('',#5321,1000.);
#744=VECTOR('',#5322,1000.);
#745=VECTOR('',#5323,1000.);
#746=VECTOR('',#5326,1000.);
#747=VECTOR('',#5327,1000.);
#748=VECTOR('',#5332,1000.);
#749=VECTOR('',#5335,1000.);
#750=VECTOR('',#5392,1000.);
#751=VECTOR('',#5421,1000.);
#752=VECTOR('',#5442,1000.);
#753=VECTOR('',#5443,1000.);
#754=VECTOR('',#5450,1000.);
#755=VECTOR('',#5459,1000.);
#756=VECTOR('',#5464,1000.);
#757=VECTOR('',#5465,1000.);
#758=VECTOR('',#5466,1000.);
#759=VECTOR('',#5471,1000.);
#760=VECTOR('',#5474,1000.);
#761=VECTOR('',#5481,1000.);
#762=VECTOR('',#5484,1000.);
#763=VECTOR('',#5489,1000.);
#764=VECTOR('',#5492,1000.);
#765=VECTOR('',#5497,1000.);
#766=VECTOR('',#5498,1000.);
#767=VECTOR('',#5501,1000.);
#768=VECTOR('',#5504,1000.);
#769=VECTOR('',#5507,1000.);
#770=VECTOR('',#5516,1000.);
#771=VECTOR('',#5517,1000.);
#772=VECTOR('',#5520,1000.);
#773=VECTOR('',#5521,1000.);
#774=VECTOR('',#5524,1000.);
#775=VECTOR('',#5525,1000.);
#776=VECTOR('',#5528,1000.);
#777=VECTOR('',#5529,1000.);
#778=VECTOR('',#5542,1000.);
#779=VECTOR('',#5543,1000.);
#780=VECTOR('',#5546,1000.);
#781=VECTOR('',#5549,1000.);
#782=VECTOR('',#5556,1000.);
#783=VECTOR('',#5559,1000.);
#784=VECTOR('',#5566,1000.);
#785=VECTOR('',#5569,1000.);
#786=VECTOR('',#5572,1000.);
#787=VECTOR('',#5573,1000.);
#788=VECTOR('',#5576,1000.);
#789=VECTOR('',#5581,1000.);
#790=VECTOR('',#5588,1000.);
#791=VECTOR('',#5589,1000.);
#792=VECTOR('',#5590,1000.);
#793=VECTOR('',#5591,1000.);
#794=VECTOR('',#5594,1000.);
#795=VECTOR('',#5595,1000.);
#796=VECTOR('',#5596,1000.);
#797=VECTOR('',#5597,1000.);
#798=VECTOR('',#5602,1000.);
#799=VECTOR('',#5605,1000.);
#800=VECTOR('',#5608,1000.);
#801=VECTOR('',#5609,1000.);
#802=VECTOR('',#5610,1000.);
#803=VECTOR('',#5615,1000.);
#804=VECTOR('',#5620,1000.);
#805=VECTOR('',#5621,1000.);
#806=VECTOR('',#5630,1000.);
#807=VECTOR('',#5633,1000.);
#808=B_SPLINE_CURVE_WITH_KNOTS('',3,(#5645,#5646,#5647,#5648),
 .UNSPECIFIED.,.F.,.F.,(4,4),(0.,0.00039845376307621),.UNSPECIFIED.);
#809=B_SPLINE_CURVE_WITH_KNOTS('',3,(#5660,#5661,#5662,#5663),
 .UNSPECIFIED.,.F.,.F.,(4,4),(0.,0.000398449056780982),.UNSPECIFIED.);
#810=B_SPLINE_CURVE_WITH_KNOTS('',3,(#5675,#5676,#5677,#5678,#5679),
 .UNSPECIFIED.,.F.,.F.,(4,1,4),(0.,0.000783052824313022,0.00156610564862604),
 .UNSPECIFIED.);
#811=B_SPLINE_CURVE_WITH_KNOTS('',3,(#5683,#5684,#5685,#5686,#5687),
 .UNSPECIFIED.,.F.,.F.,(4,1,4),(3.25260651745651E-19,0.000783050478287794,
0.00156610095657559),.UNSPECIFIED.);
#812=B_SPLINE_CURVE_WITH_KNOTS('',3,(#5692,#5693,#5694,#5695),
 .UNSPECIFIED.,.F.,.F.,(4,4),(0.,0.000398449056780982),.UNSPECIFIED.);
#813=B_SPLINE_CURVE_WITH_KNOTS('',3,(#5707,#5708,#5709,#5710),
 .UNSPECIFIED.,.F.,.F.,(4,4),(0.,0.00039845376307621),.UNSPECIFIED.);
#814=B_SPLINE_CURVE_WITH_KNOTS('',3,(#5722,#5723,#5724,#5725,#5726),
 .UNSPECIFIED.,.F.,.F.,(4,1,4),(8.94056015336375E-19,0.000783052824313022,
0.00156610564862604),.UNSPECIFIED.);
#815=B_SPLINE_CURVE_WITH_KNOTS('',3,(#5730,#5731,#5732,#5733,#5734),
 .UNSPECIFIED.,.F.,.F.,(4,1,4),(3.25260651745651E-19,0.000783050478287794,
0.00156610095657559),.UNSPECIFIED.);
#816=B_SPLINE_CURVE_WITH_KNOTS('',3,(#5739,#5740,#5741,#5742),
 .UNSPECIFIED.,.F.,.F.,(4,4),(0.,0.00039771898505021),.UNSPECIFIED.);
#817=B_SPLINE_CURVE_WITH_KNOTS('',3,(#5750,#5751,#5752,#5753),
 .UNSPECIFIED.,.F.,.F.,(4,4),(0.,0.00039771396424083),.UNSPECIFIED.);
#818=B_SPLINE_CURVE_WITH_KNOTS('',3,(#5765,#5766,#5767,#5768,#5769),
 .UNSPECIFIED.,.F.,.F.,(4,1,4),(3.25260651745651E-19,0.000782876060574763,
0.00156575212114952),.UNSPECIFIED.);
#819=B_SPLINE_CURVE_WITH_KNOTS('',3,(#5773,#5774,#5775,#5776,#5777),
 .UNSPECIFIED.,.F.,.F.,(4,1,4),(0.,0.000782878243884787,0.00156575648776957),
 .UNSPECIFIED.);
#820=B_SPLINE_CURVE_WITH_KNOTS('',3,(#5782,#5783,#5784,#5785),
 .UNSPECIFIED.,.F.,.F.,(4,4),(0.,0.00039771396424083),.UNSPECIFIED.);
#821=B_SPLINE_CURVE_WITH_KNOTS('',3,(#5797,#5798,#5799,#5800),
 .UNSPECIFIED.,.F.,.F.,(4,4),(0.,0.00039771898505021),.UNSPECIFIED.);
#822=B_SPLINE_CURVE_WITH_KNOTS('',3,(#5808,#5809,#5810,#5811,#5812),
 .UNSPECIFIED.,.F.,.F.,(4,1,4),(8.94056015336375E-19,0.000782878243884788,
0.00156575648776957),.UNSPECIFIED.);
#823=B_SPLINE_CURVE_WITH_KNOTS('',3,(#5816,#5817,#5818,#5819,#5820),
 .UNSPECIFIED.,.F.,.F.,(4,1,4),(3.25260651745651E-19,0.000782876060574763,
0.00156575212114953),.UNSPECIFIED.);
#824=B_SPLINE_CURVE_WITH_KNOTS('',3,(#6013,#6014,#6015,#6016),
 .UNSPECIFIED.,.F.,.F.,(4,4),(0.,0.000742942840113914),.UNSPECIFIED.);
#825=B_SPLINE_CURVE_WITH_KNOTS('',3,(#6032,#6033,#6034,#6035),
 .UNSPECIFIED.,.F.,.F.,(4,4),(0.,0.000743235671851475),.UNSPECIFIED.);
#826=B_SPLINE_CURVE_WITH_KNOTS('',3,(#6038,#6039,#6040,#6041),
 .UNSPECIFIED.,.F.,.F.,(4,4),(0.,0.00074294284011391),.UNSPECIFIED.);
#827=B_SPLINE_CURVE_WITH_KNOTS('',3,(#6057,#6058,#6059,#6060),
 .UNSPECIFIED.,.F.,.F.,(4,4),(0.,0.000743235671851467),.UNSPECIFIED.);
#828=B_SPLINE_CURVE_WITH_KNOTS('',3,(#6082,#6083,#6084,#6085),
 .UNSPECIFIED.,.F.,.F.,(4,4),(0.,5.18573025125242E-5),.UNSPECIFIED.);
#829=B_SPLINE_CURVE_WITH_KNOTS('',3,(#6086,#6087,#6088,#6089),
 .UNSPECIFIED.,.F.,.F.,(4,4),(0.,7.95200215446568E-5),.UNSPECIFIED.);
#830=B_SPLINE_CURVE_WITH_KNOTS('',3,(#6091,#6092,#6093,#6094),
 .UNSPECIFIED.,.F.,.F.,(4,4),(0.,5.18573025125242E-5),.UNSPECIFIED.);
#831=B_SPLINE_CURVE_WITH_KNOTS('',3,(#6095,#6096,#6097,#6098),
 .UNSPECIFIED.,.F.,.F.,(4,4),(0.,7.95212047986093E-5),.UNSPECIFIED.);
#832=B_SPLINE_CURVE_WITH_KNOTS('',3,(#6120,#6121,#6122,#6123),
 .UNSPECIFIED.,.F.,.F.,(4,4),(0.,5.18573025125242E-5),.UNSPECIFIED.);
#833=B_SPLINE_CURVE_WITH_KNOTS('',3,(#6124,#6125,#6126,#6127),
 .UNSPECIFIED.,.F.,.F.,(4,4),(0.,7.95200215446625E-5),.UNSPECIFIED.);
#834=B_SPLINE_CURVE_WITH_KNOTS('',3,(#6129,#6130,#6131,#6132),
 .UNSPECIFIED.,.F.,.F.,(4,4),(0.,5.18573025125244E-5),.UNSPECIFIED.);
#835=B_SPLINE_CURVE_WITH_KNOTS('',3,(#6134,#6135,#6136,#6137),
 .UNSPECIFIED.,.F.,.F.,(4,4),(0.,7.95212047986129E-5),.UNSPECIFIED.);
#836=B_SPLINE_CURVE_WITH_KNOTS('',3,(#6317,#6318,#6319,#6320),
 .UNSPECIFIED.,.F.,.F.,(4,4),(0.000304717968300695,0.000797354725195745),
 .UNSPECIFIED.);
#837=B_SPLINE_CURVE_WITH_KNOTS('',3,(#6340,#6341,#6342,#6343),
 .UNSPECIFIED.,.F.,.F.,(4,4),(0.,0.000493591870648281),.UNSPECIFIED.);
#838=B_SPLINE_CURVE_WITH_KNOTS('',3,(#6347,#6348,#6349,#6350),
 .UNSPECIFIED.,.F.,.F.,(4,4),(0.000304717968300693,0.000797354725195745),
 .UNSPECIFIED.);
#839=B_SPLINE_CURVE_WITH_KNOTS('',3,(#6370,#6371,#6372,#6373),
 .UNSPECIFIED.,.F.,.F.,(4,4),(0.,0.000493591870648277),.UNSPECIFIED.);
#840=B_SPLINE_CURVE_WITH_KNOTS('',3,(#6539,#6540,#6541,#6542),
 .UNSPECIFIED.,.F.,.F.,(4,4),(1.0842021724855E-19,0.000161756852217468),
 .UNSPECIFIED.);
#841=B_SPLINE_CURVE_WITH_KNOTS('',3,(#6551,#6552,#6553,#6554),
 .UNSPECIFIED.,.F.,.F.,(4,4),(0.,0.000161753025043838),.UNSPECIFIED.);
#842=B_SPLINE_CURVE_WITH_KNOTS('',3,(#6685,#6686,#6687,#6688),
 .UNSPECIFIED.,.F.,.F.,(4,4),(-0.000123017508895524,3.88101668267787E-5),
 .UNSPECIFIED.);
#843=B_SPLINE_CURVE_WITH_KNOTS('',3,(#6692,#6693,#6694,#6695),
 .UNSPECIFIED.,.F.,.F.,(4,4),(1.62630325872826E-19,0.000161924366267152),
 .UNSPECIFIED.);
#844=B_SPLINE_CURVE_WITH_KNOTS('',3,(#6755,#6756,#6757,#6758,#6759),
 .UNSPECIFIED.,.F.,.F.,(4,1,4),(-6.35255895578081E-6,0.000475769379902798,
0.000957891318761377),.UNSPECIFIED.);
#845=B_SPLINE_CURVE_WITH_KNOTS('',3,(#6760,#6761,#6762,#6763),
 .UNSPECIFIED.,.F.,.F.,(4,4),(0.,0.00095533913294359),.UNSPECIFIED.);
#846=B_SPLINE_CURVE_WITH_KNOTS('',3,(#6765,#6766,#6767,#6768,#6769),
 .UNSPECIFIED.,.F.,.F.,(4,1,4),(-6.35255895582539E-6,0.00047578220504386,
0.000957916969043546),.UNSPECIFIED.);
#847=B_SPLINE_CURVE_WITH_KNOTS('',3,(#6773,#6774,#6775,#6776),
 .UNSPECIFIED.,.F.,.F.,(4,4),(0.,0.00095531732740438),.UNSPECIFIED.);
#848=ORIENTED_EDGE('',*,*,#1978,.T.);
#849=ORIENTED_EDGE('',*,*,#1979,.T.);
#850=ORIENTED_EDGE('',*,*,#1980,.F.);
#851=ORIENTED_EDGE('',*,*,#1981,.T.);
#852=ORIENTED_EDGE('',*,*,#1982,.T.);
#853=ORIENTED_EDGE('',*,*,#1983,.T.);
#854=ORIENTED_EDGE('',*,*,#1984,.F.);
#855=ORIENTED_EDGE('',*,*,#1985,.T.);
#856=ORIENTED_EDGE('',*,*,#1986,.T.);
#857=ORIENTED_EDGE('',*,*,#1987,.T.);
#858=ORIENTED_EDGE('',*,*,#1988,.F.);
#859=ORIENTED_EDGE('',*,*,#1989,.F.);
#860=ORIENTED_EDGE('',*,*,#1990,.T.);
#861=ORIENTED_EDGE('',*,*,#1991,.T.);
#862=ORIENTED_EDGE('',*,*,#1992,.T.);
#863=ORIENTED_EDGE('',*,*,#1993,.T.);
#864=ORIENTED_EDGE('',*,*,#1994,.F.);
#865=ORIENTED_EDGE('',*,*,#1995,.T.);
#866=ORIENTED_EDGE('',*,*,#1996,.T.);
#867=ORIENTED_EDGE('',*,*,#1997,.T.);
#868=ORIENTED_EDGE('',*,*,#1998,.F.);
#869=ORIENTED_EDGE('',*,*,#1999,.F.);
#870=ORIENTED_EDGE('',*,*,#2000,.T.);
#871=ORIENTED_EDGE('',*,*,#2001,.T.);
#872=ORIENTED_EDGE('',*,*,#2002,.F.);
#873=ORIENTED_EDGE('',*,*,#2003,.T.);
#874=ORIENTED_EDGE('',*,*,#2004,.T.);
#875=ORIENTED_EDGE('',*,*,#2005,.T.);
#876=ORIENTED_EDGE('',*,*,#2006,.T.);
#877=ORIENTED_EDGE('',*,*,#2007,.T.);
#878=ORIENTED_EDGE('',*,*,#2008,.T.);
#879=ORIENTED_EDGE('',*,*,#2009,.T.);
#880=ORIENTED_EDGE('',*,*,#2010,.F.);
#881=ORIENTED_EDGE('',*,*,#2011,.T.);
#882=ORIENTED_EDGE('',*,*,#2012,.T.);
#883=ORIENTED_EDGE('',*,*,#2013,.T.);
#884=ORIENTED_EDGE('',*,*,#2014,.T.);
#885=ORIENTED_EDGE('',*,*,#2015,.T.);
#886=ORIENTED_EDGE('',*,*,#2016,.F.);
#887=ORIENTED_EDGE('',*,*,#2017,.T.);
#888=ORIENTED_EDGE('',*,*,#2018,.T.);
#889=ORIENTED_EDGE('',*,*,#2019,.F.);
#890=ORIENTED_EDGE('',*,*,#2020,.F.);
#891=ORIENTED_EDGE('',*,*,#2021,.T.);
#892=ORIENTED_EDGE('',*,*,#2022,.F.);
#893=ORIENTED_EDGE('',*,*,#2023,.T.);
#894=ORIENTED_EDGE('',*,*,#2024,.T.);
#895=ORIENTED_EDGE('',*,*,#2025,.T.);
#896=ORIENTED_EDGE('',*,*,#2026,.F.);
#897=ORIENTED_EDGE('',*,*,#2027,.T.);
#898=ORIENTED_EDGE('',*,*,#2028,.T.);
#899=ORIENTED_EDGE('',*,*,#2029,.F.);
#900=ORIENTED_EDGE('',*,*,#2030,.F.);
#901=ORIENTED_EDGE('',*,*,#2031,.T.);
#902=ORIENTED_EDGE('',*,*,#2032,.T.);
#903=ORIENTED_EDGE('',*,*,#2033,.T.);
#904=ORIENTED_EDGE('',*,*,#2034,.F.);
#905=ORIENTED_EDGE('',*,*,#2035,.T.);
#906=ORIENTED_EDGE('',*,*,#2036,.F.);
#907=ORIENTED_EDGE('',*,*,#2037,.T.);
#908=ORIENTED_EDGE('',*,*,#2038,.T.);
#909=ORIENTED_EDGE('',*,*,#2039,.T.);
#910=ORIENTED_EDGE('',*,*,#2040,.T.);
#911=ORIENTED_EDGE('',*,*,#2041,.T.);
#912=ORIENTED_EDGE('',*,*,#2042,.T.);
#913=ORIENTED_EDGE('',*,*,#2043,.T.);
#914=ORIENTED_EDGE('',*,*,#2044,.T.);
#915=ORIENTED_EDGE('',*,*,#2045,.T.);
#916=ORIENTED_EDGE('',*,*,#2046,.T.);
#917=ORIENTED_EDGE('',*,*,#2047,.T.);
#918=ORIENTED_EDGE('',*,*,#2048,.T.);
#919=ORIENTED_EDGE('',*,*,#2049,.T.);
#920=ORIENTED_EDGE('',*,*,#2050,.T.);
#921=ORIENTED_EDGE('',*,*,#2051,.T.);
#922=ORIENTED_EDGE('',*,*,#2052,.T.);
#923=ORIENTED_EDGE('',*,*,#2053,.T.);
#924=ORIENTED_EDGE('',*,*,#2054,.T.);
#925=ORIENTED_EDGE('',*,*,#2041,.F.);
#926=ORIENTED_EDGE('',*,*,#2055,.T.);
#927=ORIENTED_EDGE('',*,*,#2056,.T.);
#928=ORIENTED_EDGE('',*,*,#2057,.T.);
#929=ORIENTED_EDGE('',*,*,#2058,.T.);
#930=ORIENTED_EDGE('',*,*,#2052,.F.);
#931=ORIENTED_EDGE('',*,*,#2059,.F.);
#932=ORIENTED_EDGE('',*,*,#2046,.F.);
#933=ORIENTED_EDGE('',*,*,#2058,.F.);
#934=ORIENTED_EDGE('',*,*,#2060,.T.);
#935=ORIENTED_EDGE('',*,*,#2061,.T.);
#936=ORIENTED_EDGE('',*,*,#2053,.F.);
#937=ORIENTED_EDGE('',*,*,#2054,.F.);
#938=ORIENTED_EDGE('',*,*,#2061,.F.);
#939=ORIENTED_EDGE('',*,*,#2062,.T.);
#940=ORIENTED_EDGE('',*,*,#2042,.F.);
#941=ORIENTED_EDGE('',*,*,#2062,.F.);
#942=ORIENTED_EDGE('',*,*,#2060,.F.);
#943=ORIENTED_EDGE('',*,*,#2057,.F.);
#944=ORIENTED_EDGE('',*,*,#2063,.T.);
#945=ORIENTED_EDGE('',*,*,#2038,.F.);
#946=ORIENTED_EDGE('',*,*,#2064,.T.);
#947=ORIENTED_EDGE('',*,*,#2055,.F.);
#948=ORIENTED_EDGE('',*,*,#2040,.F.);
#949=ORIENTED_EDGE('',*,*,#2065,.T.);
#950=ORIENTED_EDGE('',*,*,#2066,.T.);
#951=ORIENTED_EDGE('',*,*,#2067,.T.);
#952=ORIENTED_EDGE('',*,*,#2048,.F.);
#953=ORIENTED_EDGE('',*,*,#2068,.T.);
#954=ORIENTED_EDGE('',*,*,#2043,.F.);
#955=ORIENTED_EDGE('',*,*,#2059,.T.);
#956=ORIENTED_EDGE('',*,*,#2051,.F.);
#957=ORIENTED_EDGE('',*,*,#2069,.T.);
#958=ORIENTED_EDGE('',*,*,#2050,.F.);
#959=ORIENTED_EDGE('',*,*,#2070,.T.);
#960=ORIENTED_EDGE('',*,*,#2066,.F.);
#961=ORIENTED_EDGE('',*,*,#2071,.T.);
#962=ORIENTED_EDGE('',*,*,#2056,.F.);
#963=ORIENTED_EDGE('',*,*,#2045,.F.);
#964=ORIENTED_EDGE('',*,*,#2072,.F.);
#965=ORIENTED_EDGE('',*,*,#2073,.T.);
#966=ORIENTED_EDGE('',*,*,#2074,.T.);
#967=ORIENTED_EDGE('',*,*,#2075,.F.);
#968=ORIENTED_EDGE('',*,*,#2076,.T.);
#969=ORIENTED_EDGE('',*,*,#2044,.F.);
#970=ORIENTED_EDGE('',*,*,#2068,.F.);
#971=ORIENTED_EDGE('',*,*,#2049,.F.);
#972=ORIENTED_EDGE('',*,*,#2067,.F.);
#973=ORIENTED_EDGE('',*,*,#2070,.F.);
#974=ORIENTED_EDGE('',*,*,#2077,.T.);
#975=ORIENTED_EDGE('',*,*,#2078,.T.);
#976=ORIENTED_EDGE('',*,*,#2079,.F.);
#977=ORIENTED_EDGE('',*,*,#2080,.F.);
#978=ORIENTED_EDGE('',*,*,#2081,.T.);
#979=ORIENTED_EDGE('',*,*,#2072,.T.);
#980=ORIENTED_EDGE('',*,*,#2082,.T.);
#981=ORIENTED_EDGE('',*,*,#2083,.T.);
#982=ORIENTED_EDGE('',*,*,#2084,.T.);
#983=ORIENTED_EDGE('',*,*,#2039,.F.);
#984=ORIENTED_EDGE('',*,*,#2063,.F.);
#985=ORIENTED_EDGE('',*,*,#2071,.F.);
#986=ORIENTED_EDGE('',*,*,#2065,.F.);
#987=ORIENTED_EDGE('',*,*,#2047,.F.);
#988=ORIENTED_EDGE('',*,*,#2069,.F.);
#989=ORIENTED_EDGE('',*,*,#2064,.F.);
#990=ORIENTED_EDGE('',*,*,#2085,.F.);
#991=ORIENTED_EDGE('',*,*,#2086,.F.);
#992=ORIENTED_EDGE('',*,*,#2087,.T.);
#993=ORIENTED_EDGE('',*,*,#2088,.T.);
#994=ORIENTED_EDGE('',*,*,#2089,.T.);
#995=ORIENTED_EDGE('',*,*,#2090,.T.);
#996=ORIENTED_EDGE('',*,*,#2091,.T.);
#997=ORIENTED_EDGE('',*,*,#2092,.T.);
#998=ORIENTED_EDGE('',*,*,#2093,.T.);
#999=ORIENTED_EDGE('',*,*,#2075,.T.);
#1000=ORIENTED_EDGE('',*,*,#2094,.T.);
#1001=ORIENTED_EDGE('',*,*,#1986,.F.);
#1002=ORIENTED_EDGE('',*,*,#2095,.T.);
#1003=ORIENTED_EDGE('',*,*,#2030,.T.);
#1004=ORIENTED_EDGE('',*,*,#2096,.T.);
#1005=ORIENTED_EDGE('',*,*,#2080,.T.);
#1006=ORIENTED_EDGE('',*,*,#2097,.T.);
#1007=ORIENTED_EDGE('',*,*,#2016,.T.);
#1008=ORIENTED_EDGE('',*,*,#2098,.T.);
#1009=ORIENTED_EDGE('',*,*,#2000,.F.);
#1010=ORIENTED_EDGE('',*,*,#2099,.F.);
#1011=ORIENTED_EDGE('',*,*,#2087,.F.);
#1012=ORIENTED_EDGE('',*,*,#2100,.F.);
#1013=ORIENTED_EDGE('',*,*,#2079,.T.);
#1014=ORIENTED_EDGE('',*,*,#2101,.T.);
#1015=ORIENTED_EDGE('',*,*,#2017,.F.);
#1016=ORIENTED_EDGE('',*,*,#2097,.F.);
#1017=ORIENTED_EDGE('',*,*,#2019,.T.);
#1018=ORIENTED_EDGE('',*,*,#2102,.T.);
#1019=ORIENTED_EDGE('',*,*,#2103,.F.);
#1020=ORIENTED_EDGE('',*,*,#2104,.F.);
#1021=ORIENTED_EDGE('',*,*,#2103,.T.);
#1022=ORIENTED_EDGE('',*,*,#2105,.T.);
#1023=ORIENTED_EDGE('',*,*,#2106,.F.);
#1024=ORIENTED_EDGE('',*,*,#2107,.F.);
#1025=ORIENTED_EDGE('',*,*,#2106,.T.);
#1026=ORIENTED_EDGE('',*,*,#2108,.T.);
#1027=ORIENTED_EDGE('',*,*,#2027,.F.);
#1028=ORIENTED_EDGE('',*,*,#2109,.F.);
#1029=ORIENTED_EDGE('',*,*,#2029,.T.);
#1030=ORIENTED_EDGE('',*,*,#2110,.T.);
#1031=ORIENTED_EDGE('',*,*,#2077,.F.);
#1032=ORIENTED_EDGE('',*,*,#2096,.F.);
#1033=ORIENTED_EDGE('',*,*,#2026,.T.);
#1034=ORIENTED_EDGE('',*,*,#2111,.T.);
#1035=ORIENTED_EDGE('',*,*,#1978,.F.);
#1036=ORIENTED_EDGE('',*,*,#2112,.F.);
#1037=ORIENTED_EDGE('',*,*,#2113,.F.);
#1038=ORIENTED_EDGE('',*,*,#2114,.F.);
#1039=ORIENTED_EDGE('',*,*,#1996,.F.);
#1040=ORIENTED_EDGE('',*,*,#2115,.T.);
#1041=ORIENTED_EDGE('',*,*,#2010,.T.);
#1042=ORIENTED_EDGE('',*,*,#2104,.T.);
#1043=ORIENTED_EDGE('',*,*,#2107,.T.);
#1044=ORIENTED_EDGE('',*,*,#2109,.T.);
#1045=ORIENTED_EDGE('',*,*,#2116,.T.);
#1046=ORIENTED_EDGE('',*,*,#2117,.T.);
#1047=ORIENTED_EDGE('',*,*,#2118,.T.);
#1048=ORIENTED_EDGE('',*,*,#2119,.T.);
#1049=ORIENTED_EDGE('',*,*,#2120,.T.);
#1050=ORIENTED_EDGE('',*,*,#2121,.T.);
#1051=ORIENTED_EDGE('',*,*,#2122,.T.);
#1052=ORIENTED_EDGE('',*,*,#2123,.T.);
#1053=ORIENTED_EDGE('',*,*,#2122,.F.);
#1054=ORIENTED_EDGE('',*,*,#2121,.F.);
#1055=ORIENTED_EDGE('',*,*,#2120,.F.);
#1056=ORIENTED_EDGE('',*,*,#2124,.F.);
#1057=ORIENTED_EDGE('',*,*,#2088,.F.);
#1058=ORIENTED_EDGE('',*,*,#2099,.T.);
#1059=ORIENTED_EDGE('',*,*,#1999,.T.);
#1060=ORIENTED_EDGE('',*,*,#2125,.F.);
#1061=ORIENTED_EDGE('',*,*,#1997,.F.);
#1062=ORIENTED_EDGE('',*,*,#2114,.T.);
#1063=ORIENTED_EDGE('',*,*,#2126,.T.);
#1064=ORIENTED_EDGE('',*,*,#2127,.F.);
#1065=ORIENTED_EDGE('',*,*,#2126,.F.);
#1066=ORIENTED_EDGE('',*,*,#2113,.T.);
#1067=ORIENTED_EDGE('',*,*,#2128,.T.);
#1068=ORIENTED_EDGE('',*,*,#2129,.F.);
#1069=ORIENTED_EDGE('',*,*,#2128,.F.);
#1070=ORIENTED_EDGE('',*,*,#2112,.T.);
#1071=ORIENTED_EDGE('',*,*,#1989,.T.);
#1072=ORIENTED_EDGE('',*,*,#2130,.F.);
#1073=ORIENTED_EDGE('',*,*,#1987,.F.);
#1074=ORIENTED_EDGE('',*,*,#2100,.T.);
#1075=ORIENTED_EDGE('',*,*,#2086,.T.);
#1076=ORIENTED_EDGE('',*,*,#2131,.F.);
#1077=ORIENTED_EDGE('',*,*,#2124,.T.);
#1078=ORIENTED_EDGE('',*,*,#1998,.T.);
#1079=ORIENTED_EDGE('',*,*,#2125,.T.);
#1080=ORIENTED_EDGE('',*,*,#2127,.T.);
#1081=ORIENTED_EDGE('',*,*,#2129,.T.);
#1082=ORIENTED_EDGE('',*,*,#1988,.T.);
#1083=ORIENTED_EDGE('',*,*,#2130,.T.);
#1084=ORIENTED_EDGE('',*,*,#2085,.T.);
#1085=ORIENTED_EDGE('',*,*,#2132,.F.);
#1086=ORIENTED_EDGE('',*,*,#2123,.F.);
#1087=ORIENTED_EDGE('',*,*,#2132,.T.);
#1088=ORIENTED_EDGE('',*,*,#2131,.T.);
#1089=ORIENTED_EDGE('',*,*,#1980,.T.);
#1090=ORIENTED_EDGE('',*,*,#2133,.T.);
#1091=ORIENTED_EDGE('',*,*,#2024,.F.);
#1092=ORIENTED_EDGE('',*,*,#2134,.T.);
#1093=ORIENTED_EDGE('',*,*,#2135,.F.);
#1094=ORIENTED_EDGE('',*,*,#2136,.T.);
#1095=ORIENTED_EDGE('',*,*,#2137,.F.);
#1096=ORIENTED_EDGE('',*,*,#2138,.F.);
#1097=ORIENTED_EDGE('',*,*,#2139,.F.);
#1098=ORIENTED_EDGE('',*,*,#2140,.F.);
#1099=ORIENTED_EDGE('',*,*,#2032,.F.);
#1100=ORIENTED_EDGE('',*,*,#2141,.T.);
#1101=ORIENTED_EDGE('',*,*,#1984,.T.);
#1102=ORIENTED_EDGE('',*,*,#2142,.T.);
#1103=ORIENTED_EDGE('',*,*,#2002,.T.);
#1104=ORIENTED_EDGE('',*,*,#2143,.T.);
#1105=ORIENTED_EDGE('',*,*,#2014,.F.);
#1106=ORIENTED_EDGE('',*,*,#2144,.T.);
#1107=ORIENTED_EDGE('',*,*,#2145,.F.);
#1108=ORIENTED_EDGE('',*,*,#2146,.T.);
#1109=ORIENTED_EDGE('',*,*,#2147,.F.);
#1110=ORIENTED_EDGE('',*,*,#2148,.F.);
#1111=ORIENTED_EDGE('',*,*,#2149,.F.);
#1112=ORIENTED_EDGE('',*,*,#2150,.F.);
#1113=ORIENTED_EDGE('',*,*,#2012,.F.);
#1114=ORIENTED_EDGE('',*,*,#2151,.T.);
#1115=ORIENTED_EDGE('',*,*,#1994,.T.);
#1116=ORIENTED_EDGE('',*,*,#2152,.T.);
#1117=ORIENTED_EDGE('',*,*,#2153,.T.);
#1118=ORIENTED_EDGE('',*,*,#2154,.T.);
#1119=ORIENTED_EDGE('',*,*,#2155,.T.);
#1120=ORIENTED_EDGE('',*,*,#2156,.T.);
#1121=ORIENTED_EDGE('',*,*,#2157,.T.);
#1122=ORIENTED_EDGE('',*,*,#2158,.T.);
#1123=ORIENTED_EDGE('',*,*,#2150,.T.);
#1124=ORIENTED_EDGE('',*,*,#2159,.F.);
#1125=ORIENTED_EDGE('',*,*,#2156,.F.);
#1126=ORIENTED_EDGE('',*,*,#2160,.T.);
#1127=ORIENTED_EDGE('',*,*,#2149,.T.);
#1128=ORIENTED_EDGE('',*,*,#2161,.F.);
#1129=ORIENTED_EDGE('',*,*,#2157,.F.);
#1130=ORIENTED_EDGE('',*,*,#2159,.T.);
#1131=ORIENTED_EDGE('',*,*,#2148,.T.);
#1132=ORIENTED_EDGE('',*,*,#2162,.F.);
#1133=ORIENTED_EDGE('',*,*,#2158,.F.);
#1134=ORIENTED_EDGE('',*,*,#2161,.T.);
#1135=ORIENTED_EDGE('',*,*,#2147,.T.);
#1136=ORIENTED_EDGE('',*,*,#2163,.T.);
#1137=ORIENTED_EDGE('',*,*,#2005,.F.);
#1138=ORIENTED_EDGE('',*,*,#2164,.T.);
#1139=ORIENTED_EDGE('',*,*,#2153,.F.);
#1140=ORIENTED_EDGE('',*,*,#2162,.T.);
#1141=ORIENTED_EDGE('',*,*,#2003,.F.);
#1142=ORIENTED_EDGE('',*,*,#2165,.T.);
#1143=ORIENTED_EDGE('',*,*,#2145,.T.);
#1144=ORIENTED_EDGE('',*,*,#2160,.F.);
#1145=ORIENTED_EDGE('',*,*,#2155,.F.);
#1146=ORIENTED_EDGE('',*,*,#2166,.T.);
#1147=ORIENTED_EDGE('',*,*,#2163,.F.);
#1148=ORIENTED_EDGE('',*,*,#2146,.F.);
#1149=ORIENTED_EDGE('',*,*,#2165,.F.);
#1150=ORIENTED_EDGE('',*,*,#2144,.F.);
#1151=ORIENTED_EDGE('',*,*,#2013,.F.);
#1152=ORIENTED_EDGE('',*,*,#2152,.F.);
#1153=ORIENTED_EDGE('',*,*,#2164,.F.);
#1154=ORIENTED_EDGE('',*,*,#2004,.F.);
#1155=ORIENTED_EDGE('',*,*,#2166,.F.);
#1156=ORIENTED_EDGE('',*,*,#2154,.F.);
#1157=ORIENTED_EDGE('',*,*,#2167,.T.);
#1158=ORIENTED_EDGE('',*,*,#2168,.T.);
#1159=ORIENTED_EDGE('',*,*,#2169,.T.);
#1160=ORIENTED_EDGE('',*,*,#2170,.T.);
#1161=ORIENTED_EDGE('',*,*,#2171,.T.);
#1162=ORIENTED_EDGE('',*,*,#2172,.T.);
#1163=ORIENTED_EDGE('',*,*,#2139,.T.);
#1164=ORIENTED_EDGE('',*,*,#2173,.F.);
#1165=ORIENTED_EDGE('',*,*,#2171,.F.);
#1166=ORIENTED_EDGE('',*,*,#2174,.T.);
#1167=ORIENTED_EDGE('',*,*,#2138,.T.);
#1168=ORIENTED_EDGE('',*,*,#2175,.F.);
#1169=ORIENTED_EDGE('',*,*,#2172,.F.);
#1170=ORIENTED_EDGE('',*,*,#2173,.T.);
#1171=ORIENTED_EDGE('',*,*,#2137,.T.);
#1172=ORIENTED_EDGE('',*,*,#2176,.T.);
#1173=ORIENTED_EDGE('',*,*,#1983,.F.);
#1174=ORIENTED_EDGE('',*,*,#2177,.T.);
#1175=ORIENTED_EDGE('',*,*,#2167,.F.);
#1176=ORIENTED_EDGE('',*,*,#2175,.T.);
#1177=ORIENTED_EDGE('',*,*,#1981,.F.);
#1178=ORIENTED_EDGE('',*,*,#2178,.T.);
#1179=ORIENTED_EDGE('',*,*,#2135,.T.);
#1180=ORIENTED_EDGE('',*,*,#2179,.F.);
#1181=ORIENTED_EDGE('',*,*,#2169,.F.);
#1182=ORIENTED_EDGE('',*,*,#2180,.T.);
#1183=ORIENTED_EDGE('',*,*,#2140,.T.);
#1184=ORIENTED_EDGE('',*,*,#2174,.F.);
#1185=ORIENTED_EDGE('',*,*,#2170,.F.);
#1186=ORIENTED_EDGE('',*,*,#2179,.T.);
#1187=ORIENTED_EDGE('',*,*,#2176,.F.);
#1188=ORIENTED_EDGE('',*,*,#2136,.F.);
#1189=ORIENTED_EDGE('',*,*,#2178,.F.);
#1190=ORIENTED_EDGE('',*,*,#2134,.F.);
#1191=ORIENTED_EDGE('',*,*,#2033,.F.);
#1192=ORIENTED_EDGE('',*,*,#2142,.F.);
#1193=ORIENTED_EDGE('',*,*,#2177,.F.);
#1194=ORIENTED_EDGE('',*,*,#1982,.F.);
#1195=ORIENTED_EDGE('',*,*,#2180,.F.);
#1196=ORIENTED_EDGE('',*,*,#2168,.F.);
#1197=ORIENTED_EDGE('',*,*,#2093,.F.);
#1198=ORIENTED_EDGE('',*,*,#2181,.T.);
#1199=ORIENTED_EDGE('',*,*,#2082,.F.);
#1200=ORIENTED_EDGE('',*,*,#2076,.F.);
#1201=ORIENTED_EDGE('',*,*,#2084,.F.);
#1202=ORIENTED_EDGE('',*,*,#2182,.T.);
#1203=ORIENTED_EDGE('',*,*,#2091,.F.);
#1204=ORIENTED_EDGE('',*,*,#2183,.T.);
#1205=ORIENTED_EDGE('',*,*,#2184,.F.);
#1206=ORIENTED_EDGE('',*,*,#2185,.T.);
#1207=ORIENTED_EDGE('',*,*,#2074,.F.);
#1208=ORIENTED_EDGE('',*,*,#2186,.T.);
#1209=ORIENTED_EDGE('',*,*,#2184,.T.);
#1210=ORIENTED_EDGE('',*,*,#2187,.T.);
#1211=ORIENTED_EDGE('',*,*,#2188,.F.);
#1212=ORIENTED_EDGE('',*,*,#2189,.F.);
#1213=ORIENTED_EDGE('',*,*,#2188,.T.);
#1214=ORIENTED_EDGE('',*,*,#2190,.T.);
#1215=ORIENTED_EDGE('',*,*,#2191,.F.);
#1216=ORIENTED_EDGE('',*,*,#2192,.F.);
#1217=ORIENTED_EDGE('',*,*,#2193,.T.);
#1218=ORIENTED_EDGE('',*,*,#2194,.T.);
#1219=ORIENTED_EDGE('',*,*,#2195,.F.);
#1220=ORIENTED_EDGE('',*,*,#2191,.T.);
#1221=ORIENTED_EDGE('',*,*,#2195,.T.);
#1222=ORIENTED_EDGE('',*,*,#2196,.T.);
#1223=ORIENTED_EDGE('',*,*,#2094,.F.);
#1224=ORIENTED_EDGE('',*,*,#2189,.T.);
#1225=ORIENTED_EDGE('',*,*,#2192,.T.);
#1226=ORIENTED_EDGE('',*,*,#2090,.F.);
#1227=ORIENTED_EDGE('',*,*,#2197,.T.);
#1228=ORIENTED_EDGE('',*,*,#2198,.T.);
#1229=ORIENTED_EDGE('',*,*,#2183,.F.);
#1230=ORIENTED_EDGE('',*,*,#2198,.F.);
#1231=ORIENTED_EDGE('',*,*,#2199,.T.);
#1232=ORIENTED_EDGE('',*,*,#2193,.F.);
#1233=ORIENTED_EDGE('',*,*,#2190,.F.);
#1234=ORIENTED_EDGE('',*,*,#2187,.F.);
#1235=ORIENTED_EDGE('',*,*,#2092,.F.);
#1236=ORIENTED_EDGE('',*,*,#2182,.F.);
#1237=ORIENTED_EDGE('',*,*,#2083,.F.);
#1238=ORIENTED_EDGE('',*,*,#2181,.F.);
#1239=ORIENTED_EDGE('',*,*,#2185,.F.);
#1240=ORIENTED_EDGE('',*,*,#2186,.F.);
#1241=ORIENTED_EDGE('',*,*,#2073,.F.);
#1242=ORIENTED_EDGE('',*,*,#2081,.F.);
#1243=ORIENTED_EDGE('',*,*,#2196,.F.);
#1244=ORIENTED_EDGE('',*,*,#2194,.F.);
#1245=ORIENTED_EDGE('',*,*,#2199,.F.);
#1246=ORIENTED_EDGE('',*,*,#2197,.F.);
#1247=ORIENTED_EDGE('',*,*,#2089,.F.);
#1248=ORIENTED_EDGE('',*,*,#2200,.F.);
#1249=ORIENTED_EDGE('',*,*,#2201,.F.);
#1250=ORIENTED_EDGE('',*,*,#2101,.F.);
#1251=ORIENTED_EDGE('',*,*,#2201,.T.);
#1252=ORIENTED_EDGE('',*,*,#2119,.F.);
#1253=ORIENTED_EDGE('',*,*,#2202,.F.);
#1254=ORIENTED_EDGE('',*,*,#2018,.F.);
#1255=ORIENTED_EDGE('',*,*,#2200,.T.);
#1256=ORIENTED_EDGE('',*,*,#2078,.F.);
#1257=ORIENTED_EDGE('',*,*,#2203,.F.);
#1258=ORIENTED_EDGE('',*,*,#2116,.F.);
#1259=ORIENTED_EDGE('',*,*,#2102,.F.);
#1260=ORIENTED_EDGE('',*,*,#2202,.T.);
#1261=ORIENTED_EDGE('',*,*,#2204,.F.);
#1262=ORIENTED_EDGE('',*,*,#2203,.T.);
#1263=ORIENTED_EDGE('',*,*,#2110,.F.);
#1264=ORIENTED_EDGE('',*,*,#2205,.F.);
#1265=ORIENTED_EDGE('',*,*,#2204,.T.);
#1266=ORIENTED_EDGE('',*,*,#2118,.F.);
#1267=ORIENTED_EDGE('',*,*,#2206,.F.);
#1268=ORIENTED_EDGE('',*,*,#2105,.F.);
#1269=ORIENTED_EDGE('',*,*,#2205,.T.);
#1270=ORIENTED_EDGE('',*,*,#2028,.F.);
#1271=ORIENTED_EDGE('',*,*,#2207,.F.);
#1272=ORIENTED_EDGE('',*,*,#2117,.F.);
#1273=ORIENTED_EDGE('',*,*,#2108,.F.);
#1274=ORIENTED_EDGE('',*,*,#2206,.T.);
#1275=ORIENTED_EDGE('',*,*,#2207,.T.);
#1276=ORIENTED_EDGE('',*,*,#1992,.F.);
#1277=ORIENTED_EDGE('',*,*,#2208,.T.);
#1278=ORIENTED_EDGE('',*,*,#2036,.T.);
#1279=ORIENTED_EDGE('',*,*,#2209,.T.);
#1280=ORIENTED_EDGE('',*,*,#2210,.F.);
#1281=ORIENTED_EDGE('',*,*,#2034,.T.);
#1282=ORIENTED_EDGE('',*,*,#2211,.T.);
#1283=ORIENTED_EDGE('',*,*,#1990,.F.);
#1284=ORIENTED_EDGE('',*,*,#2212,.T.);
#1285=ORIENTED_EDGE('',*,*,#2022,.T.);
#1286=ORIENTED_EDGE('',*,*,#2213,.F.);
#1287=ORIENTED_EDGE('',*,*,#2006,.F.);
#1288=ORIENTED_EDGE('',*,*,#2020,.T.);
#1289=ORIENTED_EDGE('',*,*,#2214,.T.);
#1290=ORIENTED_EDGE('',*,*,#2008,.F.);
#1291=ORIENTED_EDGE('',*,*,#2215,.T.);
#1292=ORIENTED_EDGE('',*,*,#2009,.F.);
#1293=ORIENTED_EDGE('',*,*,#2214,.F.);
#1294=ORIENTED_EDGE('',*,*,#2023,.F.);
#1295=ORIENTED_EDGE('',*,*,#2212,.F.);
#1296=ORIENTED_EDGE('',*,*,#2007,.F.);
#1297=ORIENTED_EDGE('',*,*,#2213,.T.);
#1298=ORIENTED_EDGE('',*,*,#2021,.F.);
#1299=ORIENTED_EDGE('',*,*,#2215,.F.);
#1300=ORIENTED_EDGE('',*,*,#2037,.F.);
#1301=ORIENTED_EDGE('',*,*,#2208,.F.);
#1302=ORIENTED_EDGE('',*,*,#1991,.F.);
#1303=ORIENTED_EDGE('',*,*,#2211,.F.);
#1304=ORIENTED_EDGE('',*,*,#2035,.F.);
#1305=ORIENTED_EDGE('',*,*,#2210,.T.);
#1306=ORIENTED_EDGE('',*,*,#1993,.F.);
#1307=ORIENTED_EDGE('',*,*,#2209,.F.);
#1308=ORIENTED_EDGE('',*,*,#1979,.F.);
#1309=ORIENTED_EDGE('',*,*,#2111,.F.);
#1310=ORIENTED_EDGE('',*,*,#2025,.F.);
#1311=ORIENTED_EDGE('',*,*,#2133,.F.);
#1312=ORIENTED_EDGE('',*,*,#2031,.F.);
#1313=ORIENTED_EDGE('',*,*,#2095,.F.);
#1314=ORIENTED_EDGE('',*,*,#1985,.F.);
#1315=ORIENTED_EDGE('',*,*,#2141,.F.);
#1316=ORIENTED_EDGE('',*,*,#2011,.F.);
#1317=ORIENTED_EDGE('',*,*,#2115,.F.);
#1318=ORIENTED_EDGE('',*,*,#1995,.F.);
#1319=ORIENTED_EDGE('',*,*,#2151,.F.);
#1320=ORIENTED_EDGE('',*,*,#2001,.F.);
#1321=ORIENTED_EDGE('',*,*,#2098,.F.);
#1322=ORIENTED_EDGE('',*,*,#2015,.F.);
#1323=ORIENTED_EDGE('',*,*,#2143,.F.);
#1324=ORIENTED_EDGE('',*,*,#2216,.F.);
#1325=ORIENTED_EDGE('',*,*,#2217,.T.);
#1326=ORIENTED_EDGE('',*,*,#2218,.T.);
#1327=ORIENTED_EDGE('',*,*,#2219,.F.);
#1328=ORIENTED_EDGE('',*,*,#2216,.T.);
#1329=ORIENTED_EDGE('',*,*,#2218,.F.);
#1330=ORIENTED_EDGE('',*,*,#2217,.F.);
#1331=ORIENTED_EDGE('',*,*,#2219,.T.);
#1332=ORIENTED_EDGE('',*,*,#2220,.T.);
#1333=ORIENTED_EDGE('',*,*,#2221,.T.);
#1334=ORIENTED_EDGE('',*,*,#2222,.T.);
#1335=ORIENTED_EDGE('',*,*,#2223,.T.);
#1336=ORIENTED_EDGE('',*,*,#2222,.F.);
#1337=ORIENTED_EDGE('',*,*,#2220,.F.);
#1338=ORIENTED_EDGE('',*,*,#2221,.F.);
#1339=ORIENTED_EDGE('',*,*,#2223,.F.);
#1340=ORIENTED_EDGE('',*,*,#2224,.F.);
#1341=ORIENTED_EDGE('',*,*,#2225,.T.);
#1342=ORIENTED_EDGE('',*,*,#2226,.T.);
#1343=ORIENTED_EDGE('',*,*,#2227,.T.);
#1344=ORIENTED_EDGE('',*,*,#2228,.F.);
#1345=ORIENTED_EDGE('',*,*,#2229,.T.);
#1346=ORIENTED_EDGE('',*,*,#2230,.F.);
#1347=ORIENTED_EDGE('',*,*,#2231,.T.);
#1348=ORIENTED_EDGE('',*,*,#2232,.F.);
#1349=ORIENTED_EDGE('',*,*,#2233,.F.);
#1350=ORIENTED_EDGE('',*,*,#2234,.F.);
#1351=ORIENTED_EDGE('',*,*,#2235,.F.);
#1352=ORIENTED_EDGE('',*,*,#2236,.F.);
#1353=ORIENTED_EDGE('',*,*,#2237,.F.);
#1354=ORIENTED_EDGE('',*,*,#2238,.F.);
#1355=ORIENTED_EDGE('',*,*,#2239,.F.);
#1356=ORIENTED_EDGE('',*,*,#2240,.F.);
#1357=ORIENTED_EDGE('',*,*,#2241,.F.);
#1358=ORIENTED_EDGE('',*,*,#2229,.F.);
#1359=ORIENTED_EDGE('',*,*,#2242,.F.);
#1360=ORIENTED_EDGE('',*,*,#2243,.F.);
#1361=ORIENTED_EDGE('',*,*,#2244,.T.);
#1362=ORIENTED_EDGE('',*,*,#2227,.F.);
#1363=ORIENTED_EDGE('',*,*,#2245,.F.);
#1364=ORIENTED_EDGE('',*,*,#2246,.F.);
#1365=ORIENTED_EDGE('',*,*,#2247,.F.);
#1366=ORIENTED_EDGE('',*,*,#2248,.F.);
#1367=ORIENTED_EDGE('',*,*,#2249,.F.);
#1368=ORIENTED_EDGE('',*,*,#2250,.F.);
#1369=ORIENTED_EDGE('',*,*,#2251,.F.);
#1370=ORIENTED_EDGE('',*,*,#2252,.F.);
#1371=ORIENTED_EDGE('',*,*,#2253,.F.);
#1372=ORIENTED_EDGE('',*,*,#2254,.F.);
#1373=ORIENTED_EDGE('',*,*,#2255,.F.);
#1374=ORIENTED_EDGE('',*,*,#2256,.F.);
#1375=ORIENTED_EDGE('',*,*,#2257,.F.);
#1376=ORIENTED_EDGE('',*,*,#2258,.F.);
#1377=ORIENTED_EDGE('',*,*,#2259,.T.);
#1378=ORIENTED_EDGE('',*,*,#2260,.T.);
#1379=ORIENTED_EDGE('',*,*,#2261,.T.);
#1380=ORIENTED_EDGE('',*,*,#2262,.F.);
#1381=ORIENTED_EDGE('',*,*,#2263,.F.);
#1382=ORIENTED_EDGE('',*,*,#2233,.T.);
#1383=ORIENTED_EDGE('',*,*,#2264,.F.);
#1384=ORIENTED_EDGE('',*,*,#2253,.T.);
#1385=ORIENTED_EDGE('',*,*,#2265,.T.);
#1386=ORIENTED_EDGE('',*,*,#2266,.F.);
#1387=ORIENTED_EDGE('',*,*,#2267,.F.);
#1388=ORIENTED_EDGE('',*,*,#2268,.T.);
#1389=ORIENTED_EDGE('',*,*,#2269,.T.);
#1390=ORIENTED_EDGE('',*,*,#2270,.F.);
#1391=ORIENTED_EDGE('',*,*,#2271,.T.);
#1392=ORIENTED_EDGE('',*,*,#2272,.T.);
#1393=ORIENTED_EDGE('',*,*,#2273,.T.);
#1394=ORIENTED_EDGE('',*,*,#2274,.F.);
#1395=ORIENTED_EDGE('',*,*,#2275,.F.);
#1396=ORIENTED_EDGE('',*,*,#2247,.T.);
#1397=ORIENTED_EDGE('',*,*,#2276,.F.);
#1398=ORIENTED_EDGE('',*,*,#2239,.T.);
#1399=ORIENTED_EDGE('',*,*,#2277,.T.);
#1400=ORIENTED_EDGE('',*,*,#2278,.F.);
#1401=ORIENTED_EDGE('',*,*,#2279,.F.);
#1402=ORIENTED_EDGE('',*,*,#2280,.T.);
#1403=ORIENTED_EDGE('',*,*,#2281,.T.);
#1404=ORIENTED_EDGE('',*,*,#2282,.F.);
#1405=ORIENTED_EDGE('',*,*,#2283,.F.);
#1406=ORIENTED_EDGE('',*,*,#2284,.T.);
#1407=ORIENTED_EDGE('',*,*,#2285,.T.);
#1408=ORIENTED_EDGE('',*,*,#2286,.F.);
#1409=ORIENTED_EDGE('',*,*,#2287,.F.);
#1410=ORIENTED_EDGE('',*,*,#2288,.F.);
#1411=ORIENTED_EDGE('',*,*,#2289,.F.);
#1412=ORIENTED_EDGE('',*,*,#2290,.F.);
#1413=ORIENTED_EDGE('',*,*,#2291,.F.);
#1414=ORIENTED_EDGE('',*,*,#2292,.T.);
#1415=ORIENTED_EDGE('',*,*,#2293,.T.);
#1416=ORIENTED_EDGE('',*,*,#2294,.T.);
#1417=ORIENTED_EDGE('',*,*,#2295,.T.);
#1418=ORIENTED_EDGE('',*,*,#2296,.T.);
#1419=ORIENTED_EDGE('',*,*,#2297,.T.);
#1420=ORIENTED_EDGE('',*,*,#2298,.T.);
#1421=ORIENTED_EDGE('',*,*,#2299,.F.);
#1422=ORIENTED_EDGE('',*,*,#2300,.T.);
#1423=ORIENTED_EDGE('',*,*,#2301,.T.);
#1424=ORIENTED_EDGE('',*,*,#2302,.T.);
#1425=ORIENTED_EDGE('',*,*,#2303,.T.);
#1426=ORIENTED_EDGE('',*,*,#2304,.T.);
#1427=ORIENTED_EDGE('',*,*,#2305,.T.);
#1428=ORIENTED_EDGE('',*,*,#2306,.T.);
#1429=ORIENTED_EDGE('',*,*,#2307,.T.);
#1430=ORIENTED_EDGE('',*,*,#2283,.T.);
#1431=ORIENTED_EDGE('',*,*,#2308,.T.);
#1432=ORIENTED_EDGE('',*,*,#2294,.F.);
#1433=ORIENTED_EDGE('',*,*,#2309,.T.);
#1434=ORIENTED_EDGE('',*,*,#2310,.T.);
#1435=ORIENTED_EDGE('',*,*,#2311,.F.);
#1436=ORIENTED_EDGE('',*,*,#2312,.F.);
#1437=ORIENTED_EDGE('',*,*,#2313,.F.);
#1438=ORIENTED_EDGE('',*,*,#2301,.F.);
#1439=ORIENTED_EDGE('',*,*,#2314,.T.);
#1440=ORIENTED_EDGE('',*,*,#2315,.F.);
#1441=ORIENTED_EDGE('',*,*,#2316,.F.);
#1442=ORIENTED_EDGE('',*,*,#2317,.F.);
#1443=ORIENTED_EDGE('',*,*,#2298,.F.);
#1444=ORIENTED_EDGE('',*,*,#2318,.T.);
#1445=ORIENTED_EDGE('',*,*,#2319,.T.);
#1446=ORIENTED_EDGE('',*,*,#2320,.F.);
#1447=ORIENTED_EDGE('',*,*,#2321,.T.);
#1448=ORIENTED_EDGE('',*,*,#2322,.T.);
#1449=ORIENTED_EDGE('',*,*,#2323,.F.);
#1450=ORIENTED_EDGE('',*,*,#2304,.F.);
#1451=ORIENTED_EDGE('',*,*,#2324,.T.);
#1452=ORIENTED_EDGE('',*,*,#2325,.F.);
#1453=ORIENTED_EDGE('',*,*,#2326,.F.);
#1454=ORIENTED_EDGE('',*,*,#2299,.T.);
#1455=ORIENTED_EDGE('',*,*,#2317,.T.);
#1456=ORIENTED_EDGE('',*,*,#2327,.F.);
#1457=ORIENTED_EDGE('',*,*,#2314,.F.);
#1458=ORIENTED_EDGE('',*,*,#2300,.F.);
#1459=ORIENTED_EDGE('',*,*,#2326,.T.);
#1460=ORIENTED_EDGE('',*,*,#2328,.F.);
#1461=ORIENTED_EDGE('',*,*,#2329,.F.);
#1462=ORIENTED_EDGE('',*,*,#2302,.F.);
#1463=ORIENTED_EDGE('',*,*,#2313,.T.);
#1464=ORIENTED_EDGE('',*,*,#2330,.F.);
#1465=ORIENTED_EDGE('',*,*,#2324,.F.);
#1466=ORIENTED_EDGE('',*,*,#2303,.F.);
#1467=ORIENTED_EDGE('',*,*,#2329,.T.);
#1468=ORIENTED_EDGE('',*,*,#2331,.T.);
#1469=ORIENTED_EDGE('',*,*,#2332,.T.);
#1470=ORIENTED_EDGE('',*,*,#2333,.T.);
#1471=ORIENTED_EDGE('',*,*,#2334,.F.);
#1472=ORIENTED_EDGE('',*,*,#2335,.T.);
#1473=ORIENTED_EDGE('',*,*,#2336,.F.);
#1474=ORIENTED_EDGE('',*,*,#2337,.T.);
#1475=ORIENTED_EDGE('',*,*,#2338,.F.);
#1476=ORIENTED_EDGE('',*,*,#2339,.T.);
#1477=ORIENTED_EDGE('',*,*,#2340,.F.);
#1478=ORIENTED_EDGE('',*,*,#2341,.T.);
#1479=ORIENTED_EDGE('',*,*,#2342,.F.);
#1480=ORIENTED_EDGE('',*,*,#2343,.T.);
#1481=ORIENTED_EDGE('',*,*,#2344,.F.);
#1482=ORIENTED_EDGE('',*,*,#2345,.T.);
#1483=ORIENTED_EDGE('',*,*,#2346,.F.);
#1484=ORIENTED_EDGE('',*,*,#2347,.T.);
#1485=ORIENTED_EDGE('',*,*,#2348,.T.);
#1486=ORIENTED_EDGE('',*,*,#2349,.F.);
#1487=ORIENTED_EDGE('',*,*,#2350,.T.);
#1488=ORIENTED_EDGE('',*,*,#2351,.T.);
#1489=ORIENTED_EDGE('',*,*,#2352,.T.);
#1490=ORIENTED_EDGE('',*,*,#2353,.F.);
#1491=ORIENTED_EDGE('',*,*,#2354,.T.);
#1492=ORIENTED_EDGE('',*,*,#2355,.F.);
#1493=ORIENTED_EDGE('',*,*,#2356,.T.);
#1494=ORIENTED_EDGE('',*,*,#2357,.F.);
#1495=ORIENTED_EDGE('',*,*,#2358,.T.);
#1496=ORIENTED_EDGE('',*,*,#2359,.F.);
#1497=ORIENTED_EDGE('',*,*,#2360,.T.);
#1498=ORIENTED_EDGE('',*,*,#2361,.F.);
#1499=ORIENTED_EDGE('',*,*,#2362,.F.);
#1500=ORIENTED_EDGE('',*,*,#2363,.F.);
#1501=ORIENTED_EDGE('',*,*,#2364,.T.);
#1502=ORIENTED_EDGE('',*,*,#2365,.F.);
#1503=ORIENTED_EDGE('',*,*,#2366,.F.);
#1504=ORIENTED_EDGE('',*,*,#2367,.F.);
#1505=ORIENTED_EDGE('',*,*,#2368,.F.);
#1506=ORIENTED_EDGE('',*,*,#2367,.T.);
#1507=ORIENTED_EDGE('',*,*,#2369,.F.);
#1508=ORIENTED_EDGE('',*,*,#2370,.T.);
#1509=ORIENTED_EDGE('',*,*,#2371,.T.);
#1510=ORIENTED_EDGE('',*,*,#2372,.T.);
#1511=ORIENTED_EDGE('',*,*,#2262,.T.);
#1512=ORIENTED_EDGE('',*,*,#2373,.T.);
#1513=ORIENTED_EDGE('',*,*,#2374,.T.);
#1514=ORIENTED_EDGE('',*,*,#2375,.T.);
#1515=ORIENTED_EDGE('',*,*,#2266,.T.);
#1516=ORIENTED_EDGE('',*,*,#2376,.T.);
#1517=ORIENTED_EDGE('',*,*,#2274,.T.);
#1518=ORIENTED_EDGE('',*,*,#2377,.T.);
#1519=ORIENTED_EDGE('',*,*,#2378,.T.);
#1520=ORIENTED_EDGE('',*,*,#2379,.T.);
#1521=ORIENTED_EDGE('',*,*,#2278,.T.);
#1522=ORIENTED_EDGE('',*,*,#2380,.T.);
#1523=ORIENTED_EDGE('',*,*,#2381,.F.);
#1524=ORIENTED_EDGE('',*,*,#2249,.T.);
#1525=ORIENTED_EDGE('',*,*,#2382,.T.);
#1526=ORIENTED_EDGE('',*,*,#2383,.T.);
#1527=ORIENTED_EDGE('',*,*,#2384,.F.);
#1528=ORIENTED_EDGE('',*,*,#2250,.T.);
#1529=ORIENTED_EDGE('',*,*,#2381,.T.);
#1530=ORIENTED_EDGE('',*,*,#2385,.T.);
#1531=ORIENTED_EDGE('',*,*,#2386,.F.);
#1532=ORIENTED_EDGE('',*,*,#2251,.T.);
#1533=ORIENTED_EDGE('',*,*,#2384,.T.);
#1534=ORIENTED_EDGE('',*,*,#2387,.T.);
#1535=ORIENTED_EDGE('',*,*,#2388,.F.);
#1536=ORIENTED_EDGE('',*,*,#2234,.T.);
#1537=ORIENTED_EDGE('',*,*,#2263,.T.);
#1538=ORIENTED_EDGE('',*,*,#2372,.F.);
#1539=ORIENTED_EDGE('',*,*,#2265,.F.);
#1540=ORIENTED_EDGE('',*,*,#2252,.T.);
#1541=ORIENTED_EDGE('',*,*,#2386,.T.);
#1542=ORIENTED_EDGE('',*,*,#2389,.T.);
#1543=ORIENTED_EDGE('',*,*,#2390,.F.);
#1544=ORIENTED_EDGE('',*,*,#2235,.T.);
#1545=ORIENTED_EDGE('',*,*,#2388,.T.);
#1546=ORIENTED_EDGE('',*,*,#2391,.T.);
#1547=ORIENTED_EDGE('',*,*,#2392,.F.);
#1548=ORIENTED_EDGE('',*,*,#2236,.T.);
#1549=ORIENTED_EDGE('',*,*,#2390,.T.);
#1550=ORIENTED_EDGE('',*,*,#2393,.T.);
#1551=ORIENTED_EDGE('',*,*,#2394,.F.);
#1552=ORIENTED_EDGE('',*,*,#2237,.T.);
#1553=ORIENTED_EDGE('',*,*,#2392,.T.);
#1554=ORIENTED_EDGE('',*,*,#2395,.T.);
#1555=ORIENTED_EDGE('',*,*,#2382,.F.);
#1556=ORIENTED_EDGE('',*,*,#2248,.T.);
#1557=ORIENTED_EDGE('',*,*,#2275,.T.);
#1558=ORIENTED_EDGE('',*,*,#2376,.F.);
#1559=ORIENTED_EDGE('',*,*,#2277,.F.);
#1560=ORIENTED_EDGE('',*,*,#2238,.T.);
#1561=ORIENTED_EDGE('',*,*,#2394,.T.);
#1562=ORIENTED_EDGE('',*,*,#2396,.T.);
#1563=ORIENTED_EDGE('',*,*,#2397,.T.);
#1564=ORIENTED_EDGE('',*,*,#2398,.T.);
#1565=ORIENTED_EDGE('',*,*,#2399,.T.);
#1566=ORIENTED_EDGE('',*,*,#2380,.F.);
#1567=ORIENTED_EDGE('',*,*,#2395,.F.);
#1568=ORIENTED_EDGE('',*,*,#2393,.F.);
#1569=ORIENTED_EDGE('',*,*,#2391,.F.);
#1570=ORIENTED_EDGE('',*,*,#2389,.F.);
#1571=ORIENTED_EDGE('',*,*,#2387,.F.);
#1572=ORIENTED_EDGE('',*,*,#2385,.F.);
#1573=ORIENTED_EDGE('',*,*,#2383,.F.);
#1574=ORIENTED_EDGE('',*,*,#2373,.F.);
#1575=ORIENTED_EDGE('',*,*,#2261,.F.);
#1576=ORIENTED_EDGE('',*,*,#2400,.T.);
#1577=ORIENTED_EDGE('',*,*,#2401,.T.);
#1578=ORIENTED_EDGE('',*,*,#2374,.F.);
#1579=ORIENTED_EDGE('',*,*,#2401,.F.);
#1580=ORIENTED_EDGE('',*,*,#2402,.T.);
#1581=ORIENTED_EDGE('',*,*,#2403,.T.);
#1582=ORIENTED_EDGE('',*,*,#2375,.F.);
#1583=ORIENTED_EDGE('',*,*,#2403,.F.);
#1584=ORIENTED_EDGE('',*,*,#2404,.T.);
#1585=ORIENTED_EDGE('',*,*,#2267,.T.);
#1586=ORIENTED_EDGE('',*,*,#2377,.F.);
#1587=ORIENTED_EDGE('',*,*,#2273,.F.);
#1588=ORIENTED_EDGE('',*,*,#2405,.T.);
#1589=ORIENTED_EDGE('',*,*,#2406,.T.);
#1590=ORIENTED_EDGE('',*,*,#2378,.F.);
#1591=ORIENTED_EDGE('',*,*,#2406,.F.);
#1592=ORIENTED_EDGE('',*,*,#2407,.T.);
#1593=ORIENTED_EDGE('',*,*,#2408,.T.);
#1594=ORIENTED_EDGE('',*,*,#2379,.F.);
#1595=ORIENTED_EDGE('',*,*,#2408,.F.);
#1596=ORIENTED_EDGE('',*,*,#2409,.T.);
#1597=ORIENTED_EDGE('',*,*,#2279,.T.);
#1598=ORIENTED_EDGE('',*,*,#2410,.T.);
#1599=ORIENTED_EDGE('',*,*,#2411,.T.);
#1600=ORIENTED_EDGE('',*,*,#2412,.T.);
#1601=ORIENTED_EDGE('',*,*,#2413,.T.);
#1602=ORIENTED_EDGE('',*,*,#2414,.T.);
#1603=ORIENTED_EDGE('',*,*,#2280,.F.);
#1604=ORIENTED_EDGE('',*,*,#2409,.F.);
#1605=ORIENTED_EDGE('',*,*,#2407,.F.);
#1606=ORIENTED_EDGE('',*,*,#2405,.F.);
#1607=ORIENTED_EDGE('',*,*,#2272,.F.);
#1608=ORIENTED_EDGE('',*,*,#2415,.T.);
#1609=ORIENTED_EDGE('',*,*,#2416,.T.);
#1610=ORIENTED_EDGE('',*,*,#2417,.T.);
#1611=ORIENTED_EDGE('',*,*,#2418,.T.);
#1612=ORIENTED_EDGE('',*,*,#2419,.T.);
#1613=ORIENTED_EDGE('',*,*,#2268,.F.);
#1614=ORIENTED_EDGE('',*,*,#2404,.F.);
#1615=ORIENTED_EDGE('',*,*,#2402,.F.);
#1616=ORIENTED_EDGE('',*,*,#2400,.F.);
#1617=ORIENTED_EDGE('',*,*,#2260,.F.);
#1618=ORIENTED_EDGE('',*,*,#2363,.T.);
#1619=ORIENTED_EDGE('',*,*,#2420,.T.);
#1620=ORIENTED_EDGE('',*,*,#2421,.T.);
#1621=ORIENTED_EDGE('',*,*,#2422,.T.);
#1622=ORIENTED_EDGE('',*,*,#2365,.T.);
#1623=ORIENTED_EDGE('',*,*,#2423,.F.);
#1624=ORIENTED_EDGE('',*,*,#2424,.T.);
#1625=ORIENTED_EDGE('',*,*,#2425,.F.);
#1626=ORIENTED_EDGE('',*,*,#2426,.T.);
#1627=ORIENTED_EDGE('',*,*,#2427,.T.);
#1628=ORIENTED_EDGE('',*,*,#2428,.T.);
#1629=ORIENTED_EDGE('',*,*,#2429,.T.);
#1630=ORIENTED_EDGE('',*,*,#2430,.T.);
#1631=ORIENTED_EDGE('',*,*,#2361,.T.);
#1632=ORIENTED_EDGE('',*,*,#2431,.T.);
#1633=ORIENTED_EDGE('',*,*,#2432,.T.);
#1634=ORIENTED_EDGE('',*,*,#2420,.F.);
#1635=ORIENTED_EDGE('',*,*,#2362,.T.);
#1636=ORIENTED_EDGE('',*,*,#2430,.F.);
#1637=ORIENTED_EDGE('',*,*,#2433,.T.);
#1638=ORIENTED_EDGE('',*,*,#2336,.T.);
#1639=ORIENTED_EDGE('',*,*,#2434,.T.);
#1640=ORIENTED_EDGE('',*,*,#2369,.T.);
#1641=ORIENTED_EDGE('',*,*,#2366,.T.);
#1642=ORIENTED_EDGE('',*,*,#2422,.F.);
#1643=ORIENTED_EDGE('',*,*,#2435,.T.);
#1644=ORIENTED_EDGE('',*,*,#2334,.T.);
#1645=ORIENTED_EDGE('',*,*,#2436,.T.);
#1646=ORIENTED_EDGE('',*,*,#2421,.F.);
#1647=ORIENTED_EDGE('',*,*,#2434,.F.);
#1648=ORIENTED_EDGE('',*,*,#2335,.F.);
#1649=ORIENTED_EDGE('',*,*,#2435,.F.);
#1650=ORIENTED_EDGE('',*,*,#2437,.F.);
#1651=ORIENTED_EDGE('',*,*,#2370,.F.);
#1652=ORIENTED_EDGE('',*,*,#2436,.F.);
#1653=ORIENTED_EDGE('',*,*,#2333,.F.);
#1654=ORIENTED_EDGE('',*,*,#2438,.F.);
#1655=ORIENTED_EDGE('',*,*,#2437,.T.);
#1656=ORIENTED_EDGE('',*,*,#2439,.F.);
#1657=ORIENTED_EDGE('',*,*,#2433,.F.);
#1658=ORIENTED_EDGE('',*,*,#2432,.F.);
#1659=ORIENTED_EDGE('',*,*,#2440,.F.);
#1660=ORIENTED_EDGE('',*,*,#2337,.F.);
#1661=ORIENTED_EDGE('',*,*,#2439,.T.);
#1662=ORIENTED_EDGE('',*,*,#2332,.F.);
#1663=ORIENTED_EDGE('',*,*,#2441,.F.);
#1664=ORIENTED_EDGE('',*,*,#2428,.F.);
#1665=ORIENTED_EDGE('',*,*,#2438,.T.);
#1666=ORIENTED_EDGE('',*,*,#2427,.F.);
#1667=ORIENTED_EDGE('',*,*,#2442,.F.);
#1668=ORIENTED_EDGE('',*,*,#2371,.F.);
#1669=ORIENTED_EDGE('',*,*,#2441,.T.);
#1670=ORIENTED_EDGE('',*,*,#2440,.T.);
#1671=ORIENTED_EDGE('',*,*,#2443,.F.);
#1672=ORIENTED_EDGE('',*,*,#2368,.T.);
#1673=ORIENTED_EDGE('',*,*,#2442,.T.);
#1674=ORIENTED_EDGE('',*,*,#2444,.F.);
#1675=ORIENTED_EDGE('',*,*,#2423,.T.);
#1676=ORIENTED_EDGE('',*,*,#2443,.T.);
#1677=ORIENTED_EDGE('',*,*,#2431,.F.);
#1678=ORIENTED_EDGE('',*,*,#2445,.F.);
#1679=ORIENTED_EDGE('',*,*,#2429,.F.);
#1680=ORIENTED_EDGE('',*,*,#2444,.T.);
#1681=ORIENTED_EDGE('',*,*,#2426,.F.);
#1682=ORIENTED_EDGE('',*,*,#2446,.F.);
#1683=ORIENTED_EDGE('',*,*,#2424,.F.);
#1684=ORIENTED_EDGE('',*,*,#2446,.T.);
#1685=ORIENTED_EDGE('',*,*,#2445,.T.);
#1686=ORIENTED_EDGE('',*,*,#2364,.F.);
#1687=ORIENTED_EDGE('',*,*,#2425,.T.);
#1688=ORIENTED_EDGE('',*,*,#2447,.F.);
#1689=ORIENTED_EDGE('',*,*,#2448,.F.);
#1690=ORIENTED_EDGE('',*,*,#2415,.F.);
#1691=ORIENTED_EDGE('',*,*,#2271,.F.);
#1692=ORIENTED_EDGE('',*,*,#2449,.F.);
#1693=ORIENTED_EDGE('',*,*,#2450,.F.);
#1694=ORIENTED_EDGE('',*,*,#2416,.F.);
#1695=ORIENTED_EDGE('',*,*,#2448,.T.);
#1696=ORIENTED_EDGE('',*,*,#2451,.F.);
#1697=ORIENTED_EDGE('',*,*,#2452,.F.);
#1698=ORIENTED_EDGE('',*,*,#2417,.F.);
#1699=ORIENTED_EDGE('',*,*,#2450,.T.);
#1700=ORIENTED_EDGE('',*,*,#2453,.F.);
#1701=ORIENTED_EDGE('',*,*,#2454,.F.);
#1702=ORIENTED_EDGE('',*,*,#2418,.F.);
#1703=ORIENTED_EDGE('',*,*,#2452,.T.);
#1704=ORIENTED_EDGE('',*,*,#2455,.F.);
#1705=ORIENTED_EDGE('',*,*,#2269,.F.);
#1706=ORIENTED_EDGE('',*,*,#2419,.F.);
#1707=ORIENTED_EDGE('',*,*,#2454,.T.);
#1708=ORIENTED_EDGE('',*,*,#2456,.F.);
#1709=ORIENTED_EDGE('',*,*,#2457,.F.);
#1710=ORIENTED_EDGE('',*,*,#2410,.F.);
#1711=ORIENTED_EDGE('',*,*,#2259,.F.);
#1712=ORIENTED_EDGE('',*,*,#2458,.F.);
#1713=ORIENTED_EDGE('',*,*,#2459,.F.);
#1714=ORIENTED_EDGE('',*,*,#2411,.F.);
#1715=ORIENTED_EDGE('',*,*,#2457,.T.);
#1716=ORIENTED_EDGE('',*,*,#2231,.F.);
#1717=ORIENTED_EDGE('',*,*,#2460,.F.);
#1718=ORIENTED_EDGE('',*,*,#2412,.F.);
#1719=ORIENTED_EDGE('',*,*,#2459,.T.);
#1720=ORIENTED_EDGE('',*,*,#2225,.F.);
#1721=ORIENTED_EDGE('',*,*,#2461,.F.);
#1722=ORIENTED_EDGE('',*,*,#2462,.F.);
#1723=ORIENTED_EDGE('',*,*,#2463,.F.);
#1724=ORIENTED_EDGE('',*,*,#2413,.F.);
#1725=ORIENTED_EDGE('',*,*,#2460,.T.);
#1726=ORIENTED_EDGE('',*,*,#2464,.F.);
#1727=ORIENTED_EDGE('',*,*,#2281,.F.);
#1728=ORIENTED_EDGE('',*,*,#2414,.F.);
#1729=ORIENTED_EDGE('',*,*,#2463,.T.);
#1730=ORIENTED_EDGE('',*,*,#2465,.T.);
#1731=ORIENTED_EDGE('',*,*,#2466,.F.);
#1732=ORIENTED_EDGE('',*,*,#2286,.T.);
#1733=ORIENTED_EDGE('',*,*,#2467,.T.);
#1734=ORIENTED_EDGE('',*,*,#2288,.T.);
#1735=ORIENTED_EDGE('',*,*,#2468,.T.);
#1736=ORIENTED_EDGE('',*,*,#2469,.T.);
#1737=ORIENTED_EDGE('',*,*,#2470,.T.);
#1738=ORIENTED_EDGE('',*,*,#2469,.F.);
#1739=ORIENTED_EDGE('',*,*,#2471,.T.);
#1740=ORIENTED_EDGE('',*,*,#2351,.F.);
#1741=ORIENTED_EDGE('',*,*,#2472,.T.);
#1742=ORIENTED_EDGE('',*,*,#2473,.F.);
#1743=ORIENTED_EDGE('',*,*,#2319,.F.);
#1744=ORIENTED_EDGE('',*,*,#2474,.F.);
#1745=ORIENTED_EDGE('',*,*,#2475,.F.);
#1746=ORIENTED_EDGE('',*,*,#2476,.F.);
#1747=ORIENTED_EDGE('',*,*,#2310,.F.);
#1748=ORIENTED_EDGE('',*,*,#2477,.F.);
#1749=ORIENTED_EDGE('',*,*,#2285,.F.);
#1750=ORIENTED_EDGE('',*,*,#2478,.F.);
#1751=ORIENTED_EDGE('',*,*,#2479,.F.);
#1752=ORIENTED_EDGE('',*,*,#2480,.F.);
#1753=ORIENTED_EDGE('',*,*,#2322,.F.);
#1754=ORIENTED_EDGE('',*,*,#2397,.F.);
#1755=ORIENTED_EDGE('',*,*,#2481,.F.);
#1756=ORIENTED_EDGE('',*,*,#2482,.F.);
#1757=ORIENTED_EDGE('',*,*,#2483,.T.);
#1758=ORIENTED_EDGE('',*,*,#2398,.F.);
#1759=ORIENTED_EDGE('',*,*,#2483,.F.);
#1760=ORIENTED_EDGE('',*,*,#2484,.F.);
#1761=ORIENTED_EDGE('',*,*,#2315,.T.);
#1762=ORIENTED_EDGE('',*,*,#2473,.T.);
#1763=ORIENTED_EDGE('',*,*,#2309,.F.);
#1764=ORIENTED_EDGE('',*,*,#2293,.F.);
#1765=ORIENTED_EDGE('',*,*,#2485,.T.);
#1766=ORIENTED_EDGE('',*,*,#2399,.F.);
#1767=ORIENTED_EDGE('',*,*,#2485,.F.);
#1768=ORIENTED_EDGE('',*,*,#2292,.F.);
#1769=ORIENTED_EDGE('',*,*,#2486,.T.);
#1770=ORIENTED_EDGE('',*,*,#2396,.F.);
#1771=ORIENTED_EDGE('',*,*,#2486,.F.);
#1772=ORIENTED_EDGE('',*,*,#2308,.F.);
#1773=ORIENTED_EDGE('',*,*,#2282,.T.);
#1774=ORIENTED_EDGE('',*,*,#2477,.T.);
#1775=ORIENTED_EDGE('',*,*,#2321,.F.);
#1776=ORIENTED_EDGE('',*,*,#2487,.F.);
#1777=ORIENTED_EDGE('',*,*,#2481,.T.);
#1778=ORIENTED_EDGE('',*,*,#2476,.T.);
#1779=ORIENTED_EDGE('',*,*,#2488,.F.);
#1780=ORIENTED_EDGE('',*,*,#2295,.F.);
#1781=ORIENTED_EDGE('',*,*,#2311,.T.);
#1782=ORIENTED_EDGE('',*,*,#2475,.T.);
#1783=ORIENTED_EDGE('',*,*,#2489,.F.);
#1784=ORIENTED_EDGE('',*,*,#2296,.F.);
#1785=ORIENTED_EDGE('',*,*,#2488,.T.);
#1786=ORIENTED_EDGE('',*,*,#2474,.T.);
#1787=ORIENTED_EDGE('',*,*,#2318,.F.);
#1788=ORIENTED_EDGE('',*,*,#2297,.F.);
#1789=ORIENTED_EDGE('',*,*,#2489,.T.);
#1790=ORIENTED_EDGE('',*,*,#2480,.T.);
#1791=ORIENTED_EDGE('',*,*,#2490,.F.);
#1792=ORIENTED_EDGE('',*,*,#2305,.F.);
#1793=ORIENTED_EDGE('',*,*,#2323,.T.);
#1794=ORIENTED_EDGE('',*,*,#2479,.T.);
#1795=ORIENTED_EDGE('',*,*,#2491,.F.);
#1796=ORIENTED_EDGE('',*,*,#2306,.F.);
#1797=ORIENTED_EDGE('',*,*,#2490,.T.);
#1798=ORIENTED_EDGE('',*,*,#2478,.T.);
#1799=ORIENTED_EDGE('',*,*,#2284,.F.);
#1800=ORIENTED_EDGE('',*,*,#2307,.F.);
#1801=ORIENTED_EDGE('',*,*,#2491,.T.);
#1802=ORIENTED_EDGE('',*,*,#2492,.F.);
#1803=ORIENTED_EDGE('',*,*,#2493,.T.);
#1804=ORIENTED_EDGE('',*,*,#2346,.T.);
#1805=ORIENTED_EDGE('',*,*,#2471,.F.);
#1806=ORIENTED_EDGE('',*,*,#2494,.F.);
#1807=ORIENTED_EDGE('',*,*,#2347,.F.);
#1808=ORIENTED_EDGE('',*,*,#2493,.F.);
#1809=ORIENTED_EDGE('',*,*,#2465,.F.);
#1810=ORIENTED_EDGE('',*,*,#2291,.T.);
#1811=ORIENTED_EDGE('',*,*,#2495,.F.);
#1812=ORIENTED_EDGE('',*,*,#2348,.F.);
#1813=ORIENTED_EDGE('',*,*,#2494,.T.);
#1814=ORIENTED_EDGE('',*,*,#2467,.F.);
#1815=ORIENTED_EDGE('',*,*,#2472,.F.);
#1816=ORIENTED_EDGE('',*,*,#2350,.F.);
#1817=ORIENTED_EDGE('',*,*,#2496,.F.);
#1818=ORIENTED_EDGE('',*,*,#2289,.T.);
#1819=ORIENTED_EDGE('',*,*,#2470,.F.);
#1820=ORIENTED_EDGE('',*,*,#2290,.T.);
#1821=ORIENTED_EDGE('',*,*,#2496,.T.);
#1822=ORIENTED_EDGE('',*,*,#2349,.T.);
#1823=ORIENTED_EDGE('',*,*,#2495,.T.);
#1824=ORIENTED_EDGE('',*,*,#2468,.F.);
#1825=ORIENTED_EDGE('',*,*,#2287,.T.);
#1826=ORIENTED_EDGE('',*,*,#2466,.T.);
#1827=ORIENTED_EDGE('',*,*,#2492,.T.);
#1828=ORIENTED_EDGE('',*,*,#2352,.F.);
#1829=ORIENTED_EDGE('',*,*,#2331,.F.);
#1830=ORIENTED_EDGE('',*,*,#2353,.T.);
#1831=ORIENTED_EDGE('',*,*,#2497,.T.);
#1832=ORIENTED_EDGE('',*,*,#2340,.T.);
#1833=ORIENTED_EDGE('',*,*,#2498,.T.);
#1834=ORIENTED_EDGE('',*,*,#2355,.T.);
#1835=ORIENTED_EDGE('',*,*,#2499,.T.);
#1836=ORIENTED_EDGE('',*,*,#2338,.T.);
#1837=ORIENTED_EDGE('',*,*,#2500,.T.);
#1838=ORIENTED_EDGE('',*,*,#2344,.T.);
#1839=ORIENTED_EDGE('',*,*,#2501,.T.);
#1840=ORIENTED_EDGE('',*,*,#2357,.T.);
#1841=ORIENTED_EDGE('',*,*,#2502,.T.);
#1842=ORIENTED_EDGE('',*,*,#2359,.T.);
#1843=ORIENTED_EDGE('',*,*,#2503,.T.);
#1844=ORIENTED_EDGE('',*,*,#2342,.T.);
#1845=ORIENTED_EDGE('',*,*,#2504,.T.);
#1846=ORIENTED_EDGE('',*,*,#2358,.F.);
#1847=ORIENTED_EDGE('',*,*,#2501,.F.);
#1848=ORIENTED_EDGE('',*,*,#2343,.F.);
#1849=ORIENTED_EDGE('',*,*,#2503,.F.);
#1850=ORIENTED_EDGE('',*,*,#2360,.F.);
#1851=ORIENTED_EDGE('',*,*,#2504,.F.);
#1852=ORIENTED_EDGE('',*,*,#2341,.F.);
#1853=ORIENTED_EDGE('',*,*,#2497,.F.);
#1854=ORIENTED_EDGE('',*,*,#2354,.F.);
#1855=ORIENTED_EDGE('',*,*,#2498,.F.);
#1856=ORIENTED_EDGE('',*,*,#2339,.F.);
#1857=ORIENTED_EDGE('',*,*,#2499,.F.);
#1858=ORIENTED_EDGE('',*,*,#2356,.F.);
#1859=ORIENTED_EDGE('',*,*,#2500,.F.);
#1860=ORIENTED_EDGE('',*,*,#2345,.F.);
#1861=ORIENTED_EDGE('',*,*,#2502,.F.);
#1862=ORIENTED_EDGE('',*,*,#2482,.T.);
#1863=ORIENTED_EDGE('',*,*,#2487,.T.);
#1864=ORIENTED_EDGE('',*,*,#2320,.T.);
#1865=ORIENTED_EDGE('',*,*,#2330,.T.);
#1866=ORIENTED_EDGE('',*,*,#2328,.T.);
#1867=ORIENTED_EDGE('',*,*,#2312,.T.);
#1868=ORIENTED_EDGE('',*,*,#2327,.T.);
#1869=ORIENTED_EDGE('',*,*,#2325,.T.);
#1870=ORIENTED_EDGE('',*,*,#2316,.T.);
#1871=ORIENTED_EDGE('',*,*,#2484,.T.);
#1872=ORIENTED_EDGE('',*,*,#2449,.T.);
#1873=ORIENTED_EDGE('',*,*,#2505,.T.);
#1874=ORIENTED_EDGE('',*,*,#2257,.T.);
#1875=ORIENTED_EDGE('',*,*,#2506,.F.);
#1876=ORIENTED_EDGE('',*,*,#2451,.T.);
#1877=ORIENTED_EDGE('',*,*,#2506,.T.);
#1878=ORIENTED_EDGE('',*,*,#2256,.T.);
#1879=ORIENTED_EDGE('',*,*,#2507,.F.);
#1880=ORIENTED_EDGE('',*,*,#2453,.T.);
#1881=ORIENTED_EDGE('',*,*,#2507,.T.);
#1882=ORIENTED_EDGE('',*,*,#2255,.T.);
#1883=ORIENTED_EDGE('',*,*,#2508,.F.);
#1884=ORIENTED_EDGE('',*,*,#2264,.T.);
#1885=ORIENTED_EDGE('',*,*,#2455,.T.);
#1886=ORIENTED_EDGE('',*,*,#2508,.T.);
#1887=ORIENTED_EDGE('',*,*,#2254,.T.);
#1888=ORIENTED_EDGE('',*,*,#2270,.T.);
#1889=ORIENTED_EDGE('',*,*,#2246,.T.);
#1890=ORIENTED_EDGE('',*,*,#2505,.F.);
#1891=ORIENTED_EDGE('',*,*,#2447,.T.);
#1892=ORIENTED_EDGE('',*,*,#2462,.T.);
#1893=ORIENTED_EDGE('',*,*,#2230,.T.);
#1894=ORIENTED_EDGE('',*,*,#2241,.T.);
#1895=ORIENTED_EDGE('',*,*,#2509,.F.);
#1896=ORIENTED_EDGE('',*,*,#2458,.T.);
#1897=ORIENTED_EDGE('',*,*,#2510,.T.);
#1898=ORIENTED_EDGE('',*,*,#2245,.T.);
#1899=ORIENTED_EDGE('',*,*,#2226,.F.);
#1900=ORIENTED_EDGE('',*,*,#2258,.T.);
#1901=ORIENTED_EDGE('',*,*,#2232,.T.);
#1902=ORIENTED_EDGE('',*,*,#2510,.F.);
#1903=ORIENTED_EDGE('',*,*,#2456,.T.);
#1904=ORIENTED_EDGE('',*,*,#2276,.T.);
#1905=ORIENTED_EDGE('',*,*,#2464,.T.);
#1906=ORIENTED_EDGE('',*,*,#2509,.T.);
#1907=ORIENTED_EDGE('',*,*,#2240,.T.);
#1908=ORIENTED_EDGE('',*,*,#2511,.F.);
#1909=ORIENTED_EDGE('',*,*,#2512,.T.);
#1910=ORIENTED_EDGE('',*,*,#2513,.F.);
#1911=ORIENTED_EDGE('',*,*,#2242,.T.);
#1912=ORIENTED_EDGE('',*,*,#2228,.T.);
#1913=ORIENTED_EDGE('',*,*,#2514,.F.);
#1914=ORIENTED_EDGE('',*,*,#2515,.T.);
#1915=ORIENTED_EDGE('',*,*,#2511,.T.);
#1916=ORIENTED_EDGE('',*,*,#2461,.T.);
#1917=ORIENTED_EDGE('',*,*,#2516,.F.);
#1918=ORIENTED_EDGE('',*,*,#2517,.T.);
#1919=ORIENTED_EDGE('',*,*,#2514,.T.);
#1920=ORIENTED_EDGE('',*,*,#2224,.T.);
#1921=ORIENTED_EDGE('',*,*,#2244,.F.);
#1922=ORIENTED_EDGE('',*,*,#2513,.T.);
#1923=ORIENTED_EDGE('',*,*,#2518,.T.);
#1924=ORIENTED_EDGE('',*,*,#2516,.T.);
#1925=ORIENTED_EDGE('',*,*,#2243,.T.);
#1926=ORIENTED_EDGE('',*,*,#2512,.F.);
#1927=ORIENTED_EDGE('',*,*,#2515,.F.);
#1928=ORIENTED_EDGE('',*,*,#2517,.F.);
#1929=ORIENTED_EDGE('',*,*,#2518,.F.);
#1930=ORIENTED_EDGE('',*,*,#2519,.T.);
#1931=ORIENTED_EDGE('',*,*,#2520,.T.);
#1932=ORIENTED_EDGE('',*,*,#2521,.F.);
#1933=ORIENTED_EDGE('',*,*,#2522,.T.);
#1934=ORIENTED_EDGE('',*,*,#2523,.F.);
#1935=ORIENTED_EDGE('',*,*,#2524,.T.);
#1936=ORIENTED_EDGE('',*,*,#2525,.T.);
#1937=ORIENTED_EDGE('',*,*,#2526,.F.);
#1938=ORIENTED_EDGE('',*,*,#2527,.T.);
#1939=ORIENTED_EDGE('',*,*,#2528,.F.);
#1940=ORIENTED_EDGE('',*,*,#2529,.F.);
#1941=ORIENTED_EDGE('',*,*,#2530,.T.);
#1942=ORIENTED_EDGE('',*,*,#2531,.T.);
#1943=ORIENTED_EDGE('',*,*,#2532,.F.);
#1944=ORIENTED_EDGE('',*,*,#2533,.F.);
#1945=ORIENTED_EDGE('',*,*,#2528,.T.);
#1946=ORIENTED_EDGE('',*,*,#2534,.T.);
#1947=ORIENTED_EDGE('',*,*,#2535,.F.);
#1948=ORIENTED_EDGE('',*,*,#2536,.F.);
#1949=ORIENTED_EDGE('',*,*,#2532,.T.);
#1950=ORIENTED_EDGE('',*,*,#2537,.T.);
#1951=ORIENTED_EDGE('',*,*,#2530,.F.);
#1952=ORIENTED_EDGE('',*,*,#2538,.F.);
#1953=ORIENTED_EDGE('',*,*,#2535,.T.);
#1954=ORIENTED_EDGE('',*,*,#2539,.T.);
#1955=ORIENTED_EDGE('',*,*,#2522,.F.);
#1956=ORIENTED_EDGE('',*,*,#2540,.F.);
#1957=ORIENTED_EDGE('',*,*,#2526,.T.);
#1958=ORIENTED_EDGE('',*,*,#2529,.T.);
#1959=ORIENTED_EDGE('',*,*,#2533,.T.);
#1960=ORIENTED_EDGE('',*,*,#2536,.T.);
#1961=ORIENTED_EDGE('',*,*,#2538,.T.);
#1962=ORIENTED_EDGE('',*,*,#2521,.T.);
#1963=ORIENTED_EDGE('',*,*,#2541,.T.);
#1964=ORIENTED_EDGE('',*,*,#2523,.T.);
#1965=ORIENTED_EDGE('',*,*,#2540,.T.);
#1966=ORIENTED_EDGE('',*,*,#2527,.F.);
#1967=ORIENTED_EDGE('',*,*,#2537,.F.);
#1968=ORIENTED_EDGE('',*,*,#2534,.F.);
#1969=ORIENTED_EDGE('',*,*,#2531,.F.);
#1970=ORIENTED_EDGE('',*,*,#2519,.F.);
#1971=ORIENTED_EDGE('',*,*,#2539,.F.);
#1972=ORIENTED_EDGE('',*,*,#2525,.F.);
#1973=ORIENTED_EDGE('',*,*,#2542,.F.);
#1974=ORIENTED_EDGE('',*,*,#2520,.F.);
#1975=ORIENTED_EDGE('',*,*,#2542,.T.);
#1976=ORIENTED_EDGE('',*,*,#2524,.F.);
#1977=ORIENTED_EDGE('',*,*,#2541,.F.);
#1978=EDGE_CURVE('',#2543,#2544,#2911,.T.);
#1979=EDGE_CURVE('',#2544,#2545,#808,.T.);
#1980=EDGE_CURVE('',#2546,#2545,#190,.F.);
#1981=EDGE_CURVE('',#2546,#2547,#191,.T.);
#1982=EDGE_CURVE('',#2547,#2548,#2912,.F.);
#1983=EDGE_CURVE('',#2548,#2549,#192,.F.);
#1984=EDGE_CURVE('',#2550,#2549,#193,.T.);
#1985=EDGE_CURVE('',#2550,#2551,#809,.T.);
#1986=EDGE_CURVE('',#2551,#2552,#2913,.T.);
#1987=EDGE_CURVE('',#2552,#2553,#194,.T.);
#1988=EDGE_CURVE('',#2554,#2553,#2914,.T.);
#1989=EDGE_CURVE('',#2543,#2554,#195,.T.);
#1990=EDGE_CURVE('',#2555,#2556,#2915,.T.);
#1991=EDGE_CURVE('',#2556,#2557,#810,.T.);
#1992=EDGE_CURVE('',#2557,#2558,#2916,.T.);
#1993=EDGE_CURVE('',#2558,#2555,#811,.T.);
#1994=EDGE_CURVE('',#2559,#2560,#196,.T.);
#1995=EDGE_CURVE('',#2559,#2561,#812,.T.);
#1996=EDGE_CURVE('',#2561,#2562,#2917,.T.);
#1997=EDGE_CURVE('',#2562,#2563,#197,.T.);
#1998=EDGE_CURVE('',#2564,#2563,#2918,.T.);
#1999=EDGE_CURVE('',#2565,#2564,#198,.T.);
#2000=EDGE_CURVE('',#2565,#2566,#2919,.T.);
#2001=EDGE_CURVE('',#2566,#2567,#813,.T.);
#2002=EDGE_CURVE('',#2568,#2567,#199,.F.);
#2003=EDGE_CURVE('',#2568,#2569,#200,.T.);
#2004=EDGE_CURVE('',#2569,#2570,#2920,.F.);
#2005=EDGE_CURVE('',#2570,#2560,#201,.F.);
#2006=EDGE_CURVE('',#2571,#2572,#2921,.T.);
#2007=EDGE_CURVE('',#2572,#2573,#814,.T.);
#2008=EDGE_CURVE('',#2573,#2574,#2922,.T.);
#2009=EDGE_CURVE('',#2574,#2571,#815,.T.);
#2010=EDGE_CURVE('',#2575,#2576,#2923,.T.);
#2011=EDGE_CURVE('',#2575,#2577,#816,.T.);
#2012=EDGE_CURVE('',#2577,#2578,#202,.T.);
#2013=EDGE_CURVE('',#2578,#2579,#2924,.T.);
#2014=EDGE_CURVE('',#2579,#2580,#203,.F.);
#2015=EDGE_CURVE('',#2580,#2581,#817,.T.);
#2016=EDGE_CURVE('',#2582,#2581,#2925,.T.);
#2017=EDGE_CURVE('',#2582,#2583,#204,.T.);
#2018=EDGE_CURVE('',#2583,#2584,#2926,.T.);
#2019=EDGE_CURVE('',#2576,#2584,#205,.T.);
#2020=EDGE_CURVE('',#2585,#2586,#2927,.T.);
#2021=EDGE_CURVE('',#2585,#2587,#818,.T.);
#2022=EDGE_CURVE('',#2588,#2587,#2928,.T.);
#2023=EDGE_CURVE('',#2588,#2586,#819,.T.);
#2024=EDGE_CURVE('',#2589,#2590,#206,.F.);
#2025=EDGE_CURVE('',#2590,#2591,#820,.T.);
#2026=EDGE_CURVE('',#2592,#2591,#2929,.T.);
#2027=EDGE_CURVE('',#2592,#2593,#207,.T.);
#2028=EDGE_CURVE('',#2593,#2594,#2930,.T.);
#2029=EDGE_CURVE('',#2595,#2594,#208,.T.);
#2030=EDGE_CURVE('',#2596,#2595,#2931,.T.);
#2031=EDGE_CURVE('',#2596,#2597,#821,.T.);
#2032=EDGE_CURVE('',#2597,#2598,#209,.T.);
#2033=EDGE_CURVE('',#2598,#2589,#2932,.T.);
#2034=EDGE_CURVE('',#2599,#2600,#2933,.T.);
#2035=EDGE_CURVE('',#2599,#2601,#822,.T.);
#2036=EDGE_CURVE('',#2602,#2601,#2934,.T.);
#2037=EDGE_CURVE('',#2602,#2600,#823,.T.);
#2038=EDGE_CURVE('',#2603,#2604,#2935,.F.);
#2039=EDGE_CURVE('',#2604,#2605,#210,.T.);
#2040=EDGE_CURVE('',#2605,#2606,#2936,.T.);
#2041=EDGE_CURVE('',#2606,#2607,#188,.T.);
#2042=EDGE_CURVE('',#2607,#2603,#211,.F.);
#2043=EDGE_CURVE('',#2608,#2609,#2937,.F.);
#2044=EDGE_CURVE('',#2609,#2610,#212,.T.);
#2045=EDGE_CURVE('',#2610,#2611,#2938,.F.);
#2046=EDGE_CURVE('',#2611,#2608,#213,.F.);
#2047=EDGE_CURVE('',#2612,#2613,#214,.F.);
#2048=EDGE_CURVE('',#2613,#2614,#215,.T.);
#2049=EDGE_CURVE('',#2614,#2615,#216,.F.);
#2050=EDGE_CURVE('',#2615,#2612,#217,.T.);
#2051=EDGE_CURVE('',#2616,#2617,#218,.F.);
#2052=EDGE_CURVE('',#2617,#2618,#219,.F.);
#2053=EDGE_CURVE('',#2618,#2619,#220,.T.);
#2054=EDGE_CURVE('',#2619,#2607,#221,.F.);
#2055=EDGE_CURVE('',#2606,#2616,#222,.T.);
#2056=EDGE_CURVE('',#2611,#2620,#223,.T.);
#2057=EDGE_CURVE('',#2620,#2621,#224,.T.);
#2058=EDGE_CURVE('',#2621,#2618,#225,.T.);
#2059=EDGE_CURVE('',#2608,#2617,#226,.T.);
#2060=EDGE_CURVE('',#2621,#2622,#227,.T.);
#2061=EDGE_CURVE('',#2622,#2619,#228,.T.);
#2062=EDGE_CURVE('',#2622,#2603,#229,.T.);
#2063=EDGE_CURVE('',#2620,#2604,#230,.T.);
#2064=EDGE_CURVE('',#2605,#2616,#231,.T.);
#2065=EDGE_CURVE('',#2613,#2623,#232,.T.);
#2066=EDGE_CURVE('',#2623,#2624,#233,.T.);
#2067=EDGE_CURVE('',#2624,#2614,#234,.T.);
#2068=EDGE_CURVE('',#2615,#2609,#235,.T.);
#2069=EDGE_CURVE('',#2616,#2612,#236,.T.);
#2070=EDGE_CURVE('',#2610,#2624,#237,.T.);
#2071=EDGE_CURVE('',#2623,#2620,#238,.T.);
#2072=EDGE_CURVE('',#2625,#2626,#239,.T.);
#2073=EDGE_CURVE('',#2625,#2627,#2939,.F.);
#2074=EDGE_CURVE('',#2627,#2628,#240,.T.);
#2075=EDGE_CURVE('',#2629,#2628,#241,.T.);
#2076=EDGE_CURVE('',#2629,#2626,#242,.T.);
#2077=EDGE_CURVE('',#2630,#2631,#243,.T.);
#2078=EDGE_CURVE('',#2631,#2632,#244,.T.);
#2079=EDGE_CURVE('',#2633,#2632,#245,.T.);
#2080=EDGE_CURVE('',#2630,#2633,#246,.T.);
#2081=EDGE_CURVE('',#2634,#2625,#247,.T.);
#2082=EDGE_CURVE('',#2626,#2635,#248,.T.);
#2083=EDGE_CURVE('',#2635,#2636,#249,.F.);
#2084=EDGE_CURVE('',#2636,#2634,#250,.T.);
#2085=EDGE_CURVE('',#2637,#2638,#251,.T.);
#2086=EDGE_CURVE('',#2639,#2637,#252,.F.);
#2087=EDGE_CURVE('',#2639,#2640,#253,.T.);
#2088=EDGE_CURVE('',#2640,#2638,#254,.T.);
#2089=EDGE_CURVE('',#2641,#2642,#255,.T.);
#2090=EDGE_CURVE('',#2642,#2643,#256,.T.);
#2091=EDGE_CURVE('',#2643,#2644,#257,.T.);
#2092=EDGE_CURVE('',#2644,#2645,#258,.F.);
#2093=EDGE_CURVE('',#2645,#2629,#259,.T.);
#2094=EDGE_CURVE('',#2628,#2641,#260,.T.);
#2095=EDGE_CURVE('',#2551,#2596,#261,.F.);
#2096=EDGE_CURVE('',#2595,#2630,#2940,.T.);
#2097=EDGE_CURVE('',#2633,#2582,#2941,.T.);
#2098=EDGE_CURVE('',#2581,#2566,#262,.F.);
#2099=EDGE_CURVE('',#2640,#2565,#2942,.T.);
#2100=EDGE_CURVE('',#2552,#2639,#2943,.T.);
#2101=EDGE_CURVE('',#2632,#2583,#2944,.F.);
#2102=EDGE_CURVE('',#2584,#2646,#2945,.F.);
#2103=EDGE_CURVE('',#2647,#2646,#263,.T.);
#2104=EDGE_CURVE('',#2576,#2647,#2946,.T.);
#2105=EDGE_CURVE('',#2646,#2648,#264,.T.);
#2106=EDGE_CURVE('',#2649,#2648,#265,.T.);
#2107=EDGE_CURVE('',#2647,#2649,#266,.T.);
#2108=EDGE_CURVE('',#2648,#2593,#2947,.F.);
#2109=EDGE_CURVE('',#2649,#2592,#2948,.T.);
#2110=EDGE_CURVE('',#2594,#2631,#2949,.F.);
#2111=EDGE_CURVE('',#2591,#2544,#267,.F.);
#2112=EDGE_CURVE('',#2650,#2543,#2950,.T.);
#2113=EDGE_CURVE('',#2651,#2650,#268,.T.);
#2114=EDGE_CURVE('',#2562,#2651,#2951,.T.);
#2115=EDGE_CURVE('',#2561,#2575,#269,.F.);
#2116=EDGE_CURVE('',#2652,#2653,#270,.F.);
#2117=EDGE_CURVE('',#2653,#2654,#2952,.F.);
#2118=EDGE_CURVE('',#2654,#2655,#271,.F.);
#2119=EDGE_CURVE('',#2655,#2652,#2953,.F.);
#2120=EDGE_CURVE('',#2656,#2656,#2954,.T.);
#2121=EDGE_CURVE('',#2657,#2657,#2955,.F.);
#2122=EDGE_CURVE('',#2658,#2658,#2956,.T.);
#2123=EDGE_CURVE('',#2659,#2659,#2957,.T.);
#2124=EDGE_CURVE('',#2638,#2564,#2958,.T.);
#2125=EDGE_CURVE('',#2563,#2660,#2959,.T.);
#2126=EDGE_CURVE('',#2651,#2660,#272,.F.);
#2127=EDGE_CURVE('',#2660,#2661,#273,.T.);
#2128=EDGE_CURVE('',#2650,#2661,#274,.T.);
#2129=EDGE_CURVE('',#2661,#2554,#2960,.T.);
#2130=EDGE_CURVE('',#2553,#2637,#2961,.T.);
#2131=EDGE_CURVE('',#2662,#2662,#2962,.T.);
#2132=EDGE_CURVE('',#2663,#2663,#2963,.F.);
#2133=EDGE_CURVE('',#2545,#2590,#275,.T.);
#2134=EDGE_CURVE('',#2589,#2546,#824,.T.);
#2135=EDGE_CURVE('',#2664,#2665,#276,.T.);
#2136=EDGE_CURVE('',#2664,#2666,#2964,.F.);
#2137=EDGE_CURVE('',#2667,#2666,#277,.T.);
#2138=EDGE_CURVE('',#2668,#2667,#2965,.T.);
#2139=EDGE_CURVE('',#2669,#2668,#278,.T.);
#2140=EDGE_CURVE('',#2665,#2669,#2966,.T.);
#2141=EDGE_CURVE('',#2597,#2550,#279,.T.);
#2142=EDGE_CURVE('',#2549,#2598,#825,.T.);
#2143=EDGE_CURVE('',#2567,#2580,#280,.T.);
#2144=EDGE_CURVE('',#2579,#2568,#826,.T.);
#2145=EDGE_CURVE('',#2670,#2671,#281,.T.);
#2146=EDGE_CURVE('',#2670,#2672,#2967,.F.);
#2147=EDGE_CURVE('',#2673,#2672,#282,.T.);
#2148=EDGE_CURVE('',#2674,#2673,#2968,.T.);
#2149=EDGE_CURVE('',#2675,#2674,#283,.T.);
#2150=EDGE_CURVE('',#2671,#2675,#2969,.T.);
#2151=EDGE_CURVE('',#2577,#2559,#284,.T.);
#2152=EDGE_CURVE('',#2560,#2578,#827,.T.);
#2153=EDGE_CURVE('',#2676,#2677,#285,.T.);
#2154=EDGE_CURVE('',#2677,#2678,#2970,.T.);
#2155=EDGE_CURVE('',#2678,#2679,#286,.T.);
#2156=EDGE_CURVE('',#2679,#2680,#2971,.T.);
#2157=EDGE_CURVE('',#2680,#2681,#287,.T.);
#2158=EDGE_CURVE('',#2681,#2676,#2972,.T.);
#2159=EDGE_CURVE('',#2680,#2675,#288,.T.);
#2160=EDGE_CURVE('',#2679,#2671,#289,.T.);
#2161=EDGE_CURVE('',#2681,#2674,#290,.T.);
#2162=EDGE_CURVE('',#2676,#2673,#291,.T.);
#2163=EDGE_CURVE('',#2672,#2560,#828,.T.);
#2164=EDGE_CURVE('',#2570,#2677,#829,.T.);
#2165=EDGE_CURVE('',#2568,#2670,#830,.T.);
#2166=EDGE_CURVE('',#2678,#2569,#831,.T.);
#2167=EDGE_CURVE('',#2682,#2683,#292,.T.);
#2168=EDGE_CURVE('',#2683,#2684,#2973,.T.);
#2169=EDGE_CURVE('',#2684,#2685,#293,.T.);
#2170=EDGE_CURVE('',#2685,#2686,#2974,.T.);
#2171=EDGE_CURVE('',#2686,#2687,#294,.T.);
#2172=EDGE_CURVE('',#2687,#2682,#2975,.T.);
#2173=EDGE_CURVE('',#2687,#2668,#295,.T.);
#2174=EDGE_CURVE('',#2686,#2669,#296,.T.);
#2175=EDGE_CURVE('',#2682,#2667,#297,.T.);
#2176=EDGE_CURVE('',#2666,#2549,#832,.T.);
#2177=EDGE_CURVE('',#2548,#2683,#833,.T.);
#2178=EDGE_CURVE('',#2546,#2664,#834,.T.);
#2179=EDGE_CURVE('',#2685,#2665,#298,.T.);
#2180=EDGE_CURVE('',#2684,#2547,#835,.T.);
#2181=EDGE_CURVE('',#2645,#2635,#299,.T.);
#2182=EDGE_CURVE('',#2636,#2644,#300,.T.);
#2183=EDGE_CURVE('',#2643,#2688,#301,.F.);
#2184=EDGE_CURVE('',#2689,#2688,#302,.T.);
#2185=EDGE_CURVE('',#2689,#2634,#2976,.F.);
#2186=EDGE_CURVE('',#2627,#2689,#303,.F.);
#2187=EDGE_CURVE('',#2688,#2690,#304,.F.);
#2188=EDGE_CURVE('',#2691,#2690,#305,.T.);
#2189=EDGE_CURVE('',#2628,#2691,#306,.T.);
#2190=EDGE_CURVE('',#2690,#2692,#307,.T.);
#2191=EDGE_CURVE('',#2693,#2692,#308,.T.);
#2192=EDGE_CURVE('',#2691,#2693,#309,.T.);
#2193=EDGE_CURVE('',#2692,#2694,#310,.F.);
#2194=EDGE_CURVE('',#2694,#2695,#311,.F.);
#2195=EDGE_CURVE('',#2693,#2695,#312,.T.);
#2196=EDGE_CURVE('',#2695,#2641,#2977,.F.);
#2197=EDGE_CURVE('',#2642,#2696,#2978,.T.);
#2198=EDGE_CURVE('',#2696,#2643,#313,.T.);
#2199=EDGE_CURVE('',#2696,#2694,#189,.T.);
#2200=EDGE_CURVE('',#2652,#2632,#2979,.T.);
#2201=EDGE_CURVE('',#2583,#2652,#2980,.T.);
#2202=EDGE_CURVE('',#2584,#2655,#2981,.T.);
#2203=EDGE_CURVE('',#2653,#2631,#2982,.T.);
#2204=EDGE_CURVE('',#2646,#2655,#2983,.T.);
#2205=EDGE_CURVE('',#2653,#2594,#2984,.T.);
#2206=EDGE_CURVE('',#2648,#2654,#2985,.T.);
#2207=EDGE_CURVE('',#2654,#2593,#2986,.T.);
#2208=EDGE_CURVE('',#2557,#2602,#314,.F.);
#2209=EDGE_CURVE('',#2601,#2558,#315,.T.);
#2210=EDGE_CURVE('',#2599,#2555,#316,.T.);
#2211=EDGE_CURVE('',#2600,#2556,#317,.T.);
#2212=EDGE_CURVE('',#2571,#2588,#318,.T.);
#2213=EDGE_CURVE('',#2572,#2587,#319,.T.);
#2214=EDGE_CURVE('',#2586,#2574,#320,.F.);
#2215=EDGE_CURVE('',#2573,#2585,#321,.T.);
#2216=EDGE_CURVE('',#2697,#2697,#2987,.T.);
#2217=EDGE_CURVE('',#2698,#2698,#2988,.T.);
#2218=EDGE_CURVE('',#2699,#2699,#2989,.T.);
#2219=EDGE_CURVE('',#2700,#2700,#2990,.T.);
#2220=EDGE_CURVE('',#2701,#2701,#2991,.T.);
#2221=EDGE_CURVE('',#2702,#2702,#2992,.F.);
#2222=EDGE_CURVE('',#2703,#2703,#2993,.F.);
#2223=EDGE_CURVE('',#2704,#2704,#2994,.T.);
#2224=EDGE_CURVE('',#2705,#2706,#322,.T.);
#2225=EDGE_CURVE('',#2705,#2707,#323,.F.);
#2226=EDGE_CURVE('',#2707,#2708,#324,.T.);
#2227=EDGE_CURVE('',#2708,#2706,#325,.T.);
#2228=EDGE_CURVE('',#2709,#2710,#326,.T.);
#2229=EDGE_CURVE('',#2709,#2711,#327,.T.);
#2230=EDGE_CURVE('',#2712,#2711,#328,.T.);
#2231=EDGE_CURVE('',#2712,#2710,#329,.F.);
#2232=EDGE_CURVE('',#2713,#2714,#2995,.T.);
#2233=EDGE_CURVE('',#2715,#2713,#330,.T.);
#2234=EDGE_CURVE('',#2716,#2715,#2996,.T.);
#2235=EDGE_CURVE('',#2717,#2716,#2997,.T.);
#2236=EDGE_CURVE('',#2718,#2717,#331,.T.);
#2237=EDGE_CURVE('',#2719,#2718,#2998,.T.);
#2238=EDGE_CURVE('',#2720,#2719,#2999,.T.);
#2239=EDGE_CURVE('',#2721,#2720,#332,.T.);
#2240=EDGE_CURVE('',#2722,#2721,#3000,.T.);
#2241=EDGE_CURVE('',#2711,#2722,#3001,.T.);
#2242=EDGE_CURVE('',#2723,#2709,#333,.T.);
#2243=EDGE_CURVE('',#2724,#2723,#334,.T.);
#2244=EDGE_CURVE('',#2724,#2706,#335,.T.);
#2245=EDGE_CURVE('',#2714,#2708,#3002,.T.);
#2246=EDGE_CURVE('',#2725,#2726,#3003,.T.);
#2247=EDGE_CURVE('',#2727,#2725,#336,.T.);
#2248=EDGE_CURVE('',#2728,#2727,#3004,.T.);
#2249=EDGE_CURVE('',#2729,#2728,#3005,.T.);
#2250=EDGE_CURVE('',#2730,#2729,#337,.T.);
#2251=EDGE_CURVE('',#2731,#2730,#3006,.T.);
#2252=EDGE_CURVE('',#2732,#2731,#3007,.T.);
#2253=EDGE_CURVE('',#2733,#2732,#338,.T.);
#2254=EDGE_CURVE('',#2734,#2733,#3008,.T.);
#2255=EDGE_CURVE('',#2735,#2734,#3009,.T.);
#2256=EDGE_CURVE('',#2736,#2735,#339,.T.);
#2257=EDGE_CURVE('',#2726,#2736,#3010,.T.);
#2258=EDGE_CURVE('',#2737,#2713,#340,.T.);
#2259=EDGE_CURVE('',#2737,#2738,#836,.T.);
#2260=EDGE_CURVE('',#2738,#2739,#341,.T.);
#2261=EDGE_CURVE('',#2739,#2740,#342,.T.);
#2262=EDGE_CURVE('',#2741,#2740,#343,.T.);
#2263=EDGE_CURVE('',#2715,#2741,#344,.T.);
#2264=EDGE_CURVE('',#2733,#2742,#345,.F.);
#2265=EDGE_CURVE('',#2732,#2743,#346,.T.);
#2266=EDGE_CURVE('',#2744,#2743,#347,.T.);
#2267=EDGE_CURVE('',#2745,#2744,#348,.T.);
#2268=EDGE_CURVE('',#2745,#2746,#349,.T.);
#2269=EDGE_CURVE('',#2746,#2742,#837,.T.);
#2270=EDGE_CURVE('',#2747,#2725,#350,.T.);
#2271=EDGE_CURVE('',#2747,#2748,#838,.T.);
#2272=EDGE_CURVE('',#2748,#2749,#351,.T.);
#2273=EDGE_CURVE('',#2749,#2750,#352,.T.);
#2274=EDGE_CURVE('',#2751,#2750,#353,.T.);
#2275=EDGE_CURVE('',#2727,#2751,#354,.T.);
#2276=EDGE_CURVE('',#2721,#2752,#355,.F.);
#2277=EDGE_CURVE('',#2720,#2753,#356,.T.);
#2278=EDGE_CURVE('',#2754,#2753,#357,.T.);
#2279=EDGE_CURVE('',#2755,#2754,#358,.T.);
#2280=EDGE_CURVE('',#2755,#2756,#359,.T.);
#2281=EDGE_CURVE('',#2756,#2752,#839,.T.);
#2282=EDGE_CURVE('',#2757,#2758,#360,.T.);
#2283=EDGE_CURVE('',#2759,#2757,#361,.T.);
#2284=EDGE_CURVE('',#2759,#2760,#362,.T.);
#2285=EDGE_CURVE('',#2760,#2758,#363,.T.);
#2286=EDGE_CURVE('',#2761,#2762,#3011,.T.);
#2287=EDGE_CURVE('',#2763,#2761,#364,.F.);
#2288=EDGE_CURVE('',#2764,#2763,#3012,.T.);
#2289=EDGE_CURVE('',#2765,#2764,#365,.T.);
#2290=EDGE_CURVE('',#2766,#2765,#3013,.F.);
#2291=EDGE_CURVE('',#2762,#2766,#366,.T.);
#2292=EDGE_CURVE('',#2767,#2768,#367,.T.);
#2293=EDGE_CURVE('',#2768,#2769,#3014,.T.);
#2294=EDGE_CURVE('',#2769,#2770,#368,.T.);
#2295=EDGE_CURVE('',#2770,#2771,#3015,.F.);
#2296=EDGE_CURVE('',#2771,#2772,#369,.T.);
#2297=EDGE_CURVE('',#2772,#2773,#3016,.F.);
#2298=EDGE_CURVE('',#2773,#2774,#370,.T.);
#2299=EDGE_CURVE('',#2775,#2774,#3017,.F.);
#2300=EDGE_CURVE('',#2775,#2776,#3018,.T.);
#2301=EDGE_CURVE('',#2776,#2777,#371,.T.);
#2302=EDGE_CURVE('',#2777,#2778,#3019,.T.);
#2303=EDGE_CURVE('',#2778,#2779,#3020,.T.);
#2304=EDGE_CURVE('',#2779,#2780,#372,.T.);
#2305=EDGE_CURVE('',#2780,#2781,#3021,.F.);
#2306=EDGE_CURVE('',#2781,#2782,#373,.T.);
#2307=EDGE_CURVE('',#2782,#2759,#3022,.F.);
#2308=EDGE_CURVE('',#2757,#2767,#3023,.T.);
#2309=EDGE_CURVE('',#2769,#2783,#374,.T.);
#2310=EDGE_CURVE('',#2783,#2784,#375,.T.);
#2311=EDGE_CURVE('',#2770,#2784,#376,.T.);
#2312=EDGE_CURVE('',#2785,#2786,#377,.T.);
#2313=EDGE_CURVE('',#2777,#2785,#378,.T.);
#2314=EDGE_CURVE('',#2776,#2786,#379,.T.);
#2315=EDGE_CURVE('',#2787,#2788,#380,.T.);
#2316=EDGE_CURVE('',#2789,#2787,#381,.T.);
#2317=EDGE_CURVE('',#2774,#2789,#382,.T.);
#2318=EDGE_CURVE('',#2773,#2790,#383,.T.);
#2319=EDGE_CURVE('',#2790,#2788,#384,.T.);
#2320=EDGE_CURVE('',#2791,#2792,#385,.T.);
#2321=EDGE_CURVE('',#2791,#2793,#386,.T.);
#2322=EDGE_CURVE('',#2793,#2794,#387,.T.);
#2323=EDGE_CURVE('',#2780,#2794,#388,.T.);
#2324=EDGE_CURVE('',#2779,#2792,#389,.T.);
#2325=EDGE_CURVE('',#2795,#2789,#3024,.T.);
#2326=EDGE_CURVE('',#2775,#2795,#390,.T.);
#2327=EDGE_CURVE('',#2786,#2795,#3025,.T.);
#2328=EDGE_CURVE('',#2796,#2785,#3026,.T.);
#2329=EDGE_CURVE('',#2778,#2796,#391,.T.);
#2330=EDGE_CURVE('',#2792,#2796,#3027,.T.);
#2331=EDGE_CURVE('',#2797,#2797,#3028,.T.);
#2332=EDGE_CURVE('',#2798,#2799,#392,.F.);
#2333=EDGE_CURVE('',#2799,#2800,#3029,.F.);
#2334=EDGE_CURVE('',#2801,#2800,#393,.T.);
#2335=EDGE_CURVE('',#2801,#2802,#3030,.T.);
#2336=EDGE_CURVE('',#2803,#2802,#394,.T.);
#2337=EDGE_CURVE('',#2803,#2798,#3031,.F.);
#2338=EDGE_CURVE('',#2804,#2805,#395,.T.);
#2339=EDGE_CURVE('',#2804,#2806,#3032,.T.);
#2340=EDGE_CURVE('',#2807,#2806,#396,.T.);
#2341=EDGE_CURVE('',#2807,#2808,#3033,.T.);
#2342=EDGE_CURVE('',#2809,#2808,#397,.T.);
#2343=EDGE_CURVE('',#2809,#2810,#3034,.T.);
#2344=EDGE_CURVE('',#2811,#2810,#398,.T.);
#2345=EDGE_CURVE('',#2811,#2805,#3035,.T.);
#2346=EDGE_CURVE('',#2812,#2813,#399,.T.);
#2347=EDGE_CURVE('',#2812,#2814,#3036,.T.);
#2348=EDGE_CURVE('',#2814,#2815,#400,.T.);
#2349=EDGE_CURVE('',#2816,#2815,#3037,.T.);
#2350=EDGE_CURVE('',#2816,#2817,#401,.T.);
#2351=EDGE_CURVE('',#2817,#2813,#3038,.T.);
#2352=EDGE_CURVE('',#2818,#2818,#3039,.F.);
#2353=EDGE_CURVE('',#2819,#2820,#402,.T.);
#2354=EDGE_CURVE('',#2819,#2821,#3040,.F.);
#2355=EDGE_CURVE('',#2822,#2821,#403,.T.);
#2356=EDGE_CURVE('',#2822,#2823,#3041,.F.);
#2357=EDGE_CURVE('',#2824,#2823,#404,.T.);
#2358=EDGE_CURVE('',#2824,#2825,#3042,.F.);
#2359=EDGE_CURVE('',#2826,#2825,#405,.T.);
#2360=EDGE_CURVE('',#2826,#2820,#3043,.F.);
#2361=EDGE_CURVE('',#2827,#2828,#3044,.F.);
#2362=EDGE_CURVE('',#2829,#2827,#840,.T.);
#2363=EDGE_CURVE('',#2830,#2829,#3045,.T.);
#2364=EDGE_CURVE('',#2830,#2828,#3046,.F.);
#2365=EDGE_CURVE('',#2831,#2832,#3047,.T.);
#2366=EDGE_CURVE('',#2833,#2831,#841,.T.);
#2367=EDGE_CURVE('',#2834,#2833,#3048,.F.);
#2368=EDGE_CURVE('',#2832,#2834,#3049,.T.);
#2369=EDGE_CURVE('',#2835,#2833,#406,.T.);
#2370=EDGE_CURVE('',#2835,#2836,#3050,.T.);
#2371=EDGE_CURVE('',#2836,#2834,#407,.T.);
#2372=EDGE_CURVE('',#2743,#2741,#3051,.T.);
#2373=EDGE_CURVE('',#2740,#2837,#3052,.T.);
#2374=EDGE_CURVE('',#2837,#2838,#408,.T.);
#2375=EDGE_CURVE('',#2838,#2744,#3053,.T.);
#2376=EDGE_CURVE('',#2753,#2751,#3054,.T.);
#2377=EDGE_CURVE('',#2750,#2839,#3055,.T.);
#2378=EDGE_CURVE('',#2839,#2840,#409,.T.);
#2379=EDGE_CURVE('',#2840,#2754,#3056,.T.);
#2380=EDGE_CURVE('',#2841,#2842,#3057,.T.);
#2381=EDGE_CURVE('',#2729,#2842,#410,.T.);
#2382=EDGE_CURVE('',#2728,#2841,#411,.T.);
#2383=EDGE_CURVE('',#2842,#2843,#412,.T.);
#2384=EDGE_CURVE('',#2730,#2843,#413,.T.);
#2385=EDGE_CURVE('',#2843,#2844,#3058,.T.);
#2386=EDGE_CURVE('',#2731,#2844,#414,.T.);
#2387=EDGE_CURVE('',#2844,#2845,#3059,.T.);
#2388=EDGE_CURVE('',#2716,#2845,#415,.T.);
#2389=EDGE_CURVE('',#2845,#2846,#3060,.T.);
#2390=EDGE_CURVE('',#2717,#2846,#416,.T.);
#2391=EDGE_CURVE('',#2846,#2847,#417,.T.);
#2392=EDGE_CURVE('',#2718,#2847,#418,.T.);
#2393=EDGE_CURVE('',#2847,#2848,#3061,.T.);
#2394=EDGE_CURVE('',#2719,#2848,#419,.T.);
#2395=EDGE_CURVE('',#2848,#2841,#3062,.T.);
#2396=EDGE_CURVE('',#2849,#2850,#3063,.T.);
#2397=EDGE_CURVE('',#2850,#2851,#420,.T.);
#2398=EDGE_CURVE('',#2851,#2852,#3064,.T.);
#2399=EDGE_CURVE('',#2852,#2849,#421,.T.);
#2400=EDGE_CURVE('',#2739,#2853,#3065,.T.);
#2401=EDGE_CURVE('',#2853,#2837,#422,.T.);
#2402=EDGE_CURVE('',#2853,#2854,#423,.T.);
#2403=EDGE_CURVE('',#2854,#2838,#424,.T.);
#2404=EDGE_CURVE('',#2854,#2745,#3066,.T.);
#2405=EDGE_CURVE('',#2749,#2855,#3067,.T.);
#2406=EDGE_CURVE('',#2855,#2839,#425,.T.);
#2407=EDGE_CURVE('',#2855,#2856,#426,.T.);
#2408=EDGE_CURVE('',#2856,#2840,#427,.T.);
#2409=EDGE_CURVE('',#2856,#2755,#3068,.T.);
#2410=EDGE_CURVE('',#2738,#2857,#3069,.F.);
#2411=EDGE_CURVE('',#2857,#2858,#3070,.F.);
#2412=EDGE_CURVE('',#2858,#2859,#428,.F.);
#2413=EDGE_CURVE('',#2859,#2860,#3071,.F.);
#2414=EDGE_CURVE('',#2860,#2756,#3072,.F.);
#2415=EDGE_CURVE('',#2748,#2861,#3073,.F.);
#2416=EDGE_CURVE('',#2861,#2862,#3074,.F.);
#2417=EDGE_CURVE('',#2862,#2863,#429,.F.);
#2418=EDGE_CURVE('',#2863,#2864,#3075,.F.);
#2419=EDGE_CURVE('',#2864,#2746,#3076,.F.);
#2420=EDGE_CURVE('',#2829,#2865,#430,.T.);
#2421=EDGE_CURVE('',#2865,#2866,#3077,.F.);
#2422=EDGE_CURVE('',#2866,#2831,#431,.T.);
#2423=EDGE_CURVE('',#2867,#2832,#3078,.F.);
#2424=EDGE_CURVE('',#2867,#2868,#432,.T.);
#2425=EDGE_CURVE('',#2830,#2868,#3079,.F.);
#2426=EDGE_CURVE('',#2869,#2870,#433,.F.);
#2427=EDGE_CURVE('',#2870,#2871,#434,.F.);
#2428=EDGE_CURVE('',#2871,#2872,#435,.T.);
#2429=EDGE_CURVE('',#2872,#2869,#436,.T.);
#2430=EDGE_CURVE('',#2873,#2827,#437,.T.);
#2431=EDGE_CURVE('',#2828,#2874,#438,.F.);
#2432=EDGE_CURVE('',#2874,#2873,#3080,.T.);
#2433=EDGE_CURVE('',#2873,#2803,#842,.T.);
#2434=EDGE_CURVE('',#2802,#2865,#439,.F.);
#2435=EDGE_CURVE('',#2866,#2801,#440,.T.);
#2436=EDGE_CURVE('',#2800,#2835,#843,.T.);
#2437=EDGE_CURVE('',#2836,#2799,#3081,.T.);
#2438=EDGE_CURVE('',#2836,#2871,#3082,.F.);
#2439=EDGE_CURVE('',#2871,#2799,#3083,.F.);
#2440=EDGE_CURVE('',#2798,#2874,#3084,.T.);
#2441=EDGE_CURVE('',#2872,#2798,#3085,.T.);
#2442=EDGE_CURVE('',#2834,#2870,#3086,.T.);
#2443=EDGE_CURVE('',#2872,#2874,#3087,.F.);
#2444=EDGE_CURVE('',#2867,#2870,#3088,.F.);
#2445=EDGE_CURVE('',#2869,#2828,#3089,.T.);
#2446=EDGE_CURVE('',#2868,#2869,#3090,.T.);
#2447=EDGE_CURVE('',#2875,#2747,#3091,.T.);
#2448=EDGE_CURVE('',#2861,#2875,#3092,.T.);
#2449=EDGE_CURVE('',#2876,#2875,#3093,.T.);
#2450=EDGE_CURVE('',#2862,#2876,#3094,.T.);
#2451=EDGE_CURVE('',#2877,#2876,#441,.F.);
#2452=EDGE_CURVE('',#2863,#2877,#3095,.T.);
#2453=EDGE_CURVE('',#2878,#2877,#3096,.T.);
#2454=EDGE_CURVE('',#2864,#2878,#3097,.T.);
#2455=EDGE_CURVE('',#2742,#2878,#3098,.T.);
#2456=EDGE_CURVE('',#2879,#2737,#3099,.T.);
#2457=EDGE_CURVE('',#2857,#2879,#3100,.T.);
#2458=EDGE_CURVE('',#2707,#2879,#3101,.T.);
#2459=EDGE_CURVE('',#2858,#2707,#3102,.T.);
#2460=EDGE_CURVE('',#2859,#2712,#3103,.T.);
#2461=EDGE_CURVE('',#2710,#2705,#442,.T.);
#2462=EDGE_CURVE('',#2880,#2712,#3104,.T.);
#2463=EDGE_CURVE('',#2860,#2880,#3105,.T.);
#2464=EDGE_CURVE('',#2752,#2880,#3106,.T.);
#2465=EDGE_CURVE('',#2881,#2882,#3107,.F.);
#2466=EDGE_CURVE('',#2761,#2882,#844,.T.);
#2467=EDGE_CURVE('',#2762,#2881,#845,.T.);
#2468=EDGE_CURVE('',#2763,#2883,#846,.T.);
#2469=EDGE_CURVE('',#2883,#2884,#3108,.F.);
#2470=EDGE_CURVE('',#2884,#2764,#847,.T.);
#2471=EDGE_CURVE('',#2883,#2813,#443,.F.);
#2472=EDGE_CURVE('',#2817,#2884,#444,.T.);
#2473=EDGE_CURVE('',#2788,#2783,#3109,.T.);
#2474=EDGE_CURVE('',#2885,#2790,#3110,.T.);
#2475=EDGE_CURVE('',#2886,#2885,#445,.T.);
#2476=EDGE_CURVE('',#2784,#2886,#3111,.T.);
#2477=EDGE_CURVE('',#2758,#2793,#3112,.T.);
#2478=EDGE_CURVE('',#2887,#2760,#3113,.T.);
#2479=EDGE_CURVE('',#2888,#2887,#446,.T.);
#2480=EDGE_CURVE('',#2794,#2888,#3114,.T.);
#2481=EDGE_CURVE('',#2889,#2850,#447,.T.);
#2482=EDGE_CURVE('',#2890,#2889,#448,.T.);
#2483=EDGE_CURVE('',#2890,#2851,#449,.T.);
#2484=EDGE_CURVE('',#2787,#2890,#3115,.T.);
#2485=EDGE_CURVE('',#2768,#2852,#450,.T.);
#2486=EDGE_CURVE('',#2767,#2849,#451,.T.);
#2487=EDGE_CURVE('',#2889,#2791,#3116,.T.);
#2488=EDGE_CURVE('',#2771,#2886,#452,.T.);
#2489=EDGE_CURVE('',#2772,#2885,#453,.T.);
#2490=EDGE_CURVE('',#2781,#2888,#454,.T.);
#2491=EDGE_CURVE('',#2782,#2887,#455,.T.);
#2492=EDGE_CURVE('',#2882,#2883,#456,.F.);
#2493=EDGE_CURVE('',#2882,#2812,#457,.F.);
#2494=EDGE_CURVE('',#2814,#2881,#458,.T.);
#2495=EDGE_CURVE('',#2815,#2766,#459,.T.);
#2496=EDGE_CURVE('',#2765,#2816,#460,.F.);
#2497=EDGE_CURVE('',#2820,#2807,#461,.T.);
#2498=EDGE_CURVE('',#2806,#2819,#462,.F.);
#2499=EDGE_CURVE('',#2821,#2804,#463,.T.);
#2500=EDGE_CURVE('',#2805,#2822,#464,.F.);
#2501=EDGE_CURVE('',#2810,#2824,#465,.F.);
#2502=EDGE_CURVE('',#2823,#2811,#466,.T.);
#2503=EDGE_CURVE('',#2825,#2809,#467,.T.);
#2504=EDGE_CURVE('',#2808,#2826,#468,.F.);
#2505=EDGE_CURVE('',#2875,#2726,#469,.T.);
#2506=EDGE_CURVE('',#2876,#2736,#470,.T.);
#2507=EDGE_CURVE('',#2877,#2735,#471,.T.);
#2508=EDGE_CURVE('',#2878,#2734,#472,.T.);
#2509=EDGE_CURVE('',#2880,#2722,#473,.T.);
#2510=EDGE_CURVE('',#2879,#2714,#474,.T.);
#2511=EDGE_CURVE('',#2891,#2710,#475,.T.);
#2512=EDGE_CURVE('',#2891,#2892,#3117,.F.);
#2513=EDGE_CURVE('',#2723,#2892,#476,.T.);
#2514=EDGE_CURVE('',#2893,#2705,#477,.T.);
#2515=EDGE_CURVE('',#2893,#2891,#478,.F.);
#2516=EDGE_CURVE('',#2894,#2724,#479,.T.);
#2517=EDGE_CURVE('',#2894,#2893,#3118,.F.);
#2518=EDGE_CURVE('',#2892,#2894,#480,.T.);
#2519=EDGE_CURVE('',#2895,#2896,#481,.T.);
#2520=EDGE_CURVE('',#2896,#2897,#482,.T.);
#2521=EDGE_CURVE('',#2898,#2897,#483,.T.);
#2522=EDGE_CURVE('',#2898,#2895,#484,.T.);
#2523=EDGE_CURVE('',#2899,#2900,#485,.T.);
#2524=EDGE_CURVE('',#2899,#2901,#486,.T.);
#2525=EDGE_CURVE('',#2901,#2902,#487,.T.);
#2526=EDGE_CURVE('',#2900,#2902,#488,.T.);
#2527=EDGE_CURVE('',#2903,#2904,#3119,.T.);
#2528=EDGE_CURVE('',#2905,#2904,#489,.T.);
#2529=EDGE_CURVE('',#2906,#2905,#3120,.T.);
#2530=EDGE_CURVE('',#2906,#2903,#490,.T.);
#2531=EDGE_CURVE('',#2904,#2907,#491,.T.);
#2532=EDGE_CURVE('',#2908,#2907,#492,.T.);
#2533=EDGE_CURVE('',#2905,#2908,#493,.T.);
#2534=EDGE_CURVE('',#2907,#2909,#3121,.T.);
#2535=EDGE_CURVE('',#2910,#2909,#494,.T.);
#2536=EDGE_CURVE('',#2908,#2910,#3122,.T.);
#2537=EDGE_CURVE('',#2909,#2903,#495,.T.);
#2538=EDGE_CURVE('',#2910,#2906,#496,.T.);
#2539=EDGE_CURVE('',#2902,#2895,#3123,.T.);
#2540=EDGE_CURVE('',#2900,#2898,#3124,.T.);
#2541=EDGE_CURVE('',#2897,#2899,#497,.T.);
#2542=EDGE_CURVE('',#2896,#2901,#498,.T.);
#2543=VERTEX_POINT('',#5643);
#2544=VERTEX_POINT('',#5644);
#2545=VERTEX_POINT('',#5649);
#2546=VERTEX_POINT('',#5651);
#2547=VERTEX_POINT('',#5653);
#2548=VERTEX_POINT('',#5655);
#2549=VERTEX_POINT('',#5657);
#2550=VERTEX_POINT('',#5659);
#2551=VERTEX_POINT('',#5664);
#2552=VERTEX_POINT('',#5666);
#2553=VERTEX_POINT('',#5668);
#2554=VERTEX_POINT('',#5670);
#2555=VERTEX_POINT('',#5673);
#2556=VERTEX_POINT('',#5674);
#2557=VERTEX_POINT('',#5680);
#2558=VERTEX_POINT('',#5682);
#2559=VERTEX_POINT('',#5690);
#2560=VERTEX_POINT('',#5691);
#2561=VERTEX_POINT('',#5696);
#2562=VERTEX_POINT('',#5698);
#2563=VERTEX_POINT('',#5700);
#2564=VERTEX_POINT('',#5702);
#2565=VERTEX_POINT('',#5704);
#2566=VERTEX_POINT('',#5706);
#2567=VERTEX_POINT('',#5711);
#2568=VERTEX_POINT('',#5713);
#2569=VERTEX_POINT('',#5715);
#2570=VERTEX_POINT('',#5717);
#2571=VERTEX_POINT('',#5720);
#2572=VERTEX_POINT('',#5721);
#2573=VERTEX_POINT('',#5727);
#2574=VERTEX_POINT('',#5729);
#2575=VERTEX_POINT('',#5737);
#2576=VERTEX_POINT('',#5738);
#2577=VERTEX_POINT('',#5743);
#2578=VERTEX_POINT('',#5745);
#2579=VERTEX_POINT('',#5747);
#2580=VERTEX_POINT('',#5749);
#2581=VERTEX_POINT('',#5754);
#2582=VERTEX_POINT('',#5756);
#2583=VERTEX_POINT('',#5758);
#2584=VERTEX_POINT('',#5760);
#2585=VERTEX_POINT('',#5763);
#2586=VERTEX_POINT('',#5764);
#2587=VERTEX_POINT('',#5770);
#2588=VERTEX_POINT('',#5772);
#2589=VERTEX_POINT('',#5780);
#2590=VERTEX_POINT('',#5781);
#2591=VERTEX_POINT('',#5786);
#2592=VERTEX_POINT('',#5788);
#2593=VERTEX_POINT('',#5790);
#2594=VERTEX_POINT('',#5792);
#2595=VERTEX_POINT('',#5794);
#2596=VERTEX_POINT('',#5796);
#2597=VERTEX_POINT('',#5801);
#2598=VERTEX_POINT('',#5803);
#2599=VERTEX_POINT('',#5806);
#2600=VERTEX_POINT('',#5807);
#2601=VERTEX_POINT('',#5813);
#2602=VERTEX_POINT('',#5815);
#2603=VERTEX_POINT('',#5823);
#2604=VERTEX_POINT('',#5824);
#2605=VERTEX_POINT('',#5826);
#2606=VERTEX_POINT('',#5828);
#2607=VERTEX_POINT('',#5830);
#2608=VERTEX_POINT('',#5834);
#2609=VERTEX_POINT('',#5835);
#2610=VERTEX_POINT('',#5837);
#2611=VERTEX_POINT('',#5839);
#2612=VERTEX_POINT('',#5843);
#2613=VERTEX_POINT('',#5844);
#2614=VERTEX_POINT('',#5846);
#2615=VERTEX_POINT('',#5848);
#2616=VERTEX_POINT('',#5852);
#2617=VERTEX_POINT('',#5853);
#2618=VERTEX_POINT('',#5855);
#2619=VERTEX_POINT('',#5857);
#2620=VERTEX_POINT('',#5862);
#2621=VERTEX_POINT('',#5864);
#2622=VERTEX_POINT('',#5869);
#2623=VERTEX_POINT('',#5879);
#2624=VERTEX_POINT('',#5881);
#2625=VERTEX_POINT('',#5891);
#2626=VERTEX_POINT('',#5892);
#2627=VERTEX_POINT('',#5894);
#2628=VERTEX_POINT('',#5896);
#2629=VERTEX_POINT('',#5898);
#2630=VERTEX_POINT('',#5902);
#2631=VERTEX_POINT('',#5903);
#2632=VERTEX_POINT('',#5905);
#2633=VERTEX_POINT('',#5907);
#2634=VERTEX_POINT('',#5910);
#2635=VERTEX_POINT('',#5912);
#2636=VERTEX_POINT('',#5914);
#2637=VERTEX_POINT('',#5918);
#2638=VERTEX_POINT('',#5919);
#2639=VERTEX_POINT('',#5921);
#2640=VERTEX_POINT('',#5923);
#2641=VERTEX_POINT('',#5926);
#2642=VERTEX_POINT('',#5927);
#2643=VERTEX_POINT('',#5929);
#2644=VERTEX_POINT('',#5931);
#2645=VERTEX_POINT('',#5933);
#2646=VERTEX_POINT('',#5947);
#2647=VERTEX_POINT('',#5949);
#2648=VERTEX_POINT('',#5953);
#2649=VERTEX_POINT('',#5955);
#2650=VERTEX_POINT('',#5965);
#2651=VERTEX_POINT('',#5967);
#2652=VERTEX_POINT('',#5972);
#2653=VERTEX_POINT('',#5973);
#2654=VERTEX_POINT('',#5975);
#2655=VERTEX_POINT('',#5977);
#2656=VERTEX_POINT('',#5980);
#2657=VERTEX_POINT('',#5983);
#2658=VERTEX_POINT('',#5985);
#2659=VERTEX_POINT('',#5988);
#2660=VERTEX_POINT('',#5994);
#2661=VERTEX_POINT('',#5998);
#2662=VERTEX_POINT('',#6006);
#2663=VERTEX_POINT('',#6009);
#2664=VERTEX_POINT('',#6019);
#2665=VERTEX_POINT('',#6020);
#2666=VERTEX_POINT('',#6022);
#2667=VERTEX_POINT('',#6024);
#2668=VERTEX_POINT('',#6026);
#2669=VERTEX_POINT('',#6028);
#2670=VERTEX_POINT('',#6044);
#2671=VERTEX_POINT('',#6045);
#2672=VERTEX_POINT('',#6047);
#2673=VERTEX_POINT('',#6049);
#2674=VERTEX_POINT('',#6051);
#2675=VERTEX_POINT('',#6053);
#2676=VERTEX_POINT('',#6063);
#2677=VERTEX_POINT('',#6064);
#2678=VERTEX_POINT('',#6066);
#2679=VERTEX_POINT('',#6068);
#2680=VERTEX_POINT('',#6070);
#2681=VERTEX_POINT('',#6072);
#2682=VERTEX_POINT('',#6103);
#2683=VERTEX_POINT('',#6104);
#2684=VERTEX_POINT('',#6106);
#2685=VERTEX_POINT('',#6108);
#2686=VERTEX_POINT('',#6110);
#2687=VERTEX_POINT('',#6112);
#2688=VERTEX_POINT('',#6146);
#2689=VERTEX_POINT('',#6148);
#2690=VERTEX_POINT('',#6153);
#2691=VERTEX_POINT('',#6155);
#2692=VERTEX_POINT('',#6159);
#2693=VERTEX_POINT('',#6161);
#2694=VERTEX_POINT('',#6165);
#2695=VERTEX_POINT('',#6167);
#2696=VERTEX_POINT('',#6173);
#2697=VERTEX_POINT('',#6219);
#2698=VERTEX_POINT('',#6221);
#2699=VERTEX_POINT('',#6224);
#2700=VERTEX_POINT('',#6226);
#2701=VERTEX_POINT('',#6232);
#2702=VERTEX_POINT('',#6234);
#2703=VERTEX_POINT('',#6237);
#2704=VERTEX_POINT('',#6240);
#2705=VERTEX_POINT('',#6246);
#2706=VERTEX_POINT('',#6247);
#2707=VERTEX_POINT('',#6249);
#2708=VERTEX_POINT('',#6251);
#2709=VERTEX_POINT('',#6255);
#2710=VERTEX_POINT('',#6256);
#2711=VERTEX_POINT('',#6258);
#2712=VERTEX_POINT('',#6260);
#2713=VERTEX_POINT('',#6264);
#2714=VERTEX_POINT('',#6265);
#2715=VERTEX_POINT('',#6267);
#2716=VERTEX_POINT('',#6269);
#2717=VERTEX_POINT('',#6271);
#2718=VERTEX_POINT('',#6273);
#2719=VERTEX_POINT('',#6275);
#2720=VERTEX_POINT('',#6277);
#2721=VERTEX_POINT('',#6279);
#2722=VERTEX_POINT('',#6281);
#2723=VERTEX_POINT('',#6284);
#2724=VERTEX_POINT('',#6286);
#2725=VERTEX_POINT('',#6291);
#2726=VERTEX_POINT('',#6292);
#2727=VERTEX_POINT('',#6294);
#2728=VERTEX_POINT('',#6296);
#2729=VERTEX_POINT('',#6298);
#2730=VERTEX_POINT('',#6300);
#2731=VERTEX_POINT('',#6302);
#2732=VERTEX_POINT('',#6304);
#2733=VERTEX_POINT('',#6306);
#2734=VERTEX_POINT('',#6308);
#2735=VERTEX_POINT('',#6310);
#2736=VERTEX_POINT('',#6312);
#2737=VERTEX_POINT('',#6316);
#2738=VERTEX_POINT('',#6321);
#2739=VERTEX_POINT('',#6323);
#2740=VERTEX_POINT('',#6325);
#2741=VERTEX_POINT('',#6327);
#2742=VERTEX_POINT('',#6331);
#2743=VERTEX_POINT('',#6333);
#2744=VERTEX_POINT('',#6335);
#2745=VERTEX_POINT('',#6337);
#2746=VERTEX_POINT('',#6339);
#2747=VERTEX_POINT('',#6346);
#2748=VERTEX_POINT('',#6351);
#2749=VERTEX_POINT('',#6353);
#2750=VERTEX_POINT('',#6355);
#2751=VERTEX_POINT('',#6357);
#2752=VERTEX_POINT('',#6361);
#2753=VERTEX_POINT('',#6363);
#2754=VERTEX_POINT('',#6365);
#2755=VERTEX_POINT('',#6367);
#2756=VERTEX_POINT('',#6369);
#2757=VERTEX_POINT('',#6376);
#2758=VERTEX_POINT('',#6377);
#2759=VERTEX_POINT('',#6379);
#2760=VERTEX_POINT('',#6381);
#2761=VERTEX_POINT('',#6385);
#2762=VERTEX_POINT('',#6386);
#2763=VERTEX_POINT('',#6388);
#2764=VERTEX_POINT('',#6390);
#2765=VERTEX_POINT('',#6392);
#2766=VERTEX_POINT('',#6394);
#2767=VERTEX_POINT('',#6397);
#2768=VERTEX_POINT('',#6398);
#2769=VERTEX_POINT('',#6400);
#2770=VERTEX_POINT('',#6402);
#2771=VERTEX_POINT('',#6404);
#2772=VERTEX_POINT('',#6406);
#2773=VERTEX_POINT('',#6408);
#2774=VERTEX_POINT('',#6410);
#2775=VERTEX_POINT('',#6412);
#2776=VERTEX_POINT('',#6414);
#2777=VERTEX_POINT('',#6416);
#2778=VERTEX_POINT('',#6418);
#2779=VERTEX_POINT('',#6420);
#2780=VERTEX_POINT('',#6422);
#2781=VERTEX_POINT('',#6424);
#2782=VERTEX_POINT('',#6426);
#2783=VERTEX_POINT('',#6431);
#2784=VERTEX_POINT('',#6433);
#2785=VERTEX_POINT('',#6437);
#2786=VERTEX_POINT('',#6438);
#2787=VERTEX_POINT('',#6443);
#2788=VERTEX_POINT('',#6444);
#2789=VERTEX_POINT('',#6446);
#2790=VERTEX_POINT('',#6449);
#2791=VERTEX_POINT('',#6453);
#2792=VERTEX_POINT('',#6454);
#2793=VERTEX_POINT('',#6456);
#2794=VERTEX_POINT('',#6458);
#2795=VERTEX_POINT('',#6463);
#2796=VERTEX_POINT('',#6469);
#2797=VERTEX_POINT('',#6475);
#2798=VERTEX_POINT('',#6477);
#2799=VERTEX_POINT('',#6478);
#2800=VERTEX_POINT('',#6480);
#2801=VERTEX_POINT('',#6482);
#2802=VERTEX_POINT('',#6484);
#2803=VERTEX_POINT('',#6486);
#2804=VERTEX_POINT('',#6489);
#2805=VERTEX_POINT('',#6490);
#2806=VERTEX_POINT('',#6492);
#2807=VERTEX_POINT('',#6494);
#2808=VERTEX_POINT('',#6496);
#2809=VERTEX_POINT('',#6498);
#2810=VERTEX_POINT('',#6500);
#2811=VERTEX_POINT('',#6502);
#2812=VERTEX_POINT('',#6506);
#2813=VERTEX_POINT('',#6507);
#2814=VERTEX_POINT('',#6509);
#2815=VERTEX_POINT('',#6511);
#2816=VERTEX_POINT('',#6513);
#2817=VERTEX_POINT('',#6515);
#2818=VERTEX_POINT('',#6518);
#2819=VERTEX_POINT('',#6520);
#2820=VERTEX_POINT('',#6521);
#2821=VERTEX_POINT('',#6523);
#2822=VERTEX_POINT('',#6525);
#2823=VERTEX_POINT('',#6527);
#2824=VERTEX_POINT('',#6529);
#2825=VERTEX_POINT('',#6531);
#2826=VERTEX_POINT('',#6533);
#2827=VERTEX_POINT('',#6537);
#2828=VERTEX_POINT('',#6538);
#2829=VERTEX_POINT('',#6543);
#2830=VERTEX_POINT('',#6545);
#2831=VERTEX_POINT('',#6549);
#2832=VERTEX_POINT('',#6550);
#2833=VERTEX_POINT('',#6555);
#2834=VERTEX_POINT('',#6557);
#2835=VERTEX_POINT('',#6561);
#2836=VERTEX_POINT('',#6563);
#2837=VERTEX_POINT('',#6568);
#2838=VERTEX_POINT('',#6570);
#2839=VERTEX_POINT('',#6575);
#2840=VERTEX_POINT('',#6577);
#2841=VERTEX_POINT('',#6581);
#2842=VERTEX_POINT('',#6582);
#2843=VERTEX_POINT('',#6587);
#2844=VERTEX_POINT('',#6591);
#2845=VERTEX_POINT('',#6595);
#2846=VERTEX_POINT('',#6599);
#2847=VERTEX_POINT('',#6603);
#2848=VERTEX_POINT('',#6607);
#2849=VERTEX_POINT('',#6613);
#2850=VERTEX_POINT('',#6614);
#2851=VERTEX_POINT('',#6616);
#2852=VERTEX_POINT('',#6618);
#2853=VERTEX_POINT('',#6622);
#2854=VERTEX_POINT('',#6626);
#2855=VERTEX_POINT('',#6632);
#2856=VERTEX_POINT('',#6636);
#2857=VERTEX_POINT('',#6642);
#2858=VERTEX_POINT('',#6644);
#2859=VERTEX_POINT('',#6646);
#2860=VERTEX_POINT('',#6648);
#2861=VERTEX_POINT('',#6651);
#2862=VERTEX_POINT('',#6653);
#2863=VERTEX_POINT('',#6655);
#2864=VERTEX_POINT('',#6657);
#2865=VERTEX_POINT('',#6660);
#2866=VERTEX_POINT('',#6662);
#2867=VERTEX_POINT('',#6665);
#2868=VERTEX_POINT('',#6667);
#2869=VERTEX_POINT('',#6671);
#2870=VERTEX_POINT('',#6672);
#2871=VERTEX_POINT('',#6674);
#2872=VERTEX_POINT('',#6676);
#2873=VERTEX_POINT('',#6680);
#2874=VERTEX_POINT('',#6682);
#2875=VERTEX_POINT('',#6719);
#2876=VERTEX_POINT('',#6723);
#2877=VERTEX_POINT('',#6727);
#2878=VERTEX_POINT('',#6731);
#2879=VERTEX_POINT('',#6737);
#2880=VERTEX_POINT('',#6747);
#2881=VERTEX_POINT('',#6753);
#2882=VERTEX_POINT('',#6754);
#2883=VERTEX_POINT('',#6770);
#2884=VERTEX_POINT('',#6772);
#2885=VERTEX_POINT('',#6783);
#2886=VERTEX_POINT('',#6785);
#2887=VERTEX_POINT('',#6790);
#2888=VERTEX_POINT('',#6792);
#2889=VERTEX_POINT('',#6796);
#2890=VERTEX_POINT('',#6798);
#2891=VERTEX_POINT('',#6863);
#2892=VERTEX_POINT('',#6865);
#2893=VERTEX_POINT('',#6869);
#2894=VERTEX_POINT('',#6873);
#2895=VERTEX_POINT('',#6881);
#2896=VERTEX_POINT('',#6882);
#2897=VERTEX_POINT('',#6884);
#2898=VERTEX_POINT('',#6886);
#2899=VERTEX_POINT('',#6890);
#2900=VERTEX_POINT('',#6891);
#2901=VERTEX_POINT('',#6893);
#2902=VERTEX_POINT('',#6895);
#2903=VERTEX_POINT('',#6899);
#2904=VERTEX_POINT('',#6900);
#2905=VERTEX_POINT('',#6902);
#2906=VERTEX_POINT('',#6904);
#2907=VERTEX_POINT('',#6908);
#2908=VERTEX_POINT('',#6910);
#2909=VERTEX_POINT('',#6914);
#2910=VERTEX_POINT('',#6916);
#2911=CIRCLE('',#4001,9.6);
#2912=CIRCLE('',#4002,9.6);
#2913=CIRCLE('',#4003,9.6);
#2914=CIRCLE('',#4004,9.6);
#2915=CIRCLE('',#4005,9.6);
#2916=CIRCLE('',#4006,9.6);
#2917=CIRCLE('',#4008,9.6);
#2918=CIRCLE('',#4009,9.6);
#2919=CIRCLE('',#4010,9.6);
#2920=CIRCLE('',#4011,9.6);
#2921=CIRCLE('',#4012,9.6);
#2922=CIRCLE('',#4013,9.6);
#2923=CIRCLE('',#4015,10.05);
#2924=CIRCLE('',#4016,10.05);
#2925=CIRCLE('',#4017,10.05);
#2926=CIRCLE('',#4018,10.05);
#2927=CIRCLE('',#4019,10.05);
#2928=CIRCLE('',#4020,10.05);
#2929=CIRCLE('',#4022,10.05);
#2930=CIRCLE('',#4023,10.05);
#2931=CIRCLE('',#4024,10.05);
#2932=CIRCLE('',#4025,10.05);
#2933=CIRCLE('',#4026,10.05);
#2934=CIRCLE('',#4027,10.05);
#2935=CIRCLE('',#4029,2.);
#2936=CIRCLE('',#4030,2.);
#2937=CIRCLE('',#4033,2.45);
#2938=CIRCLE('',#4034,2.45);
#2939=CIRCLE('',#4046,2.45);
#2940=CIRCLE('',#4050,0.5);
#2941=CIRCLE('',#4051,0.5);
#2942=CIRCLE('',#4052,0.0499999999999995);
#2943=CIRCLE('',#4053,0.0500000000000004);
#2944=CIRCLE('',#4055,0.5);
#2945=CIRCLE('',#4057,0.5);
#2946=CIRCLE('',#4058,0.5);
#2947=CIRCLE('',#4061,0.5);
#2948=CIRCLE('',#4062,0.5);
#2949=CIRCLE('',#4064,0.5);
#2950=CIRCLE('',#4066,0.05);
#2951=CIRCLE('',#4067,0.0500000000000004);
#2952=CIRCLE('',#4069,9.55);
#2953=CIRCLE('',#4070,9.55);
#2954=CIRCLE('',#4071,3.575);
#2955=CIRCLE('',#4073,3.075);
#2956=CIRCLE('',#4074,3.075);
#2957=CIRCLE('',#4076,2.625);
#2958=CIRCLE('',#4079,0.0499999999999995);
#2959=CIRCLE('',#4081,0.0500000000000004);
#2960=CIRCLE('',#4084,0.05);
#2961=CIRCLE('',#4086,0.0500000000000004);
#2962=CIRCLE('',#4088,3.575);
#2963=CIRCLE('',#4090,2.625);
#2964=CIRCLE('',#4094,9.55);
#2965=CIRCLE('',#4095,1.);
#2966=CIRCLE('',#4096,1.);
#2967=CIRCLE('',#4100,9.55);
#2968=CIRCLE('',#4101,1.);
#2969=CIRCLE('',#4102,1.);
#2970=CIRCLE('',#4105,9.55);
#2971=CIRCLE('',#4106,1.);
#2972=CIRCLE('',#4107,1.);
#2973=CIRCLE('',#4116,9.55);
#2974=CIRCLE('',#4117,1.);
#2975=CIRCLE('',#4118,1.);
#2976=CIRCLE('',#4128,2.45);
#2977=CIRCLE('',#4133,2.);
#2978=CIRCLE('',#4135,2.);
#2979=CIRCLE('',#4142,0.5);
#2980=CIRCLE('',#4143,0.5);
#2981=CIRCLE('',#4145,0.5);
#2982=CIRCLE('',#4147,0.5);
#2983=CIRCLE('',#4149,0.5);
#2984=CIRCLE('',#4151,0.5);
#2985=CIRCLE('',#4153,0.5);
#2986=CIRCLE('',#4155,0.5);
#2987=CIRCLE('',#4171,1.);
#2988=CIRCLE('',#4172,1.);
#2989=CIRCLE('',#4174,2.625);
#2990=CIRCLE('',#4175,2.625);
#2991=CIRCLE('',#4180,1.);
#2992=CIRCLE('',#4181,1.);
#2993=CIRCLE('',#4183,0.8);
#2994=CIRCLE('',#4185,0.8);
#2995=CIRCLE('',#4192,10.05);
#2996=CIRCLE('',#4193,9.6);
#2997=CIRCLE('',#4194,0.0499999999999988);
#2998=CIRCLE('',#4195,0.0499999999999997);
#2999=CIRCLE('',#4196,9.6);
#3000=CIRCLE('',#4197,10.05);
#3001=CIRCLE('',#4198,0.5);
#3002=CIRCLE('',#4199,0.5);
#3003=CIRCLE('',#4201,10.05);
#3004=CIRCLE('',#4202,9.6);
#3005=CIRCLE('',#4203,0.0499999999999986);
#3006=CIRCLE('',#4204,0.0499999999999997);
#3007=CIRCLE('',#4205,9.6);
#3008=CIRCLE('',#4206,10.05);
#3009=CIRCLE('',#4207,0.5);
#3010=CIRCLE('',#4208,0.5);
#3011=CIRCLE('',#4215,5.1);
#3012=CIRCLE('',#4216,5.1);
#3013=CIRCLE('',#4217,0.6);
#3014=CIRCLE('',#4218,9.1);
#3015=CIRCLE('',#4219,1.5);
#3016=CIRCLE('',#4220,1.5);
#3017=CIRCLE('',#4221,9.64);
#3018=CIRCLE('',#4222,0.0899999999999997);
#3019=CIRCLE('',#4223,0.0899999999999986);
#3020=CIRCLE('',#4224,9.64);
#3021=CIRCLE('',#4225,1.5);
#3022=CIRCLE('',#4226,1.5);
#3023=CIRCLE('',#4227,9.1);
#3024=CIRCLE('',#4233,9.64);
#3025=CIRCLE('',#4235,0.0899999999999997);
#3026=CIRCLE('',#4237,0.0899999999999986);
#3027=CIRCLE('',#4239,9.64);
#3028=CIRCLE('',#4241,1.);
#3029=CIRCLE('',#4242,4.9);
#3030=CIRCLE('',#4243,0.1);
#3031=CIRCLE('',#4244,4.9);
#3032=CIRCLE('',#4245,0.2);
#3033=CIRCLE('',#4246,0.2);
#3034=CIRCLE('',#4247,0.2);
#3035=CIRCLE('',#4248,0.2);
#3036=CIRCLE('',#4250,4.5);
#3037=CIRCLE('',#4251,0.6);
#3038=CIRCLE('',#4252,4.5);
#3039=CIRCLE('',#4253,1.);
#3040=CIRCLE('',#4254,0.2);
#3041=CIRCLE('',#4255,0.2);
#3042=CIRCLE('',#4256,0.2);
#3043=CIRCLE('',#4257,0.2);
#3044=CIRCLE('',#4259,5.);
#3045=CIRCLE('',#4260,5.1);
#3046=CIRCLE('',#4261,0.0999999999999999);
#3047=CIRCLE('',#4263,5.1);
#3048=CIRCLE('',#4264,5.);
#3049=CIRCLE('',#4265,0.0999999999999999);
#3050=CIRCLE('',#4267,5.);
#3051=CIRCLE('',#4269,9.6);
#3052=CIRCLE('',#4270,1.);
#3053=CIRCLE('',#4271,1.);
#3054=CIRCLE('',#4273,9.6);
#3055=CIRCLE('',#4274,1.);
#3056=CIRCLE('',#4275,1.);
#3057=CIRCLE('',#4277,0.0499999999999997);
#3058=CIRCLE('',#4280,0.0499999999999987);
#3059=CIRCLE('',#4282,9.6);
#3060=CIRCLE('',#4284,0.0499999999999997);
#3061=CIRCLE('',#4287,0.05);
#3062=CIRCLE('',#4289,9.6);
#3063=CIRCLE('',#4291,9.1);
#3064=CIRCLE('',#4292,9.1);
#3065=CIRCLE('',#4294,1.);
#3066=CIRCLE('',#4297,1.);
#3067=CIRCLE('',#4299,1.);
#3068=CIRCLE('',#4302,1.);
#3069=CIRCLE('',#4304,9.64);
#3070=CIRCLE('',#4305,0.0899999999999988);
#3071=CIRCLE('',#4306,0.0899999999999997);
#3072=CIRCLE('',#4307,9.64);
#3073=CIRCLE('',#4308,9.64);
#3074=CIRCLE('',#4309,0.0899999999999986);
#3075=CIRCLE('',#4310,0.0899999999999997);
#3076=CIRCLE('',#4311,9.64);
#3077=CIRCLE('',#4312,0.1);
#3078=CIRCLE('',#4313,0.2);
#3079=CIRCLE('',#4314,0.2);
#3080=CIRCLE('',#4317,5.);
#3081=CIRCLE('',#4322,0.0999999999999999);
#3082=CIRCLE('',#4324,0.0999999999999999);
#3083=CIRCLE('',#4325,0.0999999999999999);
#3084=CIRCLE('',#4327,0.0999999999999999);
#3085=CIRCLE('',#4329,0.0999999999999999);
#3086=CIRCLE('',#4331,0.0999999999999999);
#3087=CIRCLE('',#4333,0.0999999999999999);
#3088=CIRCLE('',#4335,0.0999999999999999);
#3089=CIRCLE('',#4337,0.0999999999999999);
#3090=CIRCLE('',#4339,0.0999999999999999);
#3091=CIRCLE('',#4342,10.05);
#3092=CIRCLE('',#4343,0.5);
#3093=CIRCLE('',#4345,0.5);
#3094=CIRCLE('',#4346,0.5);
#3095=CIRCLE('',#4348,0.5);
#3096=CIRCLE('',#4350,0.5);
#3097=CIRCLE('',#4351,0.5);
#3098=CIRCLE('',#4353,10.05);
#3099=CIRCLE('',#4355,10.05);
#3100=CIRCLE('',#4356,0.5);
#3101=CIRCLE('',#4358,0.5);
#3102=CIRCLE('',#4359,0.5);
#3103=CIRCLE('',#4361,0.5);
#3104=CIRCLE('',#4363,0.5);
#3105=CIRCLE('',#4364,0.5);
#3106=CIRCLE('',#4366,10.05);
#3107=CIRCLE('',#4368,4.5);
#3108=CIRCLE('',#4370,4.5);
#3109=CIRCLE('',#4373,9.1);
#3110=CIRCLE('',#4374,1.5);
#3111=CIRCLE('',#4375,1.5);
#3112=CIRCLE('',#4377,9.1);
#3113=CIRCLE('',#4378,1.5);
#3114=CIRCLE('',#4379,1.5);
#3115=CIRCLE('',#4382,9.1);
#3116=CIRCLE('',#4385,9.1);
#3117=CIRCLE('',#4418,1.);
#3118=CIRCLE('',#4421,1.);
#3119=CIRCLE('',#4428,0.5);
#3120=CIRCLE('',#4429,0.5);
#3121=CIRCLE('',#4432,0.5);
#3122=CIRCLE('',#4433,0.5);
#3123=CIRCLE('',#4436,1.);
#3124=CIRCLE('',#4437,1.);
#3125=EDGE_LOOP('',(#848,#849,#850,#851,#852,#853,#854,#855,#856,#857,#858,
#859));
#3126=EDGE_LOOP('',(#860,#861,#862,#863));
#3127=EDGE_LOOP('',(#864,#865,#866,#867,#868,#869,#870,#871,#872,#873,#874,
#875));
#3128=EDGE_LOOP('',(#876,#877,#878,#879));
#3129=EDGE_LOOP('',(#880,#881,#882,#883,#884,#885,#886,#887,#888,#889));
#3130=EDGE_LOOP('',(#890,#891,#892,#893));
#3131=EDGE_LOOP('',(#894,#895,#896,#897,#898,#899,#900,#901,#902,#903));
#3132=EDGE_LOOP('',(#904,#905,#906,#907));
#3133=EDGE_LOOP('',(#908,#909,#910,#911,#912));
#3134=EDGE_LOOP('',(#913,#914,#915,#916));
#3135=EDGE_LOOP('',(#917,#918,#919,#920));
#3136=EDGE_LOOP('',(#921,#922,#923,#924,#925,#926));
#3137=EDGE_LOOP('',(#927,#928,#929,#930,#931,#932));
#3138=EDGE_LOOP('',(#933,#934,#935,#936));
#3139=EDGE_LOOP('',(#937,#938,#939,#940));
#3140=EDGE_LOOP('',(#941,#942,#943,#944,#945));
#3141=EDGE_LOOP('',(#946,#947,#948));
#3142=EDGE_LOOP('',(#949,#950,#951,#952));
#3143=EDGE_LOOP('',(#953,#954,#955,#956,#957,#958));
#3144=EDGE_LOOP('',(#959,#960,#961,#962,#963));
#3145=EDGE_LOOP('',(#964,#965,#966,#967,#968));
#3146=EDGE_LOOP('',(#969,#970,#971,#972,#973));
#3147=EDGE_LOOP('',(#974,#975,#976,#977));
#3148=EDGE_LOOP('',(#978,#979,#980,#981,#982));
#3149=EDGE_LOOP('',(#983,#984,#985,#986,#987,#988,#989));
#3150=EDGE_LOOP('',(#990,#991,#992,#993));
#3151=EDGE_LOOP('',(#994,#995,#996,#997,#998,#999,#1000));
#3152=EDGE_LOOP('',(#1001,#1002,#1003,#1004,#1005,#1006,#1007,#1008,#1009,
#1010,#1011,#1012));
#3153=EDGE_LOOP('',(#1013,#1014,#1015,#1016));
#3154=EDGE_LOOP('',(#1017,#1018,#1019,#1020));
#3155=EDGE_LOOP('',(#1021,#1022,#1023,#1024));
#3156=EDGE_LOOP('',(#1025,#1026,#1027,#1028));
#3157=EDGE_LOOP('',(#1029,#1030,#1031,#1032));
#3158=EDGE_LOOP('',(#1033,#1034,#1035,#1036,#1037,#1038,#1039,#1040,#1041,
#1042,#1043,#1044));
#3159=EDGE_LOOP('',(#1045,#1046,#1047,#1048));
#3160=EDGE_LOOP('',(#1049));
#3161=EDGE_LOOP('',(#1050));
#3162=EDGE_LOOP('',(#1051));
#3163=EDGE_LOOP('',(#1052));
#3164=EDGE_LOOP('',(#1053));
#3165=EDGE_LOOP('',(#1054));
#3166=EDGE_LOOP('',(#1055));
#3167=EDGE_LOOP('',(#1056,#1057,#1058,#1059));
#3168=EDGE_LOOP('',(#1060,#1061,#1062,#1063));
#3169=EDGE_LOOP('',(#1064,#1065,#1066,#1067));
#3170=EDGE_LOOP('',(#1068,#1069,#1070,#1071));
#3171=EDGE_LOOP('',(#1072,#1073,#1074,#1075));
#3172=EDGE_LOOP('',(#1076));
#3173=EDGE_LOOP('',(#1077,#1078,#1079,#1080,#1081,#1082,#1083,#1084));
#3174=EDGE_LOOP('',(#1085));
#3175=EDGE_LOOP('',(#1086));
#3176=EDGE_LOOP('',(#1087));
#3177=EDGE_LOOP('',(#1088));
#3178=EDGE_LOOP('',(#1089,#1090,#1091,#1092));
#3179=EDGE_LOOP('',(#1093,#1094,#1095,#1096,#1097,#1098));
#3180=EDGE_LOOP('',(#1099,#1100,#1101,#1102));
#3181=EDGE_LOOP('',(#1103,#1104,#1105,#1106));
#3182=EDGE_LOOP('',(#1107,#1108,#1109,#1110,#1111,#1112));
#3183=EDGE_LOOP('',(#1113,#1114,#1115,#1116));
#3184=EDGE_LOOP('',(#1117,#1118,#1119,#1120,#1121,#1122));
#3185=EDGE_LOOP('',(#1123,#1124,#1125,#1126));
#3186=EDGE_LOOP('',(#1127,#1128,#1129,#1130));
#3187=EDGE_LOOP('',(#1131,#1132,#1133,#1134));
#3188=EDGE_LOOP('',(#1135,#1136,#1137,#1138,#1139,#1140));
#3189=EDGE_LOOP('',(#1141,#1142,#1143,#1144,#1145,#1146));
#3190=EDGE_LOOP('',(#1147,#1148,#1149,#1150,#1151,#1152));
#3191=EDGE_LOOP('',(#1153,#1154,#1155,#1156));
#3192=EDGE_LOOP('',(#1157,#1158,#1159,#1160,#1161,#1162));
#3193=EDGE_LOOP('',(#1163,#1164,#1165,#1166));
#3194=EDGE_LOOP('',(#1167,#1168,#1169,#1170));
#3195=EDGE_LOOP('',(#1171,#1172,#1173,#1174,#1175,#1176));
#3196=EDGE_LOOP('',(#1177,#1178,#1179,#1180,#1181,#1182));
#3197=EDGE_LOOP('',(#1183,#1184,#1185,#1186));
#3198=EDGE_LOOP('',(#1187,#1188,#1189,#1190,#1191,#1192));
#3199=EDGE_LOOP('',(#1193,#1194,#1195,#1196));
#3200=EDGE_LOOP('',(#1197,#1198,#1199,#1200));
#3201=EDGE_LOOP('',(#1201,#1202,#1203,#1204,#1205,#1206));
#3202=EDGE_LOOP('',(#1207,#1208,#1209,#1210,#1211,#1212));
#3203=EDGE_LOOP('',(#1213,#1214,#1215,#1216));
#3204=EDGE_LOOP('',(#1217,#1218,#1219,#1220));
#3205=EDGE_LOOP('',(#1221,#1222,#1223,#1224,#1225));
#3206=EDGE_LOOP('',(#1226,#1227,#1228));
#3207=EDGE_LOOP('',(#1229,#1230,#1231,#1232,#1233,#1234));
#3208=EDGE_LOOP('',(#1235,#1236,#1237,#1238));
#3209=EDGE_LOOP('',(#1239,#1240,#1241,#1242));
#3210=EDGE_LOOP('',(#1243,#1244,#1245,#1246,#1247));
#3211=EDGE_LOOP('',(#1248,#1249,#1250));
#3212=EDGE_LOOP('',(#1251,#1252,#1253,#1254));
#3213=EDGE_LOOP('',(#1255,#1256,#1257,#1258));
#3214=EDGE_LOOP('',(#1259,#1260,#1261));
#3215=EDGE_LOOP('',(#1262,#1263,#1264));
#3216=EDGE_LOOP('',(#1265,#1266,#1267,#1268));
#3217=EDGE_LOOP('',(#1269,#1270,#1271,#1272));
#3218=EDGE_LOOP('',(#1273,#1274,#1275));
#3219=EDGE_LOOP('',(#1276,#1277,#1278,#1279));
#3220=EDGE_LOOP('',(#1280,#1281,#1282,#1283));
#3221=EDGE_LOOP('',(#1284,#1285,#1286,#1287));
#3222=EDGE_LOOP('',(#1288,#1289,#1290,#1291));
#3223=EDGE_LOOP('',(#1292,#1293,#1294,#1295));
#3224=EDGE_LOOP('',(#1296,#1297,#1298,#1299));
#3225=EDGE_LOOP('',(#1300,#1301,#1302,#1303));
#3226=EDGE_LOOP('',(#1304,#1305,#1306,#1307));
#3227=EDGE_LOOP('',(#1308,#1309,#1310,#1311));
#3228=EDGE_LOOP('',(#1312,#1313,#1314,#1315));
#3229=EDGE_LOOP('',(#1316,#1317,#1318,#1319));
#3230=EDGE_LOOP('',(#1320,#1321,#1322,#1323));
#3231=EDGE_LOOP('',(#1324));
#3232=EDGE_LOOP('',(#1325));
#3233=EDGE_LOOP('',(#1326));
#3234=EDGE_LOOP('',(#1327));
#3235=EDGE_LOOP('',(#1328));
#3236=EDGE_LOOP('',(#1329));
#3237=EDGE_LOOP('',(#1330));
#3238=EDGE_LOOP('',(#1331));
#3239=EDGE_LOOP('',(#1332));
#3240=EDGE_LOOP('',(#1333));
#3241=EDGE_LOOP('',(#1334));
#3242=EDGE_LOOP('',(#1335));
#3243=EDGE_LOOP('',(#1336));
#3244=EDGE_LOOP('',(#1337));
#3245=EDGE_LOOP('',(#1338));
#3246=EDGE_LOOP('',(#1339));
#3247=EDGE_LOOP('',(#1340,#1341,#1342,#1343));
#3248=EDGE_LOOP('',(#1344,#1345,#1346,#1347));
#3249=EDGE_LOOP('',(#1348,#1349,#1350,#1351,#1352,#1353,#1354,#1355,#1356,
#1357,#1358,#1359,#1360,#1361,#1362,#1363));
#3250=EDGE_LOOP('',(#1364,#1365,#1366,#1367,#1368,#1369,#1370,#1371,#1372,
#1373,#1374,#1375));
#3251=EDGE_LOOP('',(#1376,#1377,#1378,#1379,#1380,#1381,#1382));
#3252=EDGE_LOOP('',(#1383,#1384,#1385,#1386,#1387,#1388,#1389));
#3253=EDGE_LOOP('',(#1390,#1391,#1392,#1393,#1394,#1395,#1396));
#3254=EDGE_LOOP('',(#1397,#1398,#1399,#1400,#1401,#1402,#1403));
#3255=EDGE_LOOP('',(#1404,#1405,#1406,#1407));
#3256=EDGE_LOOP('',(#1408,#1409,#1410,#1411,#1412,#1413));
#3257=EDGE_LOOP('',(#1414,#1415,#1416,#1417,#1418,#1419,#1420,#1421,#1422,
#1423,#1424,#1425,#1426,#1427,#1428,#1429,#1430,#1431));
#3258=EDGE_LOOP('',(#1432,#1433,#1434,#1435));
#3259=EDGE_LOOP('',(#1436,#1437,#1438,#1439));
#3260=EDGE_LOOP('',(#1440,#1441,#1442,#1443,#1444,#1445));
#3261=EDGE_LOOP('',(#1446,#1447,#1448,#1449,#1450,#1451));
#3262=EDGE_LOOP('',(#1452,#1453,#1454,#1455));
#3263=EDGE_LOOP('',(#1456,#1457,#1458,#1459));
#3264=EDGE_LOOP('',(#1460,#1461,#1462,#1463));
#3265=EDGE_LOOP('',(#1464,#1465,#1466,#1467));
#3266=EDGE_LOOP('',(#1468));
#3267=EDGE_LOOP('',(#1469,#1470,#1471,#1472,#1473,#1474));
#3268=EDGE_LOOP('',(#1475,#1476,#1477,#1478,#1479,#1480,#1481,#1482));
#3269=EDGE_LOOP('',(#1483,#1484,#1485,#1486,#1487,#1488));
#3270=EDGE_LOOP('',(#1489));
#3271=EDGE_LOOP('',(#1490,#1491,#1492,#1493,#1494,#1495,#1496,#1497));
#3272=EDGE_LOOP('',(#1498,#1499,#1500,#1501));
#3273=EDGE_LOOP('',(#1502,#1503,#1504,#1505));
#3274=EDGE_LOOP('',(#1506,#1507,#1508,#1509));
#3275=EDGE_LOOP('',(#1510,#1511,#1512,#1513,#1514,#1515));
#3276=EDGE_LOOP('',(#1516,#1517,#1518,#1519,#1520,#1521));
#3277=EDGE_LOOP('',(#1522,#1523,#1524,#1525));
#3278=EDGE_LOOP('',(#1526,#1527,#1528,#1529));
#3279=EDGE_LOOP('',(#1530,#1531,#1532,#1533));
#3280=EDGE_LOOP('',(#1534,#1535,#1536,#1537,#1538,#1539,#1540,#1541));
#3281=EDGE_LOOP('',(#1542,#1543,#1544,#1545));
#3282=EDGE_LOOP('',(#1546,#1547,#1548,#1549));
#3283=EDGE_LOOP('',(#1550,#1551,#1552,#1553));
#3284=EDGE_LOOP('',(#1554,#1555,#1556,#1557,#1558,#1559,#1560,#1561));
#3285=EDGE_LOOP('',(#1562,#1563,#1564,#1565));
#3286=EDGE_LOOP('',(#1566,#1567,#1568,#1569,#1570,#1571,#1572,#1573));
#3287=EDGE_LOOP('',(#1574,#1575,#1576,#1577));
#3288=EDGE_LOOP('',(#1578,#1579,#1580,#1581));
#3289=EDGE_LOOP('',(#1582,#1583,#1584,#1585));
#3290=EDGE_LOOP('',(#1586,#1587,#1588,#1589));
#3291=EDGE_LOOP('',(#1590,#1591,#1592,#1593));
#3292=EDGE_LOOP('',(#1594,#1595,#1596,#1597));
#3293=EDGE_LOOP('',(#1598,#1599,#1600,#1601,#1602,#1603,#1604,#1605,#1606,
#1607,#1608,#1609,#1610,#1611,#1612,#1613,#1614,#1615,#1616,#1617));
#3294=EDGE_LOOP('',(#1618,#1619,#1620,#1621,#1622,#1623,#1624,#1625));
#3295=EDGE_LOOP('',(#1626,#1627,#1628,#1629));
#3296=EDGE_LOOP('',(#1630,#1631,#1632,#1633));
#3297=EDGE_LOOP('',(#1634,#1635,#1636,#1637,#1638,#1639));
#3298=EDGE_LOOP('',(#1640,#1641,#1642,#1643,#1644,#1645));
#3299=EDGE_LOOP('',(#1646,#1647,#1648,#1649));
#3300=EDGE_LOOP('',(#1650,#1651,#1652,#1653));
#3301=EDGE_LOOP('',(#1654,#1655,#1656));
#3302=EDGE_LOOP('',(#1657,#1658,#1659,#1660));
#3303=EDGE_LOOP('',(#1661,#1662,#1663,#1664));
#3304=EDGE_LOOP('',(#1665,#1666,#1667,#1668));
#3305=EDGE_LOOP('',(#1669,#1670,#1671));
#3306=EDGE_LOOP('',(#1672,#1673,#1674,#1675));
#3307=EDGE_LOOP('',(#1676,#1677,#1678,#1679));
#3308=EDGE_LOOP('',(#1680,#1681,#1682,#1683));
#3309=EDGE_LOOP('',(#1684,#1685,#1686,#1687));
#3310=EDGE_LOOP('',(#1688,#1689,#1690,#1691));
#3311=EDGE_LOOP('',(#1692,#1693,#1694,#1695));
#3312=EDGE_LOOP('',(#1696,#1697,#1698,#1699));
#3313=EDGE_LOOP('',(#1700,#1701,#1702,#1703));
#3314=EDGE_LOOP('',(#1704,#1705,#1706,#1707));
#3315=EDGE_LOOP('',(#1708,#1709,#1710,#1711));
#3316=EDGE_LOOP('',(#1712,#1713,#1714,#1715));
#3317=EDGE_LOOP('',(#1716,#1717,#1718,#1719,#1720,#1721));
#3318=EDGE_LOOP('',(#1722,#1723,#1724,#1725));
#3319=EDGE_LOOP('',(#1726,#1727,#1728,#1729));
#3320=EDGE_LOOP('',(#1730,#1731,#1732,#1733));
#3321=EDGE_LOOP('',(#1734,#1735,#1736,#1737));
#3322=EDGE_LOOP('',(#1738,#1739,#1740,#1741));
#3323=EDGE_LOOP('',(#1742,#1743,#1744,#1745,#1746,#1747));
#3324=EDGE_LOOP('',(#1748,#1749,#1750,#1751,#1752,#1753));
#3325=EDGE_LOOP('',(#1754,#1755,#1756,#1757));
#3326=EDGE_LOOP('',(#1758,#1759,#1760,#1761,#1762,#1763,#1764,#1765));
#3327=EDGE_LOOP('',(#1766,#1767,#1768,#1769));
#3328=EDGE_LOOP('',(#1770,#1771,#1772,#1773,#1774,#1775,#1776,#1777));
#3329=EDGE_LOOP('',(#1778,#1779,#1780,#1781));
#3330=EDGE_LOOP('',(#1782,#1783,#1784,#1785));
#3331=EDGE_LOOP('',(#1786,#1787,#1788,#1789));
#3332=EDGE_LOOP('',(#1790,#1791,#1792,#1793));
#3333=EDGE_LOOP('',(#1794,#1795,#1796,#1797));
#3334=EDGE_LOOP('',(#1798,#1799,#1800,#1801));
#3335=EDGE_LOOP('',(#1802,#1803,#1804,#1805));
#3336=EDGE_LOOP('',(#1806,#1807,#1808,#1809));
#3337=EDGE_LOOP('',(#1810,#1811,#1812,#1813,#1814));
#3338=EDGE_LOOP('',(#1815,#1816,#1817,#1818,#1819));
#3339=EDGE_LOOP('',(#1820,#1821,#1822,#1823));
#3340=EDGE_LOOP('',(#1824,#1825,#1826,#1827));
#3341=EDGE_LOOP('',(#1828));
#3342=EDGE_LOOP('',(#1829));
#3343=EDGE_LOOP('',(#1830,#1831,#1832,#1833));
#3344=EDGE_LOOP('',(#1834,#1835,#1836,#1837));
#3345=EDGE_LOOP('',(#1838,#1839,#1840,#1841));
#3346=EDGE_LOOP('',(#1842,#1843,#1844,#1845));
#3347=EDGE_LOOP('',(#1846,#1847,#1848,#1849));
#3348=EDGE_LOOP('',(#1850,#1851,#1852,#1853));
#3349=EDGE_LOOP('',(#1854,#1855,#1856,#1857));
#3350=EDGE_LOOP('',(#1858,#1859,#1860,#1861));
#3351=EDGE_LOOP('',(#1862,#1863,#1864,#1865,#1866,#1867,#1868,#1869,#1870,
#1871));
#3352=EDGE_LOOP('',(#1872,#1873,#1874,#1875));
#3353=EDGE_LOOP('',(#1876,#1877,#1878,#1879));
#3354=EDGE_LOOP('',(#1880,#1881,#1882,#1883));
#3355=EDGE_LOOP('',(#1884,#1885,#1886,#1887));
#3356=EDGE_LOOP('',(#1888,#1889,#1890,#1891));
#3357=EDGE_LOOP('',(#1892,#1893,#1894,#1895));
#3358=EDGE_LOOP('',(#1896,#1897,#1898,#1899));
#3359=EDGE_LOOP('',(#1900,#1901,#1902,#1903));
#3360=EDGE_LOOP('',(#1904,#1905,#1906,#1907));
#3361=EDGE_LOOP('',(#1908,#1909,#1910,#1911,#1912));
#3362=EDGE_LOOP('',(#1913,#1914,#1915,#1916));
#3363=EDGE_LOOP('',(#1917,#1918,#1919,#1920,#1921));
#3364=EDGE_LOOP('',(#1922,#1923,#1924,#1925));
#3365=EDGE_LOOP('',(#1926,#1927,#1928,#1929));
#3366=EDGE_LOOP('',(#1930,#1931,#1932,#1933));
#3367=EDGE_LOOP('',(#1934,#1935,#1936,#1937));
#3368=EDGE_LOOP('',(#1938,#1939,#1940,#1941));
#3369=EDGE_LOOP('',(#1942,#1943,#1944,#1945));
#3370=EDGE_LOOP('',(#1946,#1947,#1948,#1949));
#3371=EDGE_LOOP('',(#1950,#1951,#1952,#1953));
#3372=EDGE_LOOP('',(#1954,#1955,#1956,#1957));
#3373=EDGE_LOOP('',(#1958,#1959,#1960,#1961));
#3374=EDGE_LOOP('',(#1962,#1963,#1964,#1965));
#3375=EDGE_LOOP('',(#1966,#1967,#1968,#1969));
#3376=EDGE_LOOP('',(#1970,#1971,#1972,#1973));
#3377=EDGE_LOOP('',(#1974,#1975,#1976,#1977));
#3378=FACE_BOUND('',#3125,.T.);
#3379=FACE_BOUND('',#3126,.T.);
#3380=FACE_BOUND('',#3127,.T.);
#3381=FACE_BOUND('',#3128,.T.);
#3382=FACE_BOUND('',#3129,.T.);
#3383=FACE_BOUND('',#3130,.T.);
#3384=FACE_BOUND('',#3131,.T.);
#3385=FACE_BOUND('',#3132,.T.);
#3386=FACE_BOUND('',#3133,.T.);
#3387=FACE_BOUND('',#3134,.T.);
#3388=FACE_BOUND('',#3135,.T.);
#3389=FACE_BOUND('',#3136,.T.);
#3390=FACE_BOUND('',#3137,.T.);
#3391=FACE_BOUND('',#3138,.T.);
#3392=FACE_BOUND('',#3139,.T.);
#3393=FACE_BOUND('',#3140,.T.);
#3394=FACE_BOUND('',#3141,.T.);
#3395=FACE_BOUND('',#3142,.T.);
#3396=FACE_BOUND('',#3143,.T.);
#3397=FACE_BOUND('',#3144,.T.);
#3398=FACE_BOUND('',#3145,.T.);
#3399=FACE_BOUND('',#3146,.T.);
#3400=FACE_BOUND('',#3147,.T.);
#3401=FACE_BOUND('',#3148,.T.);
#3402=FACE_BOUND('',#3149,.T.);
#3403=FACE_BOUND('',#3150,.T.);
#3404=FACE_BOUND('',#3151,.T.);
#3405=FACE_BOUND('',#3152,.T.);
#3406=FACE_BOUND('',#3153,.T.);
#3407=FACE_BOUND('',#3154,.T.);
#3408=FACE_BOUND('',#3155,.T.);
#3409=FACE_BOUND('',#3156,.T.);
#3410=FACE_BOUND('',#3157,.T.);
#3411=FACE_BOUND('',#3158,.T.);
#3412=FACE_BOUND('',#3159,.T.);
#3413=FACE_BOUND('',#3160,.T.);
#3414=FACE_BOUND('',#3161,.T.);
#3415=FACE_BOUND('',#3162,.T.);
#3416=FACE_BOUND('',#3163,.T.);
#3417=FACE_BOUND('',#3164,.T.);
#3418=FACE_BOUND('',#3165,.T.);
#3419=FACE_BOUND('',#3166,.T.);
#3420=FACE_BOUND('',#3167,.T.);
#3421=FACE_BOUND('',#3168,.T.);
#3422=FACE_BOUND('',#3169,.T.);
#3423=FACE_BOUND('',#3170,.T.);
#3424=FACE_BOUND('',#3171,.T.);
#3425=FACE_BOUND('',#3172,.T.);
#3426=FACE_BOUND('',#3173,.T.);
#3427=FACE_BOUND('',#3174,.T.);
#3428=FACE_BOUND('',#3175,.T.);
#3429=FACE_BOUND('',#3176,.T.);
#3430=FACE_BOUND('',#3177,.T.);
#3431=FACE_BOUND('',#3178,.T.);
#3432=FACE_BOUND('',#3179,.T.);
#3433=FACE_BOUND('',#3180,.T.);
#3434=FACE_BOUND('',#3181,.T.);
#3435=FACE_BOUND('',#3182,.T.);
#3436=FACE_BOUND('',#3183,.T.);
#3437=FACE_BOUND('',#3184,.T.);
#3438=FACE_BOUND('',#3185,.T.);
#3439=FACE_BOUND('',#3186,.T.);
#3440=FACE_BOUND('',#3187,.T.);
#3441=FACE_BOUND('',#3188,.T.);
#3442=FACE_BOUND('',#3189,.T.);
#3443=FACE_BOUND('',#3190,.T.);
#3444=FACE_BOUND('',#3191,.T.);
#3445=FACE_BOUND('',#3192,.T.);
#3446=FACE_BOUND('',#3193,.T.);
#3447=FACE_BOUND('',#3194,.T.);
#3448=FACE_BOUND('',#3195,.T.);
#3449=FACE_BOUND('',#3196,.T.);
#3450=FACE_BOUND('',#3197,.T.);
#3451=FACE_BOUND('',#3198,.T.);
#3452=FACE_BOUND('',#3199,.T.);
#3453=FACE_BOUND('',#3200,.T.);
#3454=FACE_BOUND('',#3201,.T.);
#3455=FACE_BOUND('',#3202,.T.);
#3456=FACE_BOUND('',#3203,.T.);
#3457=FACE_BOUND('',#3204,.T.);
#3458=FACE_BOUND('',#3205,.T.);
#3459=FACE_BOUND('',#3206,.T.);
#3460=FACE_BOUND('',#3207,.T.);
#3461=FACE_BOUND('',#3208,.T.);
#3462=FACE_BOUND('',#3209,.T.);
#3463=FACE_BOUND('',#3210,.T.);
#3464=FACE_BOUND('',#3211,.T.);
#3465=FACE_BOUND('',#3212,.T.);
#3466=FACE_BOUND('',#3213,.T.);
#3467=FACE_BOUND('',#3214,.T.);
#3468=FACE_BOUND('',#3215,.T.);
#3469=FACE_BOUND('',#3216,.T.);
#3470=FACE_BOUND('',#3217,.T.);
#3471=FACE_BOUND('',#3218,.T.);
#3472=FACE_BOUND('',#3219,.T.);
#3473=FACE_BOUND('',#3220,.T.);
#3474=FACE_BOUND('',#3221,.T.);
#3475=FACE_BOUND('',#3222,.T.);
#3476=FACE_BOUND('',#3223,.T.);
#3477=FACE_BOUND('',#3224,.T.);
#3478=FACE_BOUND('',#3225,.T.);
#3479=FACE_BOUND('',#3226,.T.);
#3480=FACE_BOUND('',#3227,.T.);
#3481=FACE_BOUND('',#3228,.T.);
#3482=FACE_BOUND('',#3229,.T.);
#3483=FACE_BOUND('',#3230,.T.);
#3484=FACE_BOUND('',#3231,.T.);
#3485=FACE_BOUND('',#3232,.T.);
#3486=FACE_BOUND('',#3233,.T.);
#3487=FACE_BOUND('',#3234,.T.);
#3488=FACE_BOUND('',#3235,.T.);
#3489=FACE_BOUND('',#3236,.T.);
#3490=FACE_BOUND('',#3237,.T.);
#3491=FACE_BOUND('',#3238,.T.);
#3492=FACE_BOUND('',#3239,.T.);
#3493=FACE_BOUND('',#3240,.T.);
#3494=FACE_BOUND('',#3241,.T.);
#3495=FACE_BOUND('',#3242,.T.);
#3496=FACE_BOUND('',#3243,.T.);
#3497=FACE_BOUND('',#3244,.T.);
#3498=FACE_BOUND('',#3245,.T.);
#3499=FACE_BOUND('',#3246,.T.);
#3500=FACE_BOUND('',#3247,.T.);
#3501=FACE_BOUND('',#3248,.T.);
#3502=FACE_BOUND('',#3249,.T.);
#3503=FACE_BOUND('',#3250,.T.);
#3504=FACE_BOUND('',#3251,.T.);
#3505=FACE_BOUND('',#3252,.T.);
#3506=FACE_BOUND('',#3253,.T.);
#3507=FACE_BOUND('',#3254,.T.);
#3508=FACE_BOUND('',#3255,.T.);
#3509=FACE_BOUND('',#3256,.T.);
#3510=FACE_BOUND('',#3257,.T.);
#3511=FACE_BOUND('',#3258,.T.);
#3512=FACE_BOUND('',#3259,.T.);
#3513=FACE_BOUND('',#3260,.T.);
#3514=FACE_BOUND('',#3261,.T.);
#3515=FACE_BOUND('',#3262,.T.);
#3516=FACE_BOUND('',#3263,.T.);
#3517=FACE_BOUND('',#3264,.T.);
#3518=FACE_BOUND('',#3265,.T.);
#3519=FACE_BOUND('',#3266,.T.);
#3520=FACE_BOUND('',#3267,.T.);
#3521=FACE_BOUND('',#3268,.T.);
#3522=FACE_BOUND('',#3269,.T.);
#3523=FACE_BOUND('',#3270,.T.);
#3524=FACE_BOUND('',#3271,.T.);
#3525=FACE_BOUND('',#3272,.T.);
#3526=FACE_BOUND('',#3273,.T.);
#3527=FACE_BOUND('',#3274,.T.);
#3528=FACE_BOUND('',#3275,.T.);
#3529=FACE_BOUND('',#3276,.T.);
#3530=FACE_BOUND('',#3277,.T.);
#3531=FACE_BOUND('',#3278,.T.);
#3532=FACE_BOUND('',#3279,.T.);
#3533=FACE_BOUND('',#3280,.T.);
#3534=FACE_BOUND('',#3281,.T.);
#3535=FACE_BOUND('',#3282,.T.);
#3536=FACE_BOUND('',#3283,.T.);
#3537=FACE_BOUND('',#3284,.T.);
#3538=FACE_BOUND('',#3285,.T.);
#3539=FACE_BOUND('',#3286,.T.);
#3540=FACE_BOUND('',#3287,.T.);
#3541=FACE_BOUND('',#3288,.T.);
#3542=FACE_BOUND('',#3289,.T.);
#3543=FACE_BOUND('',#3290,.T.);
#3544=FACE_BOUND('',#3291,.T.);
#3545=FACE_BOUND('',#3292,.T.);
#3546=FACE_BOUND('',#3293,.T.);
#3547=FACE_BOUND('',#3294,.T.);
#3548=FACE_BOUND('',#3295,.T.);
#3549=FACE_BOUND('',#3296,.T.);
#3550=FACE_BOUND('',#3297,.T.);
#3551=FACE_BOUND('',#3298,.T.);
#3552=FACE_BOUND('',#3299,.T.);
#3553=FACE_BOUND('',#3300,.T.);
#3554=FACE_BOUND('',#3301,.T.);
#3555=FACE_BOUND('',#3302,.T.);
#3556=FACE_BOUND('',#3303,.T.);
#3557=FACE_BOUND('',#3304,.T.);
#3558=FACE_BOUND('',#3305,.T.);
#3559=FACE_BOUND('',#3306,.T.);
#3560=FACE_BOUND('',#3307,.T.);
#3561=FACE_BOUND('',#3308,.T.);
#3562=FACE_BOUND('',#3309,.T.);
#3563=FACE_BOUND('',#3310,.T.);
#3564=FACE_BOUND('',#3311,.T.);
#3565=FACE_BOUND('',#3312,.T.);
#3566=FACE_BOUND('',#3313,.T.);
#3567=FACE_BOUND('',#3314,.T.);
#3568=FACE_BOUND('',#3315,.T.);
#3569=FACE_BOUND('',#3316,.T.);
#3570=FACE_BOUND('',#3317,.T.);
#3571=FACE_BOUND('',#3318,.T.);
#3572=FACE_BOUND('',#3319,.T.);
#3573=FACE_BOUND('',#3320,.T.);
#3574=FACE_BOUND('',#3321,.T.);
#3575=FACE_BOUND('',#3322,.T.);
#3576=FACE_BOUND('',#3323,.T.);
#3577=FACE_BOUND('',#3324,.T.);
#3578=FACE_BOUND('',#3325,.T.);
#3579=FACE_BOUND('',#3326,.T.);
#3580=FACE_BOUND('',#3327,.T.);
#3581=FACE_BOUND('',#3328,.T.);
#3582=FACE_BOUND('',#3329,.T.);
#3583=FACE_BOUND('',#3330,.T.);
#3584=FACE_BOUND('',#3331,.T.);
#3585=FACE_BOUND('',#3332,.T.);
#3586=FACE_BOUND('',#3333,.T.);
#3587=FACE_BOUND('',#3334,.T.);
#3588=FACE_BOUND('',#3335,.T.);
#3589=FACE_BOUND('',#3336,.T.);
#3590=FACE_BOUND('',#3337,.T.);
#3591=FACE_BOUND('',#3338,.T.);
#3592=FACE_BOUND('',#3339,.T.);
#3593=FACE_BOUND('',#3340,.T.);
#3594=FACE_BOUND('',#3341,.T.);
#3595=FACE_BOUND('',#3342,.T.);
#3596=FACE_BOUND('',#3343,.T.);
#3597=FACE_BOUND('',#3344,.T.);
#3598=FACE_BOUND('',#3345,.T.);
#3599=FACE_BOUND('',#3346,.T.);
#3600=FACE_BOUND('',#3347,.T.);
#3601=FACE_BOUND('',#3348,.T.);
#3602=FACE_BOUND('',#3349,.T.);
#3603=FACE_BOUND('',#3350,.T.);
#3604=FACE_BOUND('',#3351,.T.);
#3605=FACE_BOUND('',#3352,.T.);
#3606=FACE_BOUND('',#3353,.T.);
#3607=FACE_BOUND('',#3354,.T.);
#3608=FACE_BOUND('',#3355,.T.);
#3609=FACE_BOUND('',#3356,.T.);
#3610=FACE_BOUND('',#3357,.T.);
#3611=FACE_BOUND('',#3358,.T.);
#3612=FACE_BOUND('',#3359,.T.);
#3613=FACE_BOUND('',#3360,.T.);
#3614=FACE_BOUND('',#3361,.T.);
#3615=FACE_BOUND('',#3362,.T.);
#3616=FACE_BOUND('',#3363,.T.);
#3617=FACE_BOUND('',#3364,.T.);
#3618=FACE_BOUND('',#3365,.T.);
#3619=FACE_BOUND('',#3366,.T.);
#3620=FACE_BOUND('',#3367,.T.);
#3621=FACE_BOUND('',#3368,.T.);
#3622=FACE_BOUND('',#3369,.T.);
#3623=FACE_BOUND('',#3370,.T.);
#3624=FACE_BOUND('',#3371,.T.);
#3625=FACE_BOUND('',#3372,.T.);
#3626=FACE_BOUND('',#3373,.T.);
#3627=FACE_BOUND('',#3374,.T.);
#3628=FACE_BOUND('',#3375,.T.);
#3629=FACE_BOUND('',#3376,.T.);
#3630=FACE_BOUND('',#3377,.T.);
#3631=CYLINDRICAL_SURFACE('',#4000,9.6);
#3632=CYLINDRICAL_SURFACE('',#4007,9.6);
#3633=CYLINDRICAL_SURFACE('',#4014,10.05);
#3634=CYLINDRICAL_SURFACE('',#4021,10.05);
#3635=CYLINDRICAL_SURFACE('',#4028,2.);
#3636=CYLINDRICAL_SURFACE('',#4032,2.45);
#3637=CYLINDRICAL_SURFACE('',#4054,0.5);
#3638=CYLINDRICAL_SURFACE('',#4056,0.5);
#3639=CYLINDRICAL_SURFACE('',#4060,0.5);
#3640=CYLINDRICAL_SURFACE('',#4063,0.5);
#3641=CYLINDRICAL_SURFACE('',#4072,3.075);
#3642=CYLINDRICAL_SURFACE('',#4078,0.0499999999999995);
#3643=CYLINDRICAL_SURFACE('',#4080,0.0500000000000004);
#3644=CYLINDRICAL_SURFACE('',#4083,0.05);
#3645=CYLINDRICAL_SURFACE('',#4085,0.0500000000000004);
#3646=CYLINDRICAL_SURFACE('',#4089,2.625);
#3647=CYLINDRICAL_SURFACE('',#4108,1.);
#3648=CYLINDRICAL_SURFACE('',#4110,1.);
#3649=CYLINDRICAL_SURFACE('',#4120,1.);
#3650=CYLINDRICAL_SURFACE('',#4123,1.);
#3651=CYLINDRICAL_SURFACE('',#4139,2.45);
#3652=CYLINDRICAL_SURFACE('',#4140,2.);
#3653=CYLINDRICAL_SURFACE('',#4146,0.5);
#3654=CYLINDRICAL_SURFACE('',#4152,0.5);
#3655=CYLINDRICAL_SURFACE('',#4161,1.);
#3656=CYLINDRICAL_SURFACE('',#4162,1.);
#3657=CYLINDRICAL_SURFACE('',#4163,1.);
#3658=CYLINDRICAL_SURFACE('',#4164,1.);
#3659=CYLINDRICAL_SURFACE('',#4165,0.25);
#3660=CYLINDRICAL_SURFACE('',#4166,0.25);
#3661=CYLINDRICAL_SURFACE('',#4167,0.25);
#3662=CYLINDRICAL_SURFACE('',#4168,0.25);
#3663=CYLINDRICAL_SURFACE('',#4170,1.);
#3664=CYLINDRICAL_SURFACE('',#4173,2.625);
#3665=CYLINDRICAL_SURFACE('',#4179,1.);
#3666=CYLINDRICAL_SURFACE('',#4232,9.64);
#3667=CYLINDRICAL_SURFACE('',#4234,0.0899999999999997);
#3668=CYLINDRICAL_SURFACE('',#4236,0.0899999999999986);
#3669=CYLINDRICAL_SURFACE('',#4238,9.64);
#3670=CYLINDRICAL_SURFACE('',#4266,5.);
#3671=CYLINDRICAL_SURFACE('',#4276,0.0499999999999997);
#3672=CYLINDRICAL_SURFACE('',#4279,0.0499999999999987);
#3673=CYLINDRICAL_SURFACE('',#4281,9.6);
#3674=CYLINDRICAL_SURFACE('',#4283,0.0499999999999997);
#3675=CYLINDRICAL_SURFACE('',#4286,0.05);
#3676=CYLINDRICAL_SURFACE('',#4288,9.6);
#3677=CYLINDRICAL_SURFACE('',#4293,1.);
#3678=CYLINDRICAL_SURFACE('',#4296,1.);
#3679=CYLINDRICAL_SURFACE('',#4298,1.);
#3680=CYLINDRICAL_SURFACE('',#4301,1.);
#3681=CYLINDRICAL_SURFACE('',#4316,5.);
#3682=CYLINDRICAL_SURFACE('',#4320,0.1);
#3683=CYLINDRICAL_SURFACE('',#4328,0.0999999999999999);
#3684=CYLINDRICAL_SURFACE('',#4330,0.0999999999999999);
#3685=CYLINDRICAL_SURFACE('',#4336,0.0999999999999999);
#3686=CYLINDRICAL_SURFACE('',#4338,0.0999999999999999);
#3687=CYLINDRICAL_SURFACE('',#4347,0.5);
#3688=CYLINDRICAL_SURFACE('',#4360,0.5);
#3689=CYLINDRICAL_SURFACE('',#4371,4.5);
#3690=CYLINDRICAL_SURFACE('',#4381,9.1);
#3691=CYLINDRICAL_SURFACE('',#4384,9.1);
#3692=CYLINDRICAL_SURFACE('',#4386,1.5);
#3693=CYLINDRICAL_SURFACE('',#4388,1.5);
#3694=CYLINDRICAL_SURFACE('',#4389,1.5);
#3695=CYLINDRICAL_SURFACE('',#4391,1.5);
#3696=CYLINDRICAL_SURFACE('',#4393,4.5);
#3697=CYLINDRICAL_SURFACE('',#4396,0.6);
#3698=CYLINDRICAL_SURFACE('',#4397,0.6);
#3699=CYLINDRICAL_SURFACE('',#4398,1.);
#3700=CYLINDRICAL_SURFACE('',#4403,0.2);
#3701=CYLINDRICAL_SURFACE('',#4404,0.2);
#3702=CYLINDRICAL_SURFACE('',#4405,0.2);
#3703=CYLINDRICAL_SURFACE('',#4406,0.2);
#3704=CYLINDRICAL_SURFACE('',#4408,0.5);
#3705=CYLINDRICAL_SURFACE('',#4410,0.5);
#3706=CYLINDRICAL_SURFACE('',#4411,10.05);
#3707=CYLINDRICAL_SURFACE('',#4412,10.05);
#3708=CYLINDRICAL_SURFACE('',#4413,0.5);
#3709=CYLINDRICAL_SURFACE('',#4414,0.5);
#3710=CYLINDRICAL_SURFACE('',#4415,10.05);
#3711=CYLINDRICAL_SURFACE('',#4416,10.05);
#3712=CYLINDRICAL_SURFACE('',#4423,1.);
#3713=CYLINDRICAL_SURFACE('',#4427,0.5);
#3714=CYLINDRICAL_SURFACE('',#4431,0.5);
#3715=CYLINDRICAL_SURFACE('',#4435,1.);
#3716=ADVANCED_FACE('',(#3378,#3379),#3631,.F.);
#3717=ADVANCED_FACE('',(#3380,#3381),#3632,.F.);
#3718=ADVANCED_FACE('',(#3382,#3383),#3633,.T.);
#3719=ADVANCED_FACE('',(#3384,#3385),#3634,.T.);
#3720=ADVANCED_FACE('',(#3386),#3635,.F.);
#3721=ADVANCED_FACE('',(#3387),#3636,.T.);
#3722=ADVANCED_FACE('',(#3388),#84,.T.);
#3723=ADVANCED_FACE('',(#3389),#85,.F.);
#3724=ADVANCED_FACE('',(#3390),#86,.F.);
#3725=ADVANCED_FACE('',(#3391),#87,.F.);
#3726=ADVANCED_FACE('',(#3392),#88,.F.);
#3727=ADVANCED_FACE('',(#3393),#89,.T.);
#3728=ADVANCED_FACE('',(#3394),#90,.F.);
#3729=ADVANCED_FACE('',(#3395),#91,.T.);
#3730=ADVANCED_FACE('',(#3396),#92,.T.);
#3731=ADVANCED_FACE('',(#3397),#93,.T.);
#3732=ADVANCED_FACE('',(#3398),#94,.T.);
#3733=ADVANCED_FACE('',(#3399,#3400,#3401),#95,.F.);
#3734=ADVANCED_FACE('',(#3402,#3403,#3404),#96,.T.);
#3735=ADVANCED_FACE('',(#3405),#97,.T.);
#3736=ADVANCED_FACE('',(#3406),#3637,.T.);
#3737=ADVANCED_FACE('',(#3407),#3638,.T.);
#3738=ADVANCED_FACE('',(#3408),#98,.F.);
#3739=ADVANCED_FACE('',(#3409),#3639,.T.);
#3740=ADVANCED_FACE('',(#3410),#3640,.T.);
#3741=ADVANCED_FACE('',(#3411),#99,.T.);
#3742=ADVANCED_FACE('',(#3412,#3413),#100,.F.);
#3743=ADVANCED_FACE('',(#3414,#3415),#3641,.T.);
#3744=ADVANCED_FACE('',(#3416,#3417),#101,.F.);
#3745=ADVANCED_FACE('',(#3418,#3419),#64,.F.);
#3746=ADVANCED_FACE('',(#3420),#3642,.F.);
#3747=ADVANCED_FACE('',(#3421),#3643,.F.);
#3748=ADVANCED_FACE('',(#3422),#102,.T.);
#3749=ADVANCED_FACE('',(#3423),#3644,.F.);
#3750=ADVANCED_FACE('',(#3424),#3645,.F.);
#3751=ADVANCED_FACE('',(#3425,#3426),#103,.T.);
#3752=ADVANCED_FACE('',(#3427,#3428),#3646,.F.);
#3753=ADVANCED_FACE('',(#3429,#3430),#65,.T.);
#3754=ADVANCED_FACE('',(#3431),#104,.F.);
#3755=ADVANCED_FACE('',(#3432),#105,.F.);
#3756=ADVANCED_FACE('',(#3433),#106,.F.);
#3757=ADVANCED_FACE('',(#3434),#107,.F.);
#3758=ADVANCED_FACE('',(#3435),#108,.F.);
#3759=ADVANCED_FACE('',(#3436),#109,.F.);
#3760=ADVANCED_FACE('',(#3437),#110,.T.);
#3761=ADVANCED_FACE('',(#3438),#3647,.T.);
#3762=ADVANCED_FACE('',(#3439),#111,.F.);
#3763=ADVANCED_FACE('',(#3440),#3648,.T.);
#3764=ADVANCED_FACE('',(#3441),#112,.F.);
#3765=ADVANCED_FACE('',(#3442),#113,.F.);
#3766=ADVANCED_FACE('',(#3443),#66,.T.);
#3767=ADVANCED_FACE('',(#3444),#67,.F.);
#3768=ADVANCED_FACE('',(#3445),#114,.T.);
#3769=ADVANCED_FACE('',(#3446),#115,.F.);
#3770=ADVANCED_FACE('',(#3447),#3649,.T.);
#3771=ADVANCED_FACE('',(#3448),#116,.F.);
#3772=ADVANCED_FACE('',(#3449),#117,.F.);
#3773=ADVANCED_FACE('',(#3450),#3650,.T.);
#3774=ADVANCED_FACE('',(#3451),#68,.T.);
#3775=ADVANCED_FACE('',(#3452),#69,.F.);
#3776=ADVANCED_FACE('',(#3453),#118,.T.);
#3777=ADVANCED_FACE('',(#3454),#119,.T.);
#3778=ADVANCED_FACE('',(#3455),#120,.F.);
#3779=ADVANCED_FACE('',(#3456),#121,.F.);
#3780=ADVANCED_FACE('',(#3457),#122,.F.);
#3781=ADVANCED_FACE('',(#3458),#123,.T.);
#3782=ADVANCED_FACE('',(#3459),#124,.F.);
#3783=ADVANCED_FACE('',(#3460),#125,.F.);
#3784=ADVANCED_FACE('',(#3461),#126,.T.);
#3785=ADVANCED_FACE('',(#3462),#3651,.T.);
#3786=ADVANCED_FACE('',(#3463),#3652,.F.);
#3787=ADVANCED_FACE('',(#3464),#58,.T.);
#3788=ADVANCED_FACE('',(#3465),#70,.T.);
#3789=ADVANCED_FACE('',(#3466),#3653,.T.);
#3790=ADVANCED_FACE('',(#3467),#59,.T.);
#3791=ADVANCED_FACE('',(#3468),#60,.T.);
#3792=ADVANCED_FACE('',(#3469),#3654,.T.);
#3793=ADVANCED_FACE('',(#3470),#71,.T.);
#3794=ADVANCED_FACE('',(#3471),#61,.T.);
#3795=ADVANCED_FACE('',(#3472),#127,.T.);
#3796=ADVANCED_FACE('',(#3473),#128,.T.);
#3797=ADVANCED_FACE('',(#3474),#129,.T.);
#3798=ADVANCED_FACE('',(#3475),#130,.T.);
#3799=ADVANCED_FACE('',(#3476),#3655,.F.);
#3800=ADVANCED_FACE('',(#3477),#3656,.F.);
#3801=ADVANCED_FACE('',(#3478),#3657,.F.);
#3802=ADVANCED_FACE('',(#3479),#3658,.F.);
#3803=ADVANCED_FACE('',(#3480),#3659,.T.);
#3804=ADVANCED_FACE('',(#3481),#3660,.T.);
#3805=ADVANCED_FACE('',(#3482),#3661,.T.);
#3806=ADVANCED_FACE('',(#3483),#3662,.T.);
#3807=ADVANCED_FACE('',(#3484,#3485),#3663,.F.);
#3808=ADVANCED_FACE('',(#3486,#3487),#3664,.T.);
#3809=ADVANCED_FACE('',(#3488,#3489),#131,.F.);
#3810=ADVANCED_FACE('',(#3490,#3491),#132,.T.);
#3811=ADVANCED_FACE('',(#3492,#3493),#3665,.T.);
#3812=ADVANCED_FACE('',(#3494),#133,.F.);
#3813=ADVANCED_FACE('',(#3495),#134,.T.);
#3814=ADVANCED_FACE('',(#3496,#3497),#22,.T.);
#3815=ADVANCED_FACE('',(#3498,#3499),#23,.T.);
#3816=ADVANCED_FACE('',(#3500),#135,.F.);
#3817=ADVANCED_FACE('',(#3501),#136,.F.);
#3818=ADVANCED_FACE('',(#3502),#137,.T.);
#3819=ADVANCED_FACE('',(#3503),#138,.T.);
#3820=ADVANCED_FACE('',(#3504),#139,.T.);
#3821=ADVANCED_FACE('',(#3505),#140,.T.);
#3822=ADVANCED_FACE('',(#3506),#141,.T.);
#3823=ADVANCED_FACE('',(#3507),#142,.T.);
#3824=ADVANCED_FACE('',(#3508),#143,.F.);
#3825=ADVANCED_FACE('',(#3509,#3510),#144,.T.);
#3826=ADVANCED_FACE('',(#3511),#145,.F.);
#3827=ADVANCED_FACE('',(#3512),#146,.F.);
#3828=ADVANCED_FACE('',(#3513),#147,.F.);
#3829=ADVANCED_FACE('',(#3514),#148,.F.);
#3830=ADVANCED_FACE('',(#3515),#3666,.F.);
#3831=ADVANCED_FACE('',(#3516),#3667,.F.);
#3832=ADVANCED_FACE('',(#3517),#3668,.F.);
#3833=ADVANCED_FACE('',(#3518),#3669,.F.);
#3834=ADVANCED_FACE('',(#3519,#3520,#3521),#149,.F.);
#3835=ADVANCED_FACE('',(#3522,#3523,#3524),#150,.T.);
#3836=ADVANCED_FACE('',(#3525),#72,.F.);
#3837=ADVANCED_FACE('',(#3526),#73,.F.);
#3838=ADVANCED_FACE('',(#3527),#3670,.T.);
#3839=ADVANCED_FACE('',(#3528),#151,.T.);
#3840=ADVANCED_FACE('',(#3529),#152,.T.);
#3841=ADVANCED_FACE('',(#3530),#3671,.T.);
#3842=ADVANCED_FACE('',(#3531),#153,.F.);
#3843=ADVANCED_FACE('',(#3532),#3672,.T.);
#3844=ADVANCED_FACE('',(#3533),#3673,.T.);
#3845=ADVANCED_FACE('',(#3534),#3674,.T.);
#3846=ADVANCED_FACE('',(#3535),#154,.F.);
#3847=ADVANCED_FACE('',(#3536),#3675,.T.);
#3848=ADVANCED_FACE('',(#3537),#3676,.T.);
#3849=ADVANCED_FACE('',(#3538,#3539),#155,.F.);
#3850=ADVANCED_FACE('',(#3540),#3677,.F.);
#3851=ADVANCED_FACE('',(#3541),#156,.T.);
#3852=ADVANCED_FACE('',(#3542),#3678,.F.);
#3853=ADVANCED_FACE('',(#3543),#3679,.F.);
#3854=ADVANCED_FACE('',(#3544),#157,.T.);
#3855=ADVANCED_FACE('',(#3545),#3680,.F.);
#3856=ADVANCED_FACE('',(#3546,#3547),#158,.F.);
#3857=ADVANCED_FACE('',(#3548),#159,.T.);
#3858=ADVANCED_FACE('',(#3549),#3681,.T.);
#3859=ADVANCED_FACE('',(#3550),#160,.F.);
#3860=ADVANCED_FACE('',(#3551),#161,.F.);
#3861=ADVANCED_FACE('',(#3552),#3682,.F.);
#3862=ADVANCED_FACE('',(#3553),#74,.T.);
#3863=ADVANCED_FACE('',(#3554),#62,.T.);
#3864=ADVANCED_FACE('',(#3555),#75,.T.);
#3865=ADVANCED_FACE('',(#3556),#3683,.T.);
#3866=ADVANCED_FACE('',(#3557),#3684,.T.);
#3867=ADVANCED_FACE('',(#3558),#63,.T.);
#3868=ADVANCED_FACE('',(#3559),#76,.F.);
#3869=ADVANCED_FACE('',(#3560),#3685,.T.);
#3870=ADVANCED_FACE('',(#3561),#3686,.F.);
#3871=ADVANCED_FACE('',(#3562),#77,.F.);
#3872=ADVANCED_FACE('',(#3563),#78,.T.);
#3873=ADVANCED_FACE('',(#3564),#18,.T.);
#3874=ADVANCED_FACE('',(#3565),#3687,.T.);
#3875=ADVANCED_FACE('',(#3566),#19,.T.);
#3876=ADVANCED_FACE('',(#3567),#79,.T.);
#3877=ADVANCED_FACE('',(#3568),#80,.T.);
#3878=ADVANCED_FACE('',(#3569),#20,.T.);
#3879=ADVANCED_FACE('',(#3570),#3688,.T.);
#3880=ADVANCED_FACE('',(#3571),#21,.T.);
#3881=ADVANCED_FACE('',(#3572),#81,.T.);
#3882=ADVANCED_FACE('',(#3573),#82,.T.);
#3883=ADVANCED_FACE('',(#3574),#83,.T.);
#3884=ADVANCED_FACE('',(#3575),#3689,.F.);
#3885=ADVANCED_FACE('',(#3576),#162,.F.);
#3886=ADVANCED_FACE('',(#3577),#163,.F.);
#3887=ADVANCED_FACE('',(#3578),#164,.T.);
#3888=ADVANCED_FACE('',(#3579),#3690,.F.);
#3889=ADVANCED_FACE('',(#3580),#165,.T.);
#3890=ADVANCED_FACE('',(#3581),#3691,.F.);
#3891=ADVANCED_FACE('',(#3582),#3692,.T.);
#3892=ADVANCED_FACE('',(#3583),#166,.F.);
#3893=ADVANCED_FACE('',(#3584),#3693,.T.);
#3894=ADVANCED_FACE('',(#3585),#3694,.T.);
#3895=ADVANCED_FACE('',(#3586),#167,.F.);
#3896=ADVANCED_FACE('',(#3587),#3695,.T.);
#3897=ADVANCED_FACE('',(#3588),#168,.F.);
#3898=ADVANCED_FACE('',(#3589),#3696,.F.);
#3899=ADVANCED_FACE('',(#3590),#169,.T.);
#3900=ADVANCED_FACE('',(#3591),#170,.T.);
#3901=ADVANCED_FACE('',(#3592),#3697,.T.);
#3902=ADVANCED_FACE('',(#3593),#3698,.T.);
#3903=ADVANCED_FACE('',(#3594,#3595),#3699,.F.);
#3904=ADVANCED_FACE('',(#3596),#171,.F.);
#3905=ADVANCED_FACE('',(#3597),#172,.F.);
#3906=ADVANCED_FACE('',(#3598),#173,.F.);
#3907=ADVANCED_FACE('',(#3599),#174,.F.);
#3908=ADVANCED_FACE('',(#3600),#3700,.F.);
#3909=ADVANCED_FACE('',(#3601),#3701,.F.);
#3910=ADVANCED_FACE('',(#3602),#3702,.F.);
#3911=ADVANCED_FACE('',(#3603),#3703,.F.);
#3912=ADVANCED_FACE('',(#3604),#175,.F.);
#3913=ADVANCED_FACE('',(#3605),#3704,.T.);
#3914=ADVANCED_FACE('',(#3606),#176,.F.);
#3915=ADVANCED_FACE('',(#3607),#3705,.T.);
#3916=ADVANCED_FACE('',(#3608),#3706,.T.);
#3917=ADVANCED_FACE('',(#3609),#3707,.T.);
#3918=ADVANCED_FACE('',(#3610),#3708,.T.);
#3919=ADVANCED_FACE('',(#3611),#3709,.T.);
#3920=ADVANCED_FACE('',(#3612),#3710,.T.);
#3921=ADVANCED_FACE('',(#3613),#3711,.T.);
#3922=ADVANCED_FACE('',(#3614),#177,.F.);
#3923=ADVANCED_FACE('',(#3615),#178,.F.);
#3924=ADVANCED_FACE('',(#3616),#179,.F.);
#3925=ADVANCED_FACE('',(#3617),#180,.T.);
#3926=ADVANCED_FACE('',(#3618),#3712,.T.);
#3927=ADVANCED_FACE('',(#3619),#181,.F.);
#3928=ADVANCED_FACE('',(#3620),#182,.F.);
#3929=ADVANCED_FACE('',(#3621),#3713,.F.);
#3930=ADVANCED_FACE('',(#3622),#183,.F.);
#3931=ADVANCED_FACE('',(#3623),#3714,.F.);
#3932=ADVANCED_FACE('',(#3624),#184,.F.);
#3933=ADVANCED_FACE('',(#3625),#3715,.T.);
#3934=ADVANCED_FACE('',(#3626,#3627),#185,.T.);
#3935=ADVANCED_FACE('',(#3628,#3629),#186,.F.);
#3936=ADVANCED_FACE('',(#3630),#187,.T.);
#3937=CLOSED_SHELL('',(#3716,#3717,#3718,#3719,#3720,#3721,#3722,#3723,
#3724,#3725,#3726,#3727,#3728,#3729,#3730,#3731,#3732,#3733,#3734,#3735,
#3736,#3737,#3738,#3739,#3740,#3741,#3742,#3743,#3744,#3745,#3746,#3747,
#3748,#3749,#3750,#3751,#3752,#3753,#3754,#3755,#3756,#3757,#3758,#3759,
#3760,#3761,#3762,#3763,#3764,#3765,#3766,#3767,#3768,#3769,#3770,#3771,
#3772,#3773,#3774,#3775,#3776,#3777,#3778,#3779,#3780,#3781,#3782,#3783,
#3784,#3785,#3786,#3787,#3788,#3789,#3790,#3791,#3792,#3793,#3794,#3795,
#3796,#3797,#3798,#3799,#3800,#3801,#3802,#3803,#3804,#3805,#3806));
#3938=CLOSED_SHELL('',(#3807,#3808,#3809,#3810));
#3939=CLOSED_SHELL('',(#3811,#3812,#3813,#3814,#3815));
#3940=CLOSED_SHELL('',(#3816,#3817,#3818,#3819,#3820,#3821,#3822,#3823,
#3824,#3825,#3826,#3827,#3828,#3829,#3830,#3831,#3832,#3833,#3834,#3835,
#3836,#3837,#3838,#3839,#3840,#3841,#3842,#3843,#3844,#3845,#3846,#3847,
#3848,#3849,#3850,#3851,#3852,#3853,#3854,#3855,#3856,#3857,#3858,#3859,
#3860,#3861,#3862,#3863,#3864,#3865,#3866,#3867,#3868,#3869,#3870,#3871,
#3872,#3873,#3874,#3875,#3876,#3877,#3878,#3879,#3880,#3881,#3882,#3883,
#3884,#3885,#3886,#3887,#3888,#3889,#3890,#3891,#3892,#3893,#3894,#3895,
#3896,#3897,#3898,#3899,#3900,#3901,#3902,#3903,#3904,#3905,#3906,#3907,
#3908,#3909,#3910,#3911,#3912,#3913,#3914,#3915,#3916,#3917,#3918,#3919,
#3920,#3921,#3922,#3923,#3924,#3925,#3926));
#3941=CLOSED_SHELL('',(#3927,#3928,#3929,#3930,#3931,#3932,#3933,#3934,
#3935,#3936));
#3942=STYLED_ITEM('',(#3947),#3982);
#3943=STYLED_ITEM('',(#3948),#3983);
#3944=STYLED_ITEM('',(#3949),#3984);
#3945=STYLED_ITEM('',(#3950),#3985);
#3946=STYLED_ITEM('',(#3951),#3986);
#3947=PRESENTATION_STYLE_ASSIGNMENT((#3952));
#3948=PRESENTATION_STYLE_ASSIGNMENT((#3953));
#3949=PRESENTATION_STYLE_ASSIGNMENT((#3954));
#3950=PRESENTATION_STYLE_ASSIGNMENT((#3955));
#3951=PRESENTATION_STYLE_ASSIGNMENT((#3956));
#3952=SURFACE_STYLE_USAGE(.BOTH.,#3957);
#3953=SURFACE_STYLE_USAGE(.BOTH.,#3958);
#3954=SURFACE_STYLE_USAGE(.BOTH.,#3959);
#3955=SURFACE_STYLE_USAGE(.BOTH.,#3960);
#3956=SURFACE_STYLE_USAGE(.BOTH.,#3961);
#3957=SURFACE_SIDE_STYLE('',(#3962));
#3958=SURFACE_SIDE_STYLE('',(#3963));
#3959=SURFACE_SIDE_STYLE('',(#3964));
#3960=SURFACE_SIDE_STYLE('',(#3965));
#3961=SURFACE_SIDE_STYLE('',(#3966));
#3962=SURFACE_STYLE_FILL_AREA(#3967);
#3963=SURFACE_STYLE_FILL_AREA(#3968);
#3964=SURFACE_STYLE_FILL_AREA(#3969);
#3965=SURFACE_STYLE_FILL_AREA(#3970);
#3966=SURFACE_STYLE_FILL_AREA(#3971);
#3967=FILL_AREA_STYLE('',(#3972));
#3968=FILL_AREA_STYLE('',(#3973));
#3969=FILL_AREA_STYLE('',(#3974));
#3970=FILL_AREA_STYLE('',(#3975));
#3971=FILL_AREA_STYLE('',(#3976));
#3972=FILL_AREA_STYLE_COLOUR('',#3977);
#3973=FILL_AREA_STYLE_COLOUR('',#3978);
#3974=FILL_AREA_STYLE_COLOUR('',#3979);
#3975=FILL_AREA_STYLE_COLOUR('',#3980);
#3976=FILL_AREA_STYLE_COLOUR('',#3981);
#3977=COLOUR_RGB('',0.792156875133514,0.792156875133514,0.792156875133514);
#3978=COLOUR_RGB('',0.449999988079071,0.333433717489243,0.224999994039536);
#3979=COLOUR_RGB('',0.331739127635956,0.340869575738907,0.349999994039536);
#3980=COLOUR_RGB('',0.976470589637756,0.976470589637756,0.976470589637756);
#3981=COLOUR_RGB('',0.800000011920929,0.666434764862061,0.319999992847443);
#3982=MANIFOLD_SOLID_BREP('',#3937);
#3983=MANIFOLD_SOLID_BREP('',#3938);
#3984=MANIFOLD_SOLID_BREP('',#3939);
#3985=MANIFOLD_SOLID_BREP('',#3940);
#3986=MANIFOLD_SOLID_BREP('',#3941);
#3987=SHAPE_DEFINITION_REPRESENTATION(#6948,#3993);
#3988=SHAPE_DEFINITION_REPRESENTATION(#6947,#3994);
#3989=SHAPE_DEFINITION_REPRESENTATION(#6950,#3995);
#3990=SHAPE_DEFINITION_REPRESENTATION(#6952,#3996);
#3991=SHAPE_DEFINITION_REPRESENTATION(#6954,#3997);
#3992=SHAPE_DEFINITION_REPRESENTATION(#6956,#3998);
#3993=SHAPE_REPRESENTATION('Motor Case',(#3999),#6933);
#3994=SHAPE_REPRESENTATION('FA-130 DC Motor',(#3999,#4169,#4178,#4188,#4424,
#4441,#4442),#6932);
#3995=SHAPE_REPRESENTATION('Front Bearing',(#3999),#6934);
#3996=SHAPE_REPRESENTATION('Shaft',(#3999),#6935);
#3997=SHAPE_REPRESENTATION('Back Cap',(#3999),#6936);
#3998=SHAPE_REPRESENTATION('Collector',(#3999),#6937);
#3999=AXIS2_PLACEMENT_3D('',#5640,#4443,#4444);
#4000=AXIS2_PLACEMENT_3D('',#5641,#4445,#4446);
#4001=AXIS2_PLACEMENT_3D('',#5642,#4447,#4448);
#4002=AXIS2_PLACEMENT_3D('',#5654,#4451,#4452);
#4003=AXIS2_PLACEMENT_3D('',#5665,#4455,#4456);
#4004=AXIS2_PLACEMENT_3D('',#5669,#4458,#4459);
#4005=AXIS2_PLACEMENT_3D('',#5672,#4461,#4462);
#4006=AXIS2_PLACEMENT_3D('',#5681,#4463,#4464);
#4007=AXIS2_PLACEMENT_3D('',#5688,#4465,#4466);
#4008=AXIS2_PLACEMENT_3D('',#5697,#4468,#4469);
#4009=AXIS2_PLACEMENT_3D('',#5701,#4471,#4472);
#4010=AXIS2_PLACEMENT_3D('',#5705,#4474,#4475);
#4011=AXIS2_PLACEMENT_3D('',#5716,#4478,#4479);
#4012=AXIS2_PLACEMENT_3D('',#5719,#4481,#4482);
#4013=AXIS2_PLACEMENT_3D('',#5728,#4483,#4484);
#4014=AXIS2_PLACEMENT_3D('',#5735,#4485,#4486);
#4015=AXIS2_PLACEMENT_3D('',#5736,#4487,#4488);
#4016=AXIS2_PLACEMENT_3D('',#5746,#4490,#4491);
#4017=AXIS2_PLACEMENT_3D('',#5755,#4493,#4494);
#4018=AXIS2_PLACEMENT_3D('',#5759,#4496,#4497);
#4019=AXIS2_PLACEMENT_3D('',#5762,#4499,#4500);
#4020=AXIS2_PLACEMENT_3D('',#5771,#4501,#4502);
#4021=AXIS2_PLACEMENT_3D('',#5778,#4503,#4504);
#4022=AXIS2_PLACEMENT_3D('',#5787,#4506,#4507);
#4023=AXIS2_PLACEMENT_3D('',#5791,#4509,#4510);
#4024=AXIS2_PLACEMENT_3D('',#5795,#4512,#4513);
#4025=AXIS2_PLACEMENT_3D('',#5804,#4515,#4516);
#4026=AXIS2_PLACEMENT_3D('',#5805,#4517,#4518);
#4027=AXIS2_PLACEMENT_3D('',#5814,#4519,#4520);
#4028=AXIS2_PLACEMENT_3D('',#5821,#4521,#4522);
#4029=AXIS2_PLACEMENT_3D('',#5822,#4523,#4524);
#4030=AXIS2_PLACEMENT_3D('',#5827,#4526,#4527);
#4031=AXIS2_PLACEMENT_3D('',#5829,#4528,#4529);
#4032=AXIS2_PLACEMENT_3D('',#5832,#4531,#4532);
#4033=AXIS2_PLACEMENT_3D('',#5833,#4533,#4534);
#4034=AXIS2_PLACEMENT_3D('',#5838,#4536,#4537);
#4035=AXIS2_PLACEMENT_3D('',#5841,#4539,#4540);
#4036=AXIS2_PLACEMENT_3D('',#5850,#4545,#4546);
#4037=AXIS2_PLACEMENT_3D('',#5860,#4552,#4553);
#4038=AXIS2_PLACEMENT_3D('',#5867,#4558,#4559);
#4039=AXIS2_PLACEMENT_3D('',#5871,#4562,#4563);
#4040=AXIS2_PLACEMENT_3D('',#5873,#4565,#4566);
#4041=AXIS2_PLACEMENT_3D('',#5875,#4568,#4569);
#4042=AXIS2_PLACEMENT_3D('',#5877,#4571,#4572);
#4043=AXIS2_PLACEMENT_3D('',#5883,#4576,#4577);
#4044=AXIS2_PLACEMENT_3D('',#5886,#4580,#4581);
#4045=AXIS2_PLACEMENT_3D('',#5889,#4584,#4585);
#4046=AXIS2_PLACEMENT_3D('',#5893,#4587,#4588);
#4047=AXIS2_PLACEMENT_3D('',#5900,#4592,#4593);
#4048=AXIS2_PLACEMENT_3D('',#5916,#4602,#4603);
#4049=AXIS2_PLACEMENT_3D('',#5936,#4614,#4615);
#4050=AXIS2_PLACEMENT_3D('',#5938,#4617,#4618);
#4051=AXIS2_PLACEMENT_3D('',#5939,#4619,#4620);
#4052=AXIS2_PLACEMENT_3D('',#5941,#4622,#4623);
#4053=AXIS2_PLACEMENT_3D('',#5942,#4624,#4625);
#4054=AXIS2_PLACEMENT_3D('',#5943,#4626,#4627);
#4055=AXIS2_PLACEMENT_3D('',#5944,#4628,#4629);
#4056=AXIS2_PLACEMENT_3D('',#5945,#4630,#4631);
#4057=AXIS2_PLACEMENT_3D('',#5946,#4632,#4633);
#4058=AXIS2_PLACEMENT_3D('',#5950,#4635,#4636);
#4059=AXIS2_PLACEMENT_3D('',#5951,#4637,#4638);
#4060=AXIS2_PLACEMENT_3D('',#5957,#4642,#4643);
#4061=AXIS2_PLACEMENT_3D('',#5958,#4644,#4645);
#4062=AXIS2_PLACEMENT_3D('',#5959,#4646,#4647);
#4063=AXIS2_PLACEMENT_3D('',#5960,#4648,#4649);
#4064=AXIS2_PLACEMENT_3D('',#5961,#4650,#4651);
#4065=AXIS2_PLACEMENT_3D('',#5962,#4652,#4653);
#4066=AXIS2_PLACEMENT_3D('',#5964,#4655,#4656);
#4067=AXIS2_PLACEMENT_3D('',#5968,#4658,#4659);
#4068=AXIS2_PLACEMENT_3D('',#5970,#4661,#4662);
#4069=AXIS2_PLACEMENT_3D('',#5974,#4664,#4665);
#4070=AXIS2_PLACEMENT_3D('',#5978,#4667,#4668);
#4071=AXIS2_PLACEMENT_3D('',#5979,#4669,#4670);
#4072=AXIS2_PLACEMENT_3D('',#5981,#4671,#4672);
#4073=AXIS2_PLACEMENT_3D('',#5982,#4673,#4674);
#4074=AXIS2_PLACEMENT_3D('',#5984,#4675,#4676);
#4075=AXIS2_PLACEMENT_3D('',#5986,#4677,#4678);
#4076=AXIS2_PLACEMENT_3D('',#5987,#4679,#4680);
#4077=AXIS2_PLACEMENT_3D('',#5989,#4681,#4682);
#4078=AXIS2_PLACEMENT_3D('',#5990,#4683,#4684);
#4079=AXIS2_PLACEMENT_3D('',#5991,#4685,#4686);
#4080=AXIS2_PLACEMENT_3D('',#5992,#4687,#4688);
#4081=AXIS2_PLACEMENT_3D('',#5993,#4689,#4690);
#4082=AXIS2_PLACEMENT_3D('',#5996,#4692,#4693);
#4083=AXIS2_PLACEMENT_3D('',#6000,#4696,#4697);
#4084=AXIS2_PLACEMENT_3D('',#6001,#4698,#4699);
#4085=AXIS2_PLACEMENT_3D('',#6002,#4700,#4701);
#4086=AXIS2_PLACEMENT_3D('',#6003,#4702,#4703);
#4087=AXIS2_PLACEMENT_3D('',#6004,#4704,#4705);
#4088=AXIS2_PLACEMENT_3D('',#6005,#4706,#4707);
#4089=AXIS2_PLACEMENT_3D('',#6007,#4708,#4709);
#4090=AXIS2_PLACEMENT_3D('',#6008,#4710,#4711);
#4091=AXIS2_PLACEMENT_3D('',#6010,#4712,#4713);
#4092=AXIS2_PLACEMENT_3D('',#6011,#4714,#4715);
#4093=AXIS2_PLACEMENT_3D('',#6017,#4717,#4718);
#4094=AXIS2_PLACEMENT_3D('',#6021,#4720,#4721);
#4095=AXIS2_PLACEMENT_3D('',#6025,#4723,#4724);
#4096=AXIS2_PLACEMENT_3D('',#6029,#4726,#4727);
#4097=AXIS2_PLACEMENT_3D('',#6030,#4728,#4729);
#4098=AXIS2_PLACEMENT_3D('',#6036,#4731,#4732);
#4099=AXIS2_PLACEMENT_3D('',#6042,#4734,#4735);
#4100=AXIS2_PLACEMENT_3D('',#6046,#4737,#4738);
#4101=AXIS2_PLACEMENT_3D('',#6050,#4740,#4741);
#4102=AXIS2_PLACEMENT_3D('',#6054,#4743,#4744);
#4103=AXIS2_PLACEMENT_3D('',#6055,#4745,#4746);
#4104=AXIS2_PLACEMENT_3D('',#6061,#4748,#4749);
#4105=AXIS2_PLACEMENT_3D('',#6065,#4751,#4752);
#4106=AXIS2_PLACEMENT_3D('',#6069,#4754,#4755);
#4107=AXIS2_PLACEMENT_3D('',#6073,#4757,#4758);
#4108=AXIS2_PLACEMENT_3D('',#6074,#4759,#4760);
#4109=AXIS2_PLACEMENT_3D('',#6077,#4763,#4764);
#4110=AXIS2_PLACEMENT_3D('',#6079,#4766,#4767);
#4111=AXIS2_PLACEMENT_3D('',#6081,#4769,#4770);
#4112=AXIS2_PLACEMENT_3D('',#6090,#4771,#4772);
#4113=AXIS2_PLACEMENT_3D('',#6099,#4773,#4774);
#4114=AXIS2_PLACEMENT_3D('',#6100,#4775,#4776);
#4115=AXIS2_PLACEMENT_3D('',#6101,#4777,#4778);
#4116=AXIS2_PLACEMENT_3D('',#6105,#4780,#4781);
#4117=AXIS2_PLACEMENT_3D('',#6109,#4783,#4784);
#4118=AXIS2_PLACEMENT_3D('',#6113,#4786,#4787);
#4119=AXIS2_PLACEMENT_3D('',#6114,#4788,#4789);
#4120=AXIS2_PLACEMENT_3D('',#6117,#4792,#4793);
#4121=AXIS2_PLACEMENT_3D('',#6119,#4795,#4796);
#4122=AXIS2_PLACEMENT_3D('',#6128,#4797,#4798);
#4123=AXIS2_PLACEMENT_3D('',#6138,#4800,#4801);
#4124=AXIS2_PLACEMENT_3D('',#6139,#4802,#4803);
#4125=AXIS2_PLACEMENT_3D('',#6140,#4804,#4805);
#4126=AXIS2_PLACEMENT_3D('',#6141,#4806,#4807);
#4127=AXIS2_PLACEMENT_3D('',#6143,#4809,#4810);
#4128=AXIS2_PLACEMENT_3D('',#6149,#4814,#4815);
#4129=AXIS2_PLACEMENT_3D('',#6150,#4816,#4817);
#4130=AXIS2_PLACEMENT_3D('',#6157,#4822,#4823);
#4131=AXIS2_PLACEMENT_3D('',#6163,#4827,#4828);
#4132=AXIS2_PLACEMENT_3D('',#6169,#4832,#4833);
#4133=AXIS2_PLACEMENT_3D('',#6170,#4834,#4835);
#4134=AXIS2_PLACEMENT_3D('',#6171,#4836,#4837);
#4135=AXIS2_PLACEMENT_3D('',#6172,#4838,#4839);
#4136=AXIS2_PLACEMENT_3D('',#6175,#4841,#4842);
#4137=AXIS2_PLACEMENT_3D('',#6176,#4843,#4844);
#4138=AXIS2_PLACEMENT_3D('',#6177,#4845,#4846);
#4139=AXIS2_PLACEMENT_3D('',#6178,#4847,#4848);
#4140=AXIS2_PLACEMENT_3D('',#6179,#4849,#4850);
#4141=AXIS2_PLACEMENT_3D('',#6180,#4851,#4852);
#4142=AXIS2_PLACEMENT_3D('',#6181,#4853,#4854);
#4143=AXIS2_PLACEMENT_3D('',#6182,#4855,#4856);
#4144=AXIS2_PLACEMENT_3D('',#6183,#4857,#4858);
#4145=AXIS2_PLACEMENT_3D('',#6184,#4859,#4860);
#4146=AXIS2_PLACEMENT_3D('',#6185,#4861,#4862);
#4147=AXIS2_PLACEMENT_3D('',#6186,#4863,#4864);
#4148=AXIS2_PLACEMENT_3D('',#6187,#4865,#4866);
#4149=AXIS2_PLACEMENT_3D('',#6188,#4867,#4868);
#4150=AXIS2_PLACEMENT_3D('',#6189,#4869,#4870);
#4151=AXIS2_PLACEMENT_3D('',#6190,#4871,#4872);
#4152=AXIS2_PLACEMENT_3D('',#6191,#4873,#4874);
#4153=AXIS2_PLACEMENT_3D('',#6192,#4875,#4876);
#4154=AXIS2_PLACEMENT_3D('',#6193,#4877,#4878);
#4155=AXIS2_PLACEMENT_3D('',#6194,#4879,#4880);
#4156=AXIS2_PLACEMENT_3D('',#6195,#4881,#4882);
#4157=AXIS2_PLACEMENT_3D('',#6196,#4883,#4884);
#4158=AXIS2_PLACEMENT_3D('',#6199,#4887,#4888);
#4159=AXIS2_PLACEMENT_3D('',#6202,#4891,#4892);
#4160=AXIS2_PLACEMENT_3D('',#6205,#4895,#4896);
#4161=AXIS2_PLACEMENT_3D('',#6208,#4899,#4900);
#4162=AXIS2_PLACEMENT_3D('',#6209,#4901,#4902);
#4163=AXIS2_PLACEMENT_3D('',#6210,#4903,#4904);
#4164=AXIS2_PLACEMENT_3D('',#6211,#4905,#4906);
#4165=AXIS2_PLACEMENT_3D('',#6212,#4907,#4908);
#4166=AXIS2_PLACEMENT_3D('',#6213,#4909,#4910);
#4167=AXIS2_PLACEMENT_3D('',#6214,#4911,#4912);
#4168=AXIS2_PLACEMENT_3D('',#6215,#4913,#4914);
#4169=AXIS2_PLACEMENT_3D('',#6216,#4915,#4916);
#4170=AXIS2_PLACEMENT_3D('',#6217,#4917,#4918);
#4171=AXIS2_PLACEMENT_3D('',#6218,#4919,#4920);
#4172=AXIS2_PLACEMENT_3D('',#6220,#4921,#4922);
#4173=AXIS2_PLACEMENT_3D('',#6222,#4923,#4924);
#4174=AXIS2_PLACEMENT_3D('',#6223,#4925,#4926);
#4175=AXIS2_PLACEMENT_3D('',#6225,#4927,#4928);
#4176=AXIS2_PLACEMENT_3D('',#6227,#4929,#4930);
#4177=AXIS2_PLACEMENT_3D('',#6228,#4931,#4932);
#4178=AXIS2_PLACEMENT_3D('',#6229,#4933,#4934);
#4179=AXIS2_PLACEMENT_3D('',#6230,#4935,#4936);
#4180=AXIS2_PLACEMENT_3D('',#6231,#4937,#4938);
#4181=AXIS2_PLACEMENT_3D('',#6233,#4939,#4940);
#4182=AXIS2_PLACEMENT_3D('',#6235,#4941,#4942);
#4183=AXIS2_PLACEMENT_3D('',#6236,#4943,#4944);
#4184=AXIS2_PLACEMENT_3D('',#6238,#4945,#4946);
#4185=AXIS2_PLACEMENT_3D('',#6239,#4947,#4948);
#4186=AXIS2_PLACEMENT_3D('',#6241,#4949,#4950);
#4187=AXIS2_PLACEMENT_3D('',#6242,#4951,#4952);
#4188=AXIS2_PLACEMENT_3D('',#6243,#4953,#4954);
#4189=AXIS2_PLACEMENT_3D('',#6244,#4955,#4956);
#4190=AXIS2_PLACEMENT_3D('',#6253,#4961,#4962);
#4191=AXIS2_PLACEMENT_3D('',#6262,#4967,#4968);
#4192=AXIS2_PLACEMENT_3D('',#6263,#4969,#4970);
#4193=AXIS2_PLACEMENT_3D('',#6268,#4972,#4973);
#4194=AXIS2_PLACEMENT_3D('',#6270,#4974,#4975);
#4195=AXIS2_PLACEMENT_3D('',#6274,#4977,#4978);
#4196=AXIS2_PLACEMENT_3D('',#6276,#4979,#4980);
#4197=AXIS2_PLACEMENT_3D('',#6280,#4982,#4983);
#4198=AXIS2_PLACEMENT_3D('',#6282,#4984,#4985);
#4199=AXIS2_PLACEMENT_3D('',#6288,#4989,#4990);
#4200=AXIS2_PLACEMENT_3D('',#6289,#4991,#4992);
#4201=AXIS2_PLACEMENT_3D('',#6290,#4993,#4994);
#4202=AXIS2_PLACEMENT_3D('',#6295,#4996,#4997);
#4203=AXIS2_PLACEMENT_3D('',#6297,#4998,#4999);
#4204=AXIS2_PLACEMENT_3D('',#6301,#5001,#5002);
#4205=AXIS2_PLACEMENT_3D('',#6303,#5003,#5004);
#4206=AXIS2_PLACEMENT_3D('',#6307,#5006,#5007);
#4207=AXIS2_PLACEMENT_3D('',#6309,#5008,#5009);
#4208=AXIS2_PLACEMENT_3D('',#6313,#5011,#5012);
#4209=AXIS2_PLACEMENT_3D('',#6314,#5013,#5014);
#4210=AXIS2_PLACEMENT_3D('',#6329,#5020,#5021);
#4211=AXIS2_PLACEMENT_3D('',#6344,#5027,#5028);
#4212=AXIS2_PLACEMENT_3D('',#6359,#5034,#5035);
#4213=AXIS2_PLACEMENT_3D('',#6374,#5041,#5042);
#4214=AXIS2_PLACEMENT_3D('',#6383,#5047,#5048);
#4215=AXIS2_PLACEMENT_3D('',#6384,#5049,#5050);
#4216=AXIS2_PLACEMENT_3D('',#6389,#5052,#5053);
#4217=AXIS2_PLACEMENT_3D('',#6393,#5055,#5056);
#4218=AXIS2_PLACEMENT_3D('',#6399,#5059,#5060);
#4219=AXIS2_PLACEMENT_3D('',#6403,#5062,#5063);
#4220=AXIS2_PLACEMENT_3D('',#6407,#5065,#5066);
#4221=AXIS2_PLACEMENT_3D('',#6411,#5068,#5069);
#4222=AXIS2_PLACEMENT_3D('',#6413,#5070,#5071);
#4223=AXIS2_PLACEMENT_3D('',#6417,#5073,#5074);
#4224=AXIS2_PLACEMENT_3D('',#6419,#5075,#5076);
#4225=AXIS2_PLACEMENT_3D('',#6423,#5078,#5079);
#4226=AXIS2_PLACEMENT_3D('',#6427,#5081,#5082);
#4227=AXIS2_PLACEMENT_3D('',#6428,#5083,#5084);
#4228=AXIS2_PLACEMENT_3D('',#6429,#5085,#5086);
#4229=AXIS2_PLACEMENT_3D('',#6435,#5090,#5091);
#4230=AXIS2_PLACEMENT_3D('',#6441,#5095,#5096);
#4231=AXIS2_PLACEMENT_3D('',#6451,#5102,#5103);
#4232=AXIS2_PLACEMENT_3D('',#6461,#5109,#5110);
#4233=AXIS2_PLACEMENT_3D('',#6462,#5111,#5112);
#4234=AXIS2_PLACEMENT_3D('',#6465,#5114,#5115);
#4235=AXIS2_PLACEMENT_3D('',#6466,#5116,#5117);
#4236=AXIS2_PLACEMENT_3D('',#6467,#5118,#5119);
#4237=AXIS2_PLACEMENT_3D('',#6468,#5120,#5121);
#4238=AXIS2_PLACEMENT_3D('',#6471,#5123,#5124);
#4239=AXIS2_PLACEMENT_3D('',#6472,#5125,#5126);
#4240=AXIS2_PLACEMENT_3D('',#6473,#5127,#5128);
#4241=AXIS2_PLACEMENT_3D('',#6474,#5129,#5130);
#4242=AXIS2_PLACEMENT_3D('',#6479,#5132,#5133);
#4243=AXIS2_PLACEMENT_3D('',#6483,#5135,#5136);
#4244=AXIS2_PLACEMENT_3D('',#6487,#5138,#5139);
#4245=AXIS2_PLACEMENT_3D('',#6491,#5141,#5142);
#4246=AXIS2_PLACEMENT_3D('',#6495,#5144,#5145);
#4247=AXIS2_PLACEMENT_3D('',#6499,#5147,#5148);
#4248=AXIS2_PLACEMENT_3D('',#6503,#5150,#5151);
#4249=AXIS2_PLACEMENT_3D('',#6504,#5152,#5153);
#4250=AXIS2_PLACEMENT_3D('',#6508,#5155,#5156);
#4251=AXIS2_PLACEMENT_3D('',#6512,#5158,#5159);
#4252=AXIS2_PLACEMENT_3D('',#6516,#5161,#5162);
#4253=AXIS2_PLACEMENT_3D('',#6517,#5163,#5164);
#4254=AXIS2_PLACEMENT_3D('',#6522,#5166,#5167);
#4255=AXIS2_PLACEMENT_3D('',#6526,#5169,#5170);
#4256=AXIS2_PLACEMENT_3D('',#6530,#5172,#5173);
#4257=AXIS2_PLACEMENT_3D('',#6534,#5175,#5176);
#4258=AXIS2_PLACEMENT_3D('',#6535,#5177,#5178);
#4259=AXIS2_PLACEMENT_3D('',#6536,#5179,#5180);
#4260=AXIS2_PLACEMENT_3D('',#6544,#5181,#5182);
#4261=AXIS2_PLACEMENT_3D('',#6546,#5183,#5184);
#4262=AXIS2_PLACEMENT_3D('',#6547,#5185,#5186);
#4263=AXIS2_PLACEMENT_3D('',#6548,#5187,#5188);
#4264=AXIS2_PLACEMENT_3D('',#6556,#5189,#5190);
#4265=AXIS2_PLACEMENT_3D('',#6558,#5191,#5192);
#4266=AXIS2_PLACEMENT_3D('',#6559,#5193,#5194);
#4267=AXIS2_PLACEMENT_3D('',#6562,#5196,#5197);
#4268=AXIS2_PLACEMENT_3D('',#6565,#5199,#5200);
#4269=AXIS2_PLACEMENT_3D('',#6566,#5201,#5202);
#4270=AXIS2_PLACEMENT_3D('',#6567,#5203,#5204);
#4271=AXIS2_PLACEMENT_3D('',#6571,#5206,#5207);
#4272=AXIS2_PLACEMENT_3D('',#6572,#5208,#5209);
#4273=AXIS2_PLACEMENT_3D('',#6573,#5210,#5211);
#4274=AXIS2_PLACEMENT_3D('',#6574,#5212,#5213);
#4275=AXIS2_PLACEMENT_3D('',#6578,#5215,#5216);
#4276=AXIS2_PLACEMENT_3D('',#6579,#5217,#5218);
#4277=AXIS2_PLACEMENT_3D('',#6580,#5219,#5220);
#4278=AXIS2_PLACEMENT_3D('',#6585,#5223,#5224);
#4279=AXIS2_PLACEMENT_3D('',#6589,#5227,#5228);
#4280=AXIS2_PLACEMENT_3D('',#6590,#5229,#5230);
#4281=AXIS2_PLACEMENT_3D('',#6593,#5232,#5233);
#4282=AXIS2_PLACEMENT_3D('',#6594,#5234,#5235);
#4283=AXIS2_PLACEMENT_3D('',#6597,#5237,#5238);
#4284=AXIS2_PLACEMENT_3D('',#6598,#5239,#5240);
#4285=AXIS2_PLACEMENT_3D('',#6601,#5242,#5243);
#4286=AXIS2_PLACEMENT_3D('',#6605,#5246,#5247);
#4287=AXIS2_PLACEMENT_3D('',#6606,#5248,#5249);
#4288=AXIS2_PLACEMENT_3D('',#6609,#5251,#5252);
#4289=AXIS2_PLACEMENT_3D('',#6610,#5253,#5254);
#4290=AXIS2_PLACEMENT_3D('',#6611,#5255,#5256);
#4291=AXIS2_PLACEMENT_3D('',#6612,#5257,#5258);
#4292=AXIS2_PLACEMENT_3D('',#6617,#5260,#5261);
#4293=AXIS2_PLACEMENT_3D('',#6620,#5263,#5264);
#4294=AXIS2_PLACEMENT_3D('',#6621,#5265,#5266);
#4295=AXIS2_PLACEMENT_3D('',#6624,#5268,#5269);
#4296=AXIS2_PLACEMENT_3D('',#6628,#5272,#5273);
#4297=AXIS2_PLACEMENT_3D('',#6629,#5274,#5275);
#4298=AXIS2_PLACEMENT_3D('',#6630,#5276,#5277);
#4299=AXIS2_PLACEMENT_3D('',#6631,#5278,#5279);
#4300=AXIS2_PLACEMENT_3D('',#6634,#5281,#5282);
#4301=AXIS2_PLACEMENT_3D('',#6638,#5285,#5286);
#4302=AXIS2_PLACEMENT_3D('',#6639,#5287,#5288);
#4303=AXIS2_PLACEMENT_3D('',#6640,#5289,#5290);
#4304=AXIS2_PLACEMENT_3D('',#6641,#5291,#5292);
#4305=AXIS2_PLACEMENT_3D('',#6643,#5293,#5294);
#4306=AXIS2_PLACEMENT_3D('',#6647,#5296,#5297);
#4307=AXIS2_PLACEMENT_3D('',#6649,#5298,#5299);
#4308=AXIS2_PLACEMENT_3D('',#6650,#5300,#5301);
#4309=AXIS2_PLACEMENT_3D('',#6652,#5302,#5303);
#4310=AXIS2_PLACEMENT_3D('',#6656,#5305,#5306);
#4311=AXIS2_PLACEMENT_3D('',#6658,#5307,#5308);
#4312=AXIS2_PLACEMENT_3D('',#6661,#5310,#5311);
#4313=AXIS2_PLACEMENT_3D('',#6664,#5313,#5314);
#4314=AXIS2_PLACEMENT_3D('',#6668,#5316,#5317);
#4315=AXIS2_PLACEMENT_3D('',#6669,#5318,#5319);
#4316=AXIS2_PLACEMENT_3D('',#6678,#5324,#5325);
#4317=AXIS2_PLACEMENT_3D('',#6683,#5328,#5329);
#4318=AXIS2_PLACEMENT_3D('',#6684,#5330,#5331);
#4319=AXIS2_PLACEMENT_3D('',#6690,#5333,#5334);
#4320=AXIS2_PLACEMENT_3D('',#6696,#5336,#5337);
#4321=AXIS2_PLACEMENT_3D('',#6697,#5338,#5339);
#4322=AXIS2_PLACEMENT_3D('',#6698,#5340,#5341);
#4323=AXIS2_PLACEMENT_3D('',#6699,#5342,#5343);
#4324=AXIS2_PLACEMENT_3D('',#6700,#5344,#5345);
#4325=AXIS2_PLACEMENT_3D('',#6701,#5346,#5347);
#4326=AXIS2_PLACEMENT_3D('',#6702,#5348,#5349);
#4327=AXIS2_PLACEMENT_3D('',#6703,#5350,#5351);
#4328=AXIS2_PLACEMENT_3D('',#6704,#5352,#5353);
#4329=AXIS2_PLACEMENT_3D('',#6705,#5354,#5355);
#4330=AXIS2_PLACEMENT_3D('',#6706,#5356,#5357);
#4331=AXIS2_PLACEMENT_3D('',#6707,#5358,#5359);
#4332=AXIS2_PLACEMENT_3D('',#6708,#5360,#5361);
#4333=AXIS2_PLACEMENT_3D('',#6709,#5362,#5363);
#4334=AXIS2_PLACEMENT_3D('',#6710,#5364,#5365);
#4335=AXIS2_PLACEMENT_3D('',#6711,#5366,#5367);
#4336=AXIS2_PLACEMENT_3D('',#6712,#5368,#5369);
#4337=AXIS2_PLACEMENT_3D('',#6713,#5370,#5371);
#4338=AXIS2_PLACEMENT_3D('',#6714,#5372,#5373);
#4339=AXIS2_PLACEMENT_3D('',#6715,#5374,#5375);
#4340=AXIS2_PLACEMENT_3D('',#6716,#5376,#5377);
#4341=AXIS2_PLACEMENT_3D('',#6717,#5378,#5379);
#4342=AXIS2_PLACEMENT_3D('',#6718,#5380,#5381);
#4343=AXIS2_PLACEMENT_3D('',#6720,#5382,#5383);
#4344=AXIS2_PLACEMENT_3D('',#6721,#5384,#5385);
#4345=AXIS2_PLACEMENT_3D('',#6722,#5386,#5387);
#4346=AXIS2_PLACEMENT_3D('',#6724,#5388,#5389);
#4347=AXIS2_PLACEMENT_3D('',#6725,#5390,#5391);
#4348=AXIS2_PLACEMENT_3D('',#6728,#5393,#5394);
#4349=AXIS2_PLACEMENT_3D('',#6729,#5395,#5396);
#4350=AXIS2_PLACEMENT_3D('',#6730,#5397,#5398);
#4351=AXIS2_PLACEMENT_3D('',#6732,#5399,#5400);
#4352=AXIS2_PLACEMENT_3D('',#6733,#5401,#5402);
#4353=AXIS2_PLACEMENT_3D('',#6734,#5403,#5404);
#4354=AXIS2_PLACEMENT_3D('',#6735,#5405,#5406);
#4355=AXIS2_PLACEMENT_3D('',#6736,#5407,#5408);
#4356=AXIS2_PLACEMENT_3D('',#6738,#5409,#5410);
#4357=AXIS2_PLACEMENT_3D('',#6739,#5411,#5412);
#4358=AXIS2_PLACEMENT_3D('',#6740,#5413,#5414);
#4359=AXIS2_PLACEMENT_3D('',#6741,#5415,#5416);
#4360=AXIS2_PLACEMENT_3D('',#6742,#5417,#5418);
#4361=AXIS2_PLACEMENT_3D('',#6743,#5419,#5420);
#4362=AXIS2_PLACEMENT_3D('',#6745,#5422,#5423);
#4363=AXIS2_PLACEMENT_3D('',#6746,#5424,#5425);
#4364=AXIS2_PLACEMENT_3D('',#6748,#5426,#5427);
#4365=AXIS2_PLACEMENT_3D('',#6749,#5428,#5429);
#4366=AXIS2_PLACEMENT_3D('',#6750,#5430,#5431);
#4367=AXIS2_PLACEMENT_3D('',#6751,#5432,#5433);
#4368=AXIS2_PLACEMENT_3D('',#6752,#5434,#5435);
#4369=AXIS2_PLACEMENT_3D('',#6764,#5436,#5437);
#4370=AXIS2_PLACEMENT_3D('',#6771,#5438,#5439);
#4371=AXIS2_PLACEMENT_3D('',#6777,#5440,#5441);
#4372=AXIS2_PLACEMENT_3D('',#6780,#5444,#5445);
#4373=AXIS2_PLACEMENT_3D('',#6781,#5446,#5447);
#4374=AXIS2_PLACEMENT_3D('',#6782,#5448,#5449);
#4375=AXIS2_PLACEMENT_3D('',#6786,#5451,#5452);
#4376=AXIS2_PLACEMENT_3D('',#6787,#5453,#5454);
#4377=AXIS2_PLACEMENT_3D('',#6788,#5455,#5456);
#4378=AXIS2_PLACEMENT_3D('',#6789,#5457,#5458);
#4379=AXIS2_PLACEMENT_3D('',#6793,#5460,#5461);
#4380=AXIS2_PLACEMENT_3D('',#6794,#5462,#5463);
#4381=AXIS2_PLACEMENT_3D('',#6800,#5467,#5468);
#4382=AXIS2_PLACEMENT_3D('',#6801,#5469,#5470);
#4383=AXIS2_PLACEMENT_3D('',#6803,#5472,#5473);
#4384=AXIS2_PLACEMENT_3D('',#6805,#5475,#5476);
#4385=AXIS2_PLACEMENT_3D('',#6806,#5477,#5478);
#4386=AXIS2_PLACEMENT_3D('',#6807,#5479,#5480);
#4387=AXIS2_PLACEMENT_3D('',#6809,#5482,#5483);
#4388=AXIS2_PLACEMENT_3D('',#6811,#5485,#5486);
#4389=AXIS2_PLACEMENT_3D('',#6812,#5487,#5488);
#4390=AXIS2_PLACEMENT_3D('',#6814,#5490,#5491);
#4391=AXIS2_PLACEMENT_3D('',#6816,#5493,#5494);
#4392=AXIS2_PLACEMENT_3D('',#6817,#5495,#5496);
#4393=AXIS2_PLACEMENT_3D('',#6820,#5499,#5500);
#4394=AXIS2_PLACEMENT_3D('',#6822,#5502,#5503);
#4395=AXIS2_PLACEMENT_3D('',#6824,#5505,#5506);
#4396=AXIS2_PLACEMENT_3D('',#6826,#5508,#5509);
#4397=AXIS2_PLACEMENT_3D('',#6827,#5510,#5511);
#4398=AXIS2_PLACEMENT_3D('',#6828,#5512,#5513);
#4399=AXIS2_PLACEMENT_3D('',#6829,#5514,#5515);
#4400=AXIS2_PLACEMENT_3D('',#6832,#5518,#5519);
#4401=AXIS2_PLACEMENT_3D('',#6835,#5522,#5523);
#4402=AXIS2_PLACEMENT_3D('',#6838,#5526,#5527);
#4403=AXIS2_PLACEMENT_3D('',#6841,#5530,#5531);
#4404=AXIS2_PLACEMENT_3D('',#6842,#5532,#5533);
#4405=AXIS2_PLACEMENT_3D('',#6843,#5534,#5535);
#4406=AXIS2_PLACEMENT_3D('',#6844,#5536,#5537);
#4407=AXIS2_PLACEMENT_3D('',#6845,#5538,#5539);
#4408=AXIS2_PLACEMENT_3D('',#6846,#5540,#5541);
#4409=AXIS2_PLACEMENT_3D('',#6849,#5544,#5545);
#4410=AXIS2_PLACEMENT_3D('',#6851,#5547,#5548);
#4411=AXIS2_PLACEMENT_3D('',#6853,#5550,#5551);
#4412=AXIS2_PLACEMENT_3D('',#6854,#5552,#5553);
#4413=AXIS2_PLACEMENT_3D('',#6855,#5554,#5555);
#4414=AXIS2_PLACEMENT_3D('',#6857,#5557,#5558);
#4415=AXIS2_PLACEMENT_3D('',#6859,#5560,#5561);
#4416=AXIS2_PLACEMENT_3D('',#6860,#5562,#5563);
#4417=AXIS2_PLACEMENT_3D('',#6861,#5564,#5565);
#4418=AXIS2_PLACEMENT_3D('',#6864,#5567,#5568);
#4419=AXIS2_PLACEMENT_3D('',#6867,#5570,#5571);
#4420=AXIS2_PLACEMENT_3D('',#6871,#5574,#5575);
#4421=AXIS2_PLACEMENT_3D('',#6874,#5577,#5578);
#4422=AXIS2_PLACEMENT_3D('',#6875,#5579,#5580);
#4423=AXIS2_PLACEMENT_3D('',#6877,#5582,#5583);
#4424=AXIS2_PLACEMENT_3D('',#6878,#5584,#5585);
#4425=AXIS2_PLACEMENT_3D('',#6879,#5586,#5587);
#4426=AXIS2_PLACEMENT_3D('',#6888,#5592,#5593);
#4427=AXIS2_PLACEMENT_3D('',#6897,#5598,#5599);
#4428=AXIS2_PLACEMENT_3D('',#6898,#5600,#5601);
#4429=AXIS2_PLACEMENT_3D('',#6903,#5603,#5604);
#4430=AXIS2_PLACEMENT_3D('',#6906,#5606,#5607);
#4431=AXIS2_PLACEMENT_3D('',#6912,#5611,#5612);
#4432=AXIS2_PLACEMENT_3D('',#6913,#5613,#5614);
#4433=AXIS2_PLACEMENT_3D('',#6917,#5616,#5617);
#4434=AXIS2_PLACEMENT_3D('',#6918,#5618,#5619);
#4435=AXIS2_PLACEMENT_3D('',#6921,#5622,#5623);
#4436=AXIS2_PLACEMENT_3D('',#6922,#5624,#5625);
#4437=AXIS2_PLACEMENT_3D('',#6923,#5626,#5627);
#4438=AXIS2_PLACEMENT_3D('',#6924,#5628,#5629);
#4439=AXIS2_PLACEMENT_3D('',#6926,#5631,#5632);
#4440=AXIS2_PLACEMENT_3D('',#6928,#5634,#5635);
#4441=AXIS2_PLACEMENT_3D('',#6929,#5636,#5637);
#4442=AXIS2_PLACEMENT_3D('',#6930,#5638,#5639);
#4443=DIRECTION('',(0.,0.,1.));
#4444=DIRECTION('',(1.,0.,0.));
#4445=DIRECTION('',(0.,-1.,0.));
#4446=DIRECTION('',(0.,0.,-1.));
#4447=DIRECTION('',(0.,1.,0.));
#4448=DIRECTION('',(0.,0.,1.));
#4449=DIRECTION('',(0.,-1.,0.));
#4450=DIRECTION('',(0.,-1.,0.));
#4451=DIRECTION('',(0.,-1.,-6.93889390390723E-16));
#4452=DIRECTION('',(0.,6.93889390390723E-16,-1.));
#4453=DIRECTION('',(0.,-1.,0.));
#4454=DIRECTION('',(0.,-1.,0.));
#4455=DIRECTION('',(0.,1.,0.));
#4456=DIRECTION('',(0.,0.,1.));
#4457=DIRECTION('',(0.,-1.,0.));
#4458=DIRECTION('',(0.,1.,0.));
#4459=DIRECTION('',(0.,0.,1.));
#4460=DIRECTION('',(0.,-1.,0.));
#4461=DIRECTION('',(0.,-1.,0.));
#4462=DIRECTION('',(0.,0.,-1.));
#4463=DIRECTION('',(0.,1.,0.));
#4464=DIRECTION('',(0.,0.,1.));
#4465=DIRECTION('',(0.,-1.,0.));
#4466=DIRECTION('',(0.,0.,-1.));
#4467=DIRECTION('',(0.,-1.,0.));
#4468=DIRECTION('',(0.,1.,0.));
#4469=DIRECTION('',(0.,0.,1.));
#4470=DIRECTION('',(0.,-1.,0.));
#4471=DIRECTION('',(0.,1.,0.));
#4472=DIRECTION('',(0.,0.,1.));
#4473=DIRECTION('',(0.,-1.,0.));
#4474=DIRECTION('',(0.,1.,0.));
#4475=DIRECTION('',(0.,0.,1.));
#4476=DIRECTION('',(0.,-1.,0.));
#4477=DIRECTION('',(0.,-1.,0.));
#4478=DIRECTION('',(0.,-1.,-6.93889390390723E-16));
#4479=DIRECTION('',(0.,6.93889390390723E-16,-1.));
#4480=DIRECTION('',(0.,-1.,0.));
#4481=DIRECTION('',(0.,-1.,0.));
#4482=DIRECTION('',(0.,0.,-1.));
#4483=DIRECTION('',(0.,1.,0.));
#4484=DIRECTION('',(0.,0.,1.));
#4485=DIRECTION('',(0.,-1.,0.));
#4486=DIRECTION('',(0.,0.,-1.));
#4487=DIRECTION('',(0.,1.,0.));
#4488=DIRECTION('',(-1.,0.,0.));
#4489=DIRECTION('',(0.,-1.,0.));
#4490=DIRECTION('',(-8.49769420904307E-32,-1.,-6.93889390390723E-16));
#4491=DIRECTION('',(0.,6.93889390390723E-16,-1.));
#4492=DIRECTION('',(0.,-1.,0.));
#4493=DIRECTION('',(0.,1.,0.));
#4494=DIRECTION('',(-1.,0.,0.));
#4495=DIRECTION('',(0.,-1.,0.));
#4496=DIRECTION('',(0.,1.,0.));
#4497=DIRECTION('',(0.,0.,1.));
#4498=DIRECTION('',(0.,-1.,0.));
#4499=DIRECTION('',(0.,1.,0.));
#4500=DIRECTION('',(0.,0.,1.));
#4501=DIRECTION('',(0.,-1.,0.));
#4502=DIRECTION('',(0.,0.,-1.));
#4503=DIRECTION('',(0.,-1.,0.));
#4504=DIRECTION('',(0.,0.,-1.));
#4505=DIRECTION('',(0.,-1.,0.));
#4506=DIRECTION('',(0.,1.,0.));
#4507=DIRECTION('',(1.,0.,0.));
#4508=DIRECTION('',(0.,-1.,0.));
#4509=DIRECTION('',(0.,1.,0.));
#4510=DIRECTION('',(0.,0.,1.));
#4511=DIRECTION('',(0.,-1.,0.));
#4512=DIRECTION('',(0.,1.,0.));
#4513=DIRECTION('',(1.,0.,0.));
#4514=DIRECTION('',(0.,-1.,0.));
#4515=DIRECTION('',(-8.49769420904307E-32,-1.,-6.93889390390723E-16));
#4516=DIRECTION('',(0.,6.93889390390723E-16,-1.));
#4517=DIRECTION('',(0.,-1.,0.));
#4518=DIRECTION('',(0.,0.,-1.));
#4519=DIRECTION('',(0.,1.,0.));
#4520=DIRECTION('',(0.,0.,1.));
#4521=DIRECTION('',(0.,1.,0.));
#4522=DIRECTION('',(0.,0.,1.));
#4523=DIRECTION('',(0.,1.,0.));
#4524=DIRECTION('',(0.,0.,-1.));
#4525=DIRECTION('',(0.,1.,0.));
#4526=DIRECTION('',(0.,1.,0.));
#4527=DIRECTION('',(0.,0.,-1.));
#4528=DIRECTION('',(0.664463024388674,0.707106781186548,-0.241844762647977));
#4529=DIRECTION('',(-0.664463024388674,0.707106781186547,0.241844762647977));
#4530=DIRECTION('',(0.,1.,0.));
#4531=DIRECTION('',(0.,-1.,0.));
#4532=DIRECTION('',(0.,0.,-1.));
#4533=DIRECTION('',(0.,1.,0.));
#4534=DIRECTION('',(0.,0.,-1.));
#4535=DIRECTION('',(0.,-1.,0.));
#4536=DIRECTION('',(2.89120579329468E-16,-1.,0.));
#4537=DIRECTION('',(1.,2.89120579329468E-16,0.));
#4538=DIRECTION('',(0.,-1.,0.));
#4539=DIRECTION('',(-0.707106781186548,-0.707106781186548,0.));
#4540=DIRECTION('',(0.,0.,-1.));
#4541=DIRECTION('',(-0.707106781186548,0.707106781186548,0.));
#4542=DIRECTION('',(0.,0.,1.));
#4543=DIRECTION('',(0.707106781186548,-0.707106781186548,0.));
#4544=DIRECTION('',(0.,0.,-1.));
#4545=DIRECTION('',(-0.664463024388674,-0.707106781186548,0.241844762647977));
#4546=DIRECTION('',(-0.342020143325671,0.,-0.939692620785908));
#4547=DIRECTION('',(-0.342020143325671,0.,-0.939692620785907));
#4548=DIRECTION('',(-0.666091670855582,0.707098689227713,0.237346433951027));
#4549=DIRECTION('',(-0.342020143325671,0.,-0.939692620785908));
#4550=DIRECTION('',(0.664463024388675,-0.707106781186547,-0.241844762647976));
#4551=DIRECTION('',(0.342020143325671,0.,0.939692620785908));
#4552=DIRECTION('',(-0.335654704767199,0.,-0.94198509498168));
#4553=DIRECTION('',(0.94198509498168,0.,-0.335654704767199));
#4554=DIRECTION('',(0.94198509498168,0.,-0.335654704767199));
#4555=DIRECTION('',(0.94198509498168,0.,-0.335654704767199));
#4556=DIRECTION('',(0.,1.,0.));
#4557=DIRECTION('',(0.94198509498168,0.,-0.335654704767199));
#4558=DIRECTION('',(-0.939692620785908,0.,0.342020143325671));
#4559=DIRECTION('',(-0.342020143325671,0.,-0.939692620785908));
#4560=DIRECTION('',(-0.342020143325671,0.,-0.939692620785907));
#4561=DIRECTION('',(0.,1.,0.));
#4562=DIRECTION('',(0.342020143325669,0.,0.939692620785908));
#4563=DIRECTION('',(-0.939692620785908,0.,0.342020143325669));
#4564=DIRECTION('',(-0.939692620785908,0.,0.342020143325669));
#4565=DIRECTION('',(0.,-1.,0.));
#4566=DIRECTION('',(0.,0.,-1.));
#4567=DIRECTION('',(-1.,-2.89120579329468E-16,0.));
#4568=DIRECTION('',(0.,-1.,0.));
#4569=DIRECTION('',(0.,0.,-1.));
#4570=DIRECTION('',(1.,0.,0.));
#4571=DIRECTION('',(-1.,0.,0.));
#4572=DIRECTION('',(0.,0.,-1.));
#4573=DIRECTION('',(0.,-1.,0.));
#4574=DIRECTION('',(0.,0.,1.));
#4575=DIRECTION('',(0.,1.,0.));
#4576=DIRECTION('',(0.,-1.,0.));
#4577=DIRECTION('',(0.,0.,-1.));
#4578=DIRECTION('',(-1.,0.,0.));
#4579=DIRECTION('',(1.,0.,0.));
#4580=DIRECTION('',(-2.89120579329468E-16,1.,0.));
#4581=DIRECTION('',(1.,2.89120579329468E-16,0.));
#4582=DIRECTION('',(1.,2.89120579329468E-16,0.));
#4583=DIRECTION('',(-1.,-2.89120579329468E-16,0.));
#4584=DIRECTION('',(2.89120579329468E-16,1.,0.));
#4585=DIRECTION('',(-1.,2.89120579329468E-16,0.));
#4586=DIRECTION('',(-1.,2.89120579329468E-16,0.));
#4587=DIRECTION('',(2.89120579329468E-16,1.,0.));
#4588=DIRECTION('',(-1.,2.89120579329468E-16,0.));
#4589=DIRECTION('',(-0.94198509498168,0.,-0.335654704767199));
#4590=DIRECTION('',(1.,-2.89120579329468E-16,0.));
#4591=DIRECTION('',(0.,0.,1.));
#4592=DIRECTION('',(0.,0.,-1.));
#4593=DIRECTION('',(-1.,0.,0.));
#4594=DIRECTION('',(0.,-1.,0.));
#4595=DIRECTION('',(1.,0.,0.));
#4596=DIRECTION('',(0.,-1.,0.));
#4597=DIRECTION('',(1.,0.,0.));
#4598=DIRECTION('',(0.,-1.,0.));
#4599=DIRECTION('',(0.,1.,0.));
#4600=DIRECTION('',(-0.707106781186548,-0.707106781186548,0.));
#4601=DIRECTION('',(1.,0.,0.));
#4602=DIRECTION('',(0.,0.,-1.));
#4603=DIRECTION('',(-1.,0.,0.));
#4604=DIRECTION('',(1.,0.,0.));
#4605=DIRECTION('',(0.,1.,0.));
#4606=DIRECTION('',(1.,0.,0.));
#4607=DIRECTION('',(0.,-1.,0.));
#4608=DIRECTION('',(0.,1.,0.));
#4609=DIRECTION('',(-1.,0.,0.));
#4610=DIRECTION('',(-1.,0.,0.));
#4611=DIRECTION('',(0.707106781186548,0.707106781186548,0.));
#4612=DIRECTION('',(0.,-1.,0.));
#4613=DIRECTION('',(1.,-2.89120579329468E-16,0.));
#4614=DIRECTION('',(0.,1.,0.));
#4615=DIRECTION('',(0.,0.,1.));
#4616=DIRECTION('',(1.,0.,-1.22464679914735E-16));
#4617=DIRECTION('',(0.,1.,0.));
#4618=DIRECTION('',(1.,0.,0.));
#4619=DIRECTION('',(0.,1.,0.));
#4620=DIRECTION('',(1.,0.,0.));
#4621=DIRECTION('',(1.,0.,-1.22464679914735E-16));
#4622=DIRECTION('',(0.,1.,0.));
#4623=DIRECTION('',(0.,0.,1.));
#4624=DIRECTION('',(0.,1.,0.));
#4625=DIRECTION('',(0.,0.,1.));
#4626=DIRECTION('',(0.,-1.,0.));
#4627=DIRECTION('',(0.,0.,-1.));
#4628=DIRECTION('',(0.,-1.,0.));
#4629=DIRECTION('',(0.,0.,-1.));
#4630=DIRECTION('',(0.,-1.,0.));
#4631=DIRECTION('',(0.,0.,-1.));
#4632=DIRECTION('',(0.,-1.,0.));
#4633=DIRECTION('',(0.,0.,-1.));
#4634=DIRECTION('',(0.,-1.,0.));
#4635=DIRECTION('',(0.,1.,0.));
#4636=DIRECTION('',(1.,0.,0.));
#4637=DIRECTION('',(-6.73203268917258E-17,0.,1.));
#4638=DIRECTION('',(1.,0.,6.73203268917258E-17));
#4639=DIRECTION('',(-1.,0.,-6.73203268917258E-17));
#4640=DIRECTION('',(0.,-1.,0.));
#4641=DIRECTION('',(-1.,0.,-6.73203268917258E-17));
#4642=DIRECTION('',(0.,-1.,0.));
#4643=DIRECTION('',(0.,0.,-1.));
#4644=DIRECTION('',(0.,-1.,0.));
#4645=DIRECTION('',(0.,0.,-1.));
#4646=DIRECTION('',(0.,1.,0.));
#4647=DIRECTION('',(1.,0.,0.));
#4648=DIRECTION('',(0.,-1.,0.));
#4649=DIRECTION('',(0.,0.,-1.));
#4650=DIRECTION('',(0.,-1.,0.));
#4651=DIRECTION('',(0.,0.,-1.));
#4652=DIRECTION('',(0.,1.,0.));
#4653=DIRECTION('',(0.,0.,1.));
#4654=DIRECTION('',(-1.,0.,1.22464679914735E-16));
#4655=DIRECTION('',(0.,1.,0.));
#4656=DIRECTION('',(0.,0.,1.));
#4657=DIRECTION('',(-1.,0.,-6.73203268917258E-17));
#4658=DIRECTION('',(0.,1.,0.));
#4659=DIRECTION('',(0.,0.,1.));
#4660=DIRECTION('',(-1.,0.,1.22464679914735E-16));
#4661=DIRECTION('',(0.,1.,0.));
#4662=DIRECTION('',(0.,0.,1.));
#4663=DIRECTION('',(1.,0.,0.));
#4664=DIRECTION('',(0.,1.,0.));
#4665=DIRECTION('',(0.,0.,1.));
#4666=DIRECTION('',(-1.,0.,-6.73203268917258E-17));
#4667=DIRECTION('',(0.,1.,0.));
#4668=DIRECTION('',(0.,0.,1.));
#4669=DIRECTION('',(0.,1.,0.));
#4670=DIRECTION('',(0.,0.,1.));
#4671=DIRECTION('',(0.,1.,0.));
#4672=DIRECTION('',(0.,0.,1.));
#4673=DIRECTION('',(0.,1.,0.));
#4674=DIRECTION('',(0.,0.,1.));
#4675=DIRECTION('',(0.,1.,0.));
#4676=DIRECTION('',(1.,0.,0.));
#4677=DIRECTION('',(0.,1.,0.));
#4678=DIRECTION('',(0.,0.,1.));
#4679=DIRECTION('',(0.,1.,0.));
#4680=DIRECTION('',(1.,0.,0.));
#4681=DIRECTION('',(0.,1.,0.));
#4682=DIRECTION('',(0.,0.,1.));
#4683=DIRECTION('',(0.,-1.,0.));
#4684=DIRECTION('',(0.,0.,-1.));
#4685=DIRECTION('',(0.,1.,0.));
#4686=DIRECTION('',(0.,0.,1.));
#4687=DIRECTION('',(0.,-1.,0.));
#4688=DIRECTION('',(0.,0.,-1.));
#4689=DIRECTION('',(0.,1.,0.));
#4690=DIRECTION('',(0.,0.,1.));
#4691=DIRECTION('',(0.,1.,0.));
#4692=DIRECTION('',(-6.73203268917258E-17,0.,1.));
#4693=DIRECTION('',(1.,0.,6.73203268917258E-17));
#4694=DIRECTION('',(-1.,0.,-6.73203268917258E-17));
#4695=DIRECTION('',(0.,-1.,0.));
#4696=DIRECTION('',(0.,-1.,0.));
#4697=DIRECTION('',(0.,0.,-1.));
#4698=DIRECTION('',(0.,1.,0.));
#4699=DIRECTION('',(0.,0.,1.));
#4700=DIRECTION('',(0.,-1.,0.));
#4701=DIRECTION('',(0.,0.,-1.));
#4702=DIRECTION('',(0.,1.,0.));
#4703=DIRECTION('',(0.,0.,1.));
#4704=DIRECTION('',(0.,1.,0.));
#4705=DIRECTION('',(0.,0.,1.));
#4706=DIRECTION('',(0.,1.,0.));
#4707=DIRECTION('',(0.,0.,1.));
#4708=DIRECTION('',(0.,1.,0.));
#4709=DIRECTION('',(0.,0.,1.));
#4710=DIRECTION('',(0.,1.,0.));
#4711=DIRECTION('',(0.,0.,1.));
#4712=DIRECTION('',(0.,1.,0.));
#4713=DIRECTION('',(0.,0.,1.));
#4714=DIRECTION('',(-1.22464679914735E-16,0.,-1.));
#4715=DIRECTION('',(-1.,0.,1.22464679914735E-16));
#4716=DIRECTION('',(-1.,0.,1.22464679914735E-16));
#4717=DIRECTION('',(-8.49769420904307E-32,-1.,-6.93889390390723E-16));
#4718=DIRECTION('',(0.,6.93889390390723E-16,-1.));
#4719=DIRECTION('',(1.,5.27872187815795E-30,-7.60743996270868E-15));
#4720=DIRECTION('',(-8.49769420904307E-32,-1.,-6.93889390390723E-16));
#4721=DIRECTION('',(0.,6.93889390390723E-16,-1.));
#4722=DIRECTION('',(-1.,0.,0.));
#4723=DIRECTION('',(0.,-1.,-6.93889390390723E-16));
#4724=DIRECTION('',(1.,0.,0.));
#4725=DIRECTION('',(0.,-6.93889390390723E-16,1.));
#4726=DIRECTION('',(0.,-1.,-6.93889390390723E-16));
#4727=DIRECTION('',(-1.,0.,0.));
#4728=DIRECTION('',(1.22464679914735E-16,0.,1.));
#4729=DIRECTION('',(1.,0.,-1.22464679914735E-16));
#4730=DIRECTION('',(1.,0.,-1.22464679914735E-16));
#4731=DIRECTION('',(1.22464679914735E-16,0.,1.));
#4732=DIRECTION('',(1.,0.,-1.22464679914735E-16));
#4733=DIRECTION('',(1.,0.,-1.22464679914735E-16));
#4734=DIRECTION('',(-8.49769420904307E-32,-1.,-6.93889390390723E-16));
#4735=DIRECTION('',(0.,6.93889390390723E-16,-1.));
#4736=DIRECTION('',(-1.,0.,0.));
#4737=DIRECTION('',(-8.49769420904307E-32,-1.,-6.93889390390723E-16));
#4738=DIRECTION('',(0.,6.93889390390723E-16,-1.));
#4739=DIRECTION('',(1.,-5.27872187815795E-30,7.60743996270868E-15));
#4740=DIRECTION('',(0.,-1.,-6.93889390390723E-16));
#4741=DIRECTION('',(-1.,0.,0.));
#4742=DIRECTION('',(0.,6.93889390390723E-16,-1.));
#4743=DIRECTION('',(0.,-1.,-6.93889390390723E-16));
#4744=DIRECTION('',(1.,0.,0.));
#4745=DIRECTION('',(-1.22464679914735E-16,0.,-1.));
#4746=DIRECTION('',(-1.,0.,1.22464679914735E-16));
#4747=DIRECTION('',(-1.,0.,1.22464679914735E-16));
#4748=DIRECTION('',(0.,-1.,-6.93889390390723E-16));
#4749=DIRECTION('',(0.,6.93889390390723E-16,-1.));
#4750=DIRECTION('',(1.,-5.27872187815795E-30,7.60743996270868E-15));
#4751=DIRECTION('',(0.,-1.,-6.93889390390723E-16));
#4752=DIRECTION('',(0.,6.93889390390723E-16,-1.));
#4753=DIRECTION('',(-1.,0.,0.));
#4754=DIRECTION('',(0.,-1.,-6.93889390390723E-16));
#4755=DIRECTION('',(1.,0.,0.));
#4756=DIRECTION('',(0.,6.93889390390723E-16,-1.));
#4757=DIRECTION('',(0.,-1.,-6.93889390390723E-16));
#4758=DIRECTION('',(-1.,0.,0.));
#4759=DIRECTION('',(0.,1.,6.93889390390723E-16));
#4760=DIRECTION('',(0.,-6.93889390390723E-16,1.));
#4761=DIRECTION('',(0.,1.,6.93889390390723E-16));
#4762=DIRECTION('',(0.,1.,6.93889390390723E-16));
#4763=DIRECTION('',(1.,0.,0.));
#4764=DIRECTION('',(0.,0.,-1.));
#4765=DIRECTION('',(0.,1.,6.93889390390723E-16));
#4766=DIRECTION('',(0.,1.,6.93889390390723E-16));
#4767=DIRECTION('',(0.,-6.93889390390723E-16,1.));
#4768=DIRECTION('',(0.,1.,6.93889390390723E-16));
#4769=DIRECTION('',(-7.60743996270868E-15,-6.93889390390723E-16,1.));
#4770=DIRECTION('',(1.,0.,7.60743996270868E-15));
#4771=DIRECTION('',(0.,6.93889390390723E-16,-1.));
#4772=DIRECTION('',(0.,1.,6.93889390390723E-16));
#4773=DIRECTION('',(-8.49769420904307E-32,-1.,-6.93889390390723E-16));
#4774=DIRECTION('',(0.,6.93889390390723E-16,-1.));
#4775=DIRECTION('',(0.,-1.,-6.93889390390723E-16));
#4776=DIRECTION('',(0.,6.93889390390723E-16,-1.));
#4777=DIRECTION('',(0.,-1.,-6.93889390390723E-16));
#4778=DIRECTION('',(0.,6.93889390390723E-16,-1.));
#4779=DIRECTION('',(-1.,0.,0.));
#4780=DIRECTION('',(0.,-1.,-6.93889390390723E-16));
#4781=DIRECTION('',(0.,6.93889390390723E-16,-1.));
#4782=DIRECTION('',(1.,5.27872187815795E-30,-7.60743996270868E-15));
#4783=DIRECTION('',(0.,-1.,-6.93889390390723E-16));
#4784=DIRECTION('',(-1.,0.,0.));
#4785=DIRECTION('',(0.,-6.93889390390723E-16,1.));
#4786=DIRECTION('',(0.,-1.,-6.93889390390723E-16));
#4787=DIRECTION('',(1.,0.,0.));
#4788=DIRECTION('',(-1.,0.,0.));
#4789=DIRECTION('',(0.,0.,1.));
#4790=DIRECTION('',(0.,1.,6.93889390390723E-16));
#4791=DIRECTION('',(0.,1.,6.93889390390723E-16));
#4792=DIRECTION('',(0.,1.,6.93889390390723E-16));
#4793=DIRECTION('',(0.,-6.93889390390723E-16,1.));
#4794=DIRECTION('',(0.,1.,6.93889390390723E-16));
#4795=DIRECTION('',(0.,6.93889390390723E-16,-1.));
#4796=DIRECTION('',(0.,1.,6.93889390390723E-16));
#4797=DIRECTION('',(7.60743996270868E-15,-6.93889390390723E-16,1.));
#4798=DIRECTION('',(1.,0.,-7.60743996270868E-15));
#4799=DIRECTION('',(0.,1.,6.93889390390723E-16));
#4800=DIRECTION('',(0.,1.,6.93889390390723E-16));
#4801=DIRECTION('',(0.,-6.93889390390723E-16,1.));
#4802=DIRECTION('',(-8.49769420904307E-32,-1.,-6.93889390390723E-16));
#4803=DIRECTION('',(0.,6.93889390390723E-16,-1.));
#4804=DIRECTION('',(0.,-1.,-6.93889390390723E-16));
#4805=DIRECTION('',(0.,6.93889390390723E-16,-1.));
#4806=DIRECTION('',(1.,0.,0.));
#4807=DIRECTION('',(0.,0.,-1.));
#4808=DIRECTION('',(0.,0.,1.));
#4809=DIRECTION('',(0.,-1.,0.));
#4810=DIRECTION('',(0.,0.,-1.));
#4811=DIRECTION('',(0.,0.,-1.));
#4812=DIRECTION('',(0.342020143325671,0.,-0.939692620785907));
#4813=DIRECTION('',(-0.94198509498168,0.,-0.335654704767199));
#4814=DIRECTION('',(0.,-1.,0.));
#4815=DIRECTION('',(0.,0.,-1.));
#4816=DIRECTION('',(0.335654704767199,0.,-0.94198509498168));
#4817=DIRECTION('',(-0.94198509498168,0.,-0.335654704767199));
#4818=DIRECTION('',(0.,-1.,0.));
#4819=DIRECTION('',(0.666091670855582,0.707098689227713,0.237346433951027));
#4820=DIRECTION('',(0.,1.,0.));
#4821=DIRECTION('',(-0.94198509498168,0.,-0.335654704767199));
#4822=DIRECTION('',(0.939692620785908,0.,0.342020143325671));
#4823=DIRECTION('',(0.342020143325671,0.,-0.939692620785908));
#4824=DIRECTION('',(0.342020143325671,0.,-0.939692620785908));
#4825=DIRECTION('',(0.,1.,0.));
#4826=DIRECTION('',(0.342020143325671,0.,-0.939692620785907));
#4827=DIRECTION('',(-0.342020143325669,0.,0.939692620785908));
#4828=DIRECTION('',(0.939692620785908,0.,0.342020143325669));
#4829=DIRECTION('',(-0.664463024388675,-0.707106781186547,-0.241844762647976));
#4830=DIRECTION('',(0.,1.,0.));
#4831=DIRECTION('',(0.939692620785908,0.,0.342020143325669));
#4832=DIRECTION('',(0.,-1.,0.));
#4833=DIRECTION('',(0.,0.,-1.));
#4834=DIRECTION('',(0.,-1.,0.));
#4835=DIRECTION('',(0.,0.,-1.));
#4836=DIRECTION('',(0.,-1.,0.));
#4837=DIRECTION('',(0.,0.,-1.));
#4838=DIRECTION('',(0.,-1.,0.));
#4839=DIRECTION('',(0.,0.,-1.));
#4840=DIRECTION('',(-0.342020143325671,0.,0.939692620785908));
#4841=DIRECTION('',(0.664463024388674,-0.707106781186548,0.241844762647977));
#4842=DIRECTION('',(0.342020143325671,0.,-0.939692620785908));
#4843=DIRECTION('',(0.664463024388674,-0.707106781186548,0.241844762647977));
#4844=DIRECTION('',(0.664463024388674,0.707106781186547,0.241844762647977));
#4845=DIRECTION('',(0.707106781186548,-0.707106781186548,0.));
#4846=DIRECTION('',(0.,0.,-1.));
#4847=DIRECTION('',(0.,-1.,0.));
#4848=DIRECTION('',(0.,0.,-1.));
#4849=DIRECTION('',(0.,1.,0.));
#4850=DIRECTION('',(0.,0.,1.));
#4851=DIRECTION('',(0.,1.,0.));
#4852=DIRECTION('',(0.,0.,1.));
#4853=DIRECTION('',(-1.,0.,-1.73472347597681E-15));
#4854=DIRECTION('',(-1.73472347597681E-15,0.,1.));
#4855=DIRECTION('',(0.73821989528796,0.,-0.674560142760475));
#4856=DIRECTION('',(-0.674560142760475,0.,-0.738219895287961));
#4857=DIRECTION('',(0.,1.,0.));
#4858=DIRECTION('',(0.,0.,1.));
#4859=DIRECTION('',(-0.738219895287958,0.,-0.674560142760478));
#4860=DIRECTION('',(-0.674560142760478,0.,0.738219895287958));
#4861=DIRECTION('',(1.,0.,0.));
#4862=DIRECTION('',(0.,0.,-1.));
#4863=DIRECTION('',(-1.,0.,0.));
#4864=DIRECTION('',(0.,0.,1.));
#4865=DIRECTION('',(0.,1.,0.));
#4866=DIRECTION('',(0.,0.,1.));
#4867=DIRECTION('',(-1.,0.,0.));
#4868=DIRECTION('',(0.,0.,1.));
#4869=DIRECTION('',(0.,1.,0.));
#4870=DIRECTION('',(0.,0.,1.));
#4871=DIRECTION('',(-0.73821989528794,0.,-0.674560142760498));
#4872=DIRECTION('',(-0.674560142760498,0.,0.73821989528794));
#4873=DIRECTION('',(-1.,0.,-6.73203268917258E-17));
#4874=DIRECTION('',(-6.73203268917258E-17,0.,1.));
#4875=DIRECTION('',(-1.,0.,0.));
#4876=DIRECTION('',(0.,0.,1.));
#4877=DIRECTION('',(0.,1.,0.));
#4878=DIRECTION('',(0.,0.,1.));
#4879=DIRECTION('',(0.738219895287957,0.,-0.674560142760479));
#4880=DIRECTION('',(-0.674560142760479,0.,-0.738219895287957));
#4881=DIRECTION('',(0.,1.,0.));
#4882=DIRECTION('',(0.,0.,1.));
#4883=DIRECTION('',(0.,1.,0.));
#4884=DIRECTION('',(0.,0.,1.));
#4885=DIRECTION('',(1.,0.,-1.22464679914735E-16));
#4886=DIRECTION('',(1.,0.,-1.22464679914735E-16));
#4887=DIRECTION('',(0.,-1.,0.));
#4888=DIRECTION('',(0.,0.,-1.));
#4889=DIRECTION('',(1.,0.,-1.22464679914735E-16));
#4890=DIRECTION('',(1.,0.,-1.22464679914735E-16));
#4891=DIRECTION('',(0.,-1.,0.));
#4892=DIRECTION('',(0.,0.,-1.));
#4893=DIRECTION('',(1.,0.,-1.22464679914735E-16));
#4894=DIRECTION('',(1.,0.,-1.22464679914735E-16));
#4895=DIRECTION('',(0.,1.,0.));
#4896=DIRECTION('',(0.,0.,1.));
#4897=DIRECTION('',(1.,0.,-1.22464679914735E-16));
#4898=DIRECTION('',(1.,0.,-1.22464679914735E-16));
#4899=DIRECTION('',(-1.,0.,1.22464679914735E-16));
#4900=DIRECTION('',(1.22464679914735E-16,0.,1.));
#4901=DIRECTION('',(-1.,0.,1.22464679914735E-16));
#4902=DIRECTION('',(1.22464679914735E-16,0.,1.));
#4903=DIRECTION('',(-1.,0.,1.22464679914735E-16));
#4904=DIRECTION('',(1.22464679914735E-16,0.,1.));
#4905=DIRECTION('',(-1.,0.,1.22464679914735E-16));
#4906=DIRECTION('',(1.22464679914735E-16,0.,1.));
#4907=DIRECTION('',(1.,0.,-1.22464679914735E-16));
#4908=DIRECTION('',(-1.22464679914735E-16,0.,-1.));
#4909=DIRECTION('',(-1.,0.,1.22464679914735E-16));
#4910=DIRECTION('',(1.22464679914735E-16,0.,1.));
#4911=DIRECTION('',(1.,0.,-1.22464679914735E-16));
#4912=DIRECTION('',(-1.22464679914735E-16,0.,-1.));
#4913=DIRECTION('',(-1.,0.,1.22464679914735E-16));
#4914=DIRECTION('',(1.22464679914735E-16,0.,1.));
#4915=DIRECTION('',(0.,0.,1.));
#4916=DIRECTION('',(1.,0.,0.));
#4917=DIRECTION('',(0.,0.,-1.));
#4918=DIRECTION('',(-1.,0.,0.));
#4919=DIRECTION('',(0.,0.,-1.));
#4920=DIRECTION('',(1.,0.,0.));
#4921=DIRECTION('',(0.,0.,-1.));
#4922=DIRECTION('',(1.,0.,0.));
#4923=DIRECTION('',(0.,0.,-1.));
#4924=DIRECTION('',(-1.,0.,0.));
#4925=DIRECTION('',(0.,0.,-1.));
#4926=DIRECTION('',(1.,0.,0.));
#4927=DIRECTION('',(0.,0.,-1.));
#4928=DIRECTION('',(1.,0.,0.));
#4929=DIRECTION('',(0.,0.,-1.));
#4930=DIRECTION('',(-1.,0.,0.));
#4931=DIRECTION('',(0.,0.,-1.));
#4932=DIRECTION('',(-1.,0.,0.));
#4933=DIRECTION('',(6.93889390390722E-17,1.,2.88998133608509E-16));
#4934=DIRECTION('',(1.,-6.93889390390722E-17,1.11022302462516E-16));
#4935=DIRECTION('',(0.,-1.,0.));
#4936=DIRECTION('',(0.,0.,-1.));
#4937=DIRECTION('',(0.,-1.,0.));
#4938=DIRECTION('',(0.,0.,-1.));
#4939=DIRECTION('',(0.,-1.,0.));
#4940=DIRECTION('',(0.,0.,-1.));
#4941=DIRECTION('',(0.,-1.,0.));
#4942=DIRECTION('',(0.,0.,-1.));
#4943=DIRECTION('',(0.,-1.,0.));
#4944=DIRECTION('',(0.,0.,-1.));
#4945=DIRECTION('',(0.,-1.,0.));
#4946=DIRECTION('',(0.,0.,-1.));
#4947=DIRECTION('',(0.,-1.,0.));
#4948=DIRECTION('',(0.,0.,-1.));
#4949=DIRECTION('',(0.,-1.,0.));
#4950=DIRECTION('',(0.,0.,-1.));
#4951=DIRECTION('',(0.,1.,0.));
#4952=DIRECTION('',(0.,0.,1.));
#4953=DIRECTION('',(-1.11022302462516E-16,-5.55111512312578E-17,1.));
#4954=DIRECTION('',(1.,1.66533453693774E-16,1.11022302462516E-16));
#4955=DIRECTION('',(-1.23259516440783E-31,0.,-1.));
#4956=DIRECTION('',(-1.,0.,1.23259516440783E-31));
#4957=DIRECTION('',(0.,1.,0.));
#4958=DIRECTION('',(-1.,0.,2.01960980675178E-16));
#4959=DIRECTION('',(0.,1.,0.));
#4960=DIRECTION('',(-1.,0.,1.23259516440783E-31));
#4961=DIRECTION('',(-1.23259516440783E-31,0.,-1.));
#4962=DIRECTION('',(-1.,0.,1.23259516440783E-31));
#4963=DIRECTION('',(0.,-1.,0.));
#4964=DIRECTION('',(-1.,0.,1.23259516440783E-31));
#4965=DIRECTION('',(0.,1.,0.));
#4966=DIRECTION('',(-1.,0.,2.01960980675178E-16));
#4967=DIRECTION('',(0.,1.,0.));
#4968=DIRECTION('',(0.,0.,1.));
#4969=DIRECTION('',(0.,-1.,0.));
#4970=DIRECTION('',(-1.,0.,-1.34640653783452E-16));
#4971=DIRECTION('',(1.,0.,9.25540508069353E-15));
#4972=DIRECTION('',(0.,1.,0.));
#4973=DIRECTION('',(0.,0.,1.));
#4974=DIRECTION('',(0.,1.,0.));
#4975=DIRECTION('',(0.,0.,1.));
#4976=DIRECTION('',(1.,0.,-6.73203268917258E-17));
#4977=DIRECTION('',(0.,1.,0.));
#4978=DIRECTION('',(0.,0.,-1.));
#4979=DIRECTION('',(0.,1.,0.));
#4980=DIRECTION('',(0.,0.,1.));
#4981=DIRECTION('',(1.,0.,4.62770254034674E-15));
#4982=DIRECTION('',(0.,-1.,0.));
#4983=DIRECTION('',(1.,0.,1.34640653783452E-16));
#4984=DIRECTION('',(0.,-1.,0.));
#4985=DIRECTION('',(-1.,0.,-1.34640653783452E-16));
#4986=DIRECTION('',(0.,0.,-1.));
#4987=DIRECTION('',(-1.,0.,0.));
#4988=DIRECTION('',(0.,0.,-1.));
#4989=DIRECTION('',(0.,-1.,0.));
#4990=DIRECTION('',(-1.,0.,-1.34640653783452E-16));
#4991=DIRECTION('',(0.,1.,0.));
#4992=DIRECTION('',(0.,0.,1.));
#4993=DIRECTION('',(0.,-1.,0.));
#4994=DIRECTION('',(1.,0.,1.34640653783452E-16));
#4995=DIRECTION('',(-1.,0.,0.));
#4996=DIRECTION('',(0.,1.,0.));
#4997=DIRECTION('',(0.,0.,1.));
#4998=DIRECTION('',(0.,1.,0.));
#4999=DIRECTION('',(0.,0.,1.));
#5000=DIRECTION('',(-1.,0.,-1.34640653783452E-16));
#5001=DIRECTION('',(0.,1.,0.));
#5002=DIRECTION('',(0.,0.,1.));
#5003=DIRECTION('',(0.,1.,0.));
#5004=DIRECTION('',(0.,0.,1.));
#5005=DIRECTION('',(-1.,0.,3.08513502689782E-15));
#5006=DIRECTION('',(0.,-1.,0.));
#5007=DIRECTION('',(-1.,0.,-1.34640653783452E-16));
#5008=DIRECTION('',(0.,-1.,0.));
#5009=DIRECTION('',(-1.,0.,-1.34640653783452E-16));
#5010=DIRECTION('',(1.,0.,1.34640653783452E-16));
#5011=DIRECTION('',(0.,-1.,0.));
#5012=DIRECTION('',(-1.,0.,-1.34640653783452E-16));
#5013=DIRECTION('',(2.33455745419964E-15,0.,-1.));
#5014=DIRECTION('',(-1.,0.,-2.33455745419964E-15));
#5015=DIRECTION('',(0.,1.,0.));
#5016=DIRECTION('',(-1.,0.,-3.88258996107545E-16));
#5017=DIRECTION('',(0.,1.,0.));
#5018=DIRECTION('',(-1.,0.,-2.33455745419964E-15));
#5019=DIRECTION('',(0.,1.,0.));
#5020=DIRECTION('',(3.10552527659594E-16,0.,1.));
#5021=DIRECTION('',(1.,0.,-3.10552527659594E-16));
#5022=DIRECTION('',(0.,1.,0.));
#5023=DIRECTION('',(0.,1.,0.));
#5024=DIRECTION('',(1.,0.,-3.10552527659594E-16));
#5025=DIRECTION('',(0.,1.,0.));
#5026=DIRECTION('',(1.,0.,-2.40154276945749E-15));
#5027=DIRECTION('',(2.57778965496749E-15,0.,1.));
#5028=DIRECTION('',(1.,0.,-2.57778965496749E-15));
#5029=DIRECTION('',(0.,1.,0.));
#5030=DIRECTION('',(1.,0.,-1.18977688540642E-16));
#5031=DIRECTION('',(0.,1.,0.));
#5032=DIRECTION('',(1.,0.,-2.57778965496749E-15));
#5033=DIRECTION('',(0.,1.,0.));
#5034=DIRECTION('',(-3.10552527659592E-16,0.,-1.));
#5035=DIRECTION('',(-1.,0.,3.10552527659592E-16));
#5036=DIRECTION('',(0.,1.,0.));
#5037=DIRECTION('',(0.,1.,0.));
#5038=DIRECTION('',(-1.,0.,3.10552527659592E-16));
#5039=DIRECTION('',(0.,1.,0.));
#5040=DIRECTION('',(-1.,0.,-4.44615247329303E-15));
#5041=DIRECTION('',(-3.10552527659592E-16,0.,-1.));
#5042=DIRECTION('',(-1.,0.,3.10552527659592E-16));
#5043=DIRECTION('',(0.,1.,0.));
#5044=DIRECTION('',(-1.,0.,3.10552527659592E-16));
#5045=DIRECTION('',(0.,1.,0.));
#5046=DIRECTION('',(-1.,0.,3.10552527659592E-16));
#5047=DIRECTION('',(0.,1.,0.));
#5048=DIRECTION('',(0.,0.,1.));
#5049=DIRECTION('',(0.,1.,0.));
#5050=DIRECTION('',(0.,0.,1.));
#5051=DIRECTION('',(1.,0.,0.));
#5052=DIRECTION('',(0.,1.,0.));
#5053=DIRECTION('',(0.,0.,1.));
#5054=DIRECTION('',(0.450148026610501,0.,0.892953948498282));
#5055=DIRECTION('',(0.,1.,0.));
#5056=DIRECTION('',(0.,0.,1.));
#5057=DIRECTION('',(0.4501480266105,0.,-0.892953948498282));
#5058=DIRECTION('',(1.,0.,3.46115013588793E-16));
#5059=DIRECTION('',(0.,1.,0.));
#5060=DIRECTION('',(0.,0.,1.));
#5061=DIRECTION('',(-1.,0.,-2.33455745419964E-15));
#5062=DIRECTION('',(0.,1.,0.));
#5063=DIRECTION('',(0.,0.,1.));
#5064=DIRECTION('',(-1.80497312533533E-16,0.,-1.));
#5065=DIRECTION('',(0.,1.,0.));
#5066=DIRECTION('',(0.,0.,1.));
#5067=DIRECTION('',(1.,0.,-3.10552527659594E-16));
#5068=DIRECTION('',(0.,1.,0.));
#5069=DIRECTION('',(0.,0.,1.));
#5070=DIRECTION('',(0.,1.,0.));
#5071=DIRECTION('',(0.,0.,1.));
#5072=DIRECTION('',(-1.,0.,-6.73203268917258E-17));
#5073=DIRECTION('',(0.,1.,0.));
#5074=DIRECTION('',(0.,0.,1.));
#5075=DIRECTION('',(0.,1.,0.));
#5076=DIRECTION('',(0.,0.,1.));
#5077=DIRECTION('',(1.,0.,-2.57778965496749E-15));
#5078=DIRECTION('',(0.,1.,0.));
#5079=DIRECTION('',(0.,0.,1.));
#5080=DIRECTION('',(-6.73203268917258E-17,0.,1.));
#5081=DIRECTION('',(0.,1.,0.));
#5082=DIRECTION('',(0.,0.,1.));
#5083=DIRECTION('',(0.,1.,0.));
#5084=DIRECTION('',(0.,0.,1.));
#5085=DIRECTION('',(2.33455745419964E-15,0.,-1.));
#5086=DIRECTION('',(-1.,0.,-2.33455745419964E-15));
#5087=DIRECTION('',(0.,1.,0.));
#5088=DIRECTION('',(-1.,0.,-2.33455745419964E-15));
#5089=DIRECTION('',(0.,1.,0.));
#5090=DIRECTION('',(6.73203268917258E-17,0.,-1.));
#5091=DIRECTION('',(-1.,0.,-6.73203268917258E-17));
#5092=DIRECTION('',(1.,0.,1.34640653783452E-16));
#5093=DIRECTION('',(0.,1.,0.));
#5094=DIRECTION('',(0.,1.,0.));
#5095=DIRECTION('',(3.10552527659594E-16,0.,1.));
#5096=DIRECTION('',(1.,0.,-3.10552527659594E-16));
#5097=DIRECTION('',(0.,1.,0.));
#5098=DIRECTION('',(-1.,0.,0.));
#5099=DIRECTION('',(0.,1.,0.));
#5100=DIRECTION('',(0.,1.,0.));
#5101=DIRECTION('',(1.,0.,-3.10552527659594E-16));
#5102=DIRECTION('',(2.57778965496749E-15,0.,1.));
#5103=DIRECTION('',(1.,0.,-2.57778965496749E-15));
#5104=DIRECTION('',(-1.,0.,3.01282725504438E-15));
#5105=DIRECTION('',(0.,1.,0.));
#5106=DIRECTION('',(1.,0.,-2.57778965496749E-15));
#5107=DIRECTION('',(0.,1.,0.));
#5108=DIRECTION('',(0.,1.,0.));
#5109=DIRECTION('',(0.,1.,0.));
#5110=DIRECTION('',(0.,0.,1.));
#5111=DIRECTION('',(0.,-1.,0.));
#5112=DIRECTION('',(0.,0.,1.));
#5113=DIRECTION('',(0.,1.,0.));
#5114=DIRECTION('',(0.,1.,0.));
#5115=DIRECTION('',(0.,0.,1.));
#5116=DIRECTION('',(0.,-1.,0.));
#5117=DIRECTION('',(0.,0.,1.));
#5118=DIRECTION('',(0.,1.,0.));
#5119=DIRECTION('',(0.,0.,1.));
#5120=DIRECTION('',(0.,-1.,0.));
#5121=DIRECTION('',(0.,0.,1.));
#5122=DIRECTION('',(0.,1.,0.));
#5123=DIRECTION('',(0.,1.,0.));
#5124=DIRECTION('',(0.,0.,1.));
#5125=DIRECTION('',(0.,-1.,0.));
#5126=DIRECTION('',(0.,0.,1.));
#5127=DIRECTION('',(0.,1.,0.));
#5128=DIRECTION('',(0.,0.,1.));
#5129=DIRECTION('',(0.,1.,0.));
#5130=DIRECTION('',(1.,0.,7.30968955572075E-17));
#5131=DIRECTION('',(-1.,0.,-6.73203268917258E-17));
#5132=DIRECTION('',(0.,1.,0.));
#5133=DIRECTION('',(0.,0.,1.));
#5134=DIRECTION('',(0.450148026610501,0.,0.892953948498282));
#5135=DIRECTION('',(0.,1.,0.));
#5136=DIRECTION('',(0.,0.,1.));
#5137=DIRECTION('',(0.4501480266105,0.,-0.892953948498282));
#5138=DIRECTION('',(0.,1.,0.));
#5139=DIRECTION('',(0.,0.,1.));
#5140=DIRECTION('',(1.,0.,7.30968955572075E-17));
#5141=DIRECTION('',(0.,1.,0.));
#5142=DIRECTION('',(0.,0.,1.));
#5143=DIRECTION('',(3.62217474886675E-16,0.,-1.));
#5144=DIRECTION('',(0.,1.,0.));
#5145=DIRECTION('',(0.,0.,1.));
#5146=DIRECTION('',(-1.,0.,-2.46569243154888E-16));
#5147=DIRECTION('',(0.,1.,0.));
#5148=DIRECTION('',(0.,0.,1.));
#5149=DIRECTION('',(-7.30968955572075E-17,0.,1.));
#5150=DIRECTION('',(0.,1.,0.));
#5151=DIRECTION('',(0.,0.,1.));
#5152=DIRECTION('',(0.,1.,0.));
#5153=DIRECTION('',(0.,0.,1.));
#5154=DIRECTION('',(1.,0.,6.73203268917258E-17));
#5155=DIRECTION('',(0.,1.,0.));
#5156=DIRECTION('',(0.,0.,1.));
#5157=DIRECTION('',(0.4501480266105,0.,-0.892953948498282));
#5158=DIRECTION('',(0.,1.,0.));
#5159=DIRECTION('',(0.,0.,1.));
#5160=DIRECTION('',(0.450148026610501,0.,0.892953948498282));
#5161=DIRECTION('',(0.,1.,0.));
#5162=DIRECTION('',(0.,0.,1.));
#5163=DIRECTION('',(0.,1.,0.));
#5164=DIRECTION('',(0.,0.,1.));
#5165=DIRECTION('',(-3.62217474886675E-16,0.,1.));
#5166=DIRECTION('',(0.,1.,0.));
#5167=DIRECTION('',(0.,0.,1.));
#5168=DIRECTION('',(-1.,0.,-7.30968955572075E-17));
#5169=DIRECTION('',(0.,1.,0.));
#5170=DIRECTION('',(0.,0.,1.));
#5171=DIRECTION('',(7.30968955572075E-17,0.,-1.));
#5172=DIRECTION('',(0.,1.,0.));
#5173=DIRECTION('',(0.,0.,1.));
#5174=DIRECTION('',(1.,0.,2.46569243154888E-16));
#5175=DIRECTION('',(0.,1.,0.));
#5176=DIRECTION('',(0.,0.,1.));
#5177=DIRECTION('',(0.,1.,0.));
#5178=DIRECTION('',(0.,0.,1.));
#5179=DIRECTION('',(0.,1.,0.));
#5180=DIRECTION('',(0.,0.,1.));
#5181=DIRECTION('',(0.,1.,0.));
#5182=DIRECTION('',(0.,0.,1.));
#5183=DIRECTION('',(-0.795918367346941,0.,0.605403958130256));
#5184=DIRECTION('',(0.605403958130256,0.,0.795918367346941));
#5185=DIRECTION('',(0.,1.,0.));
#5186=DIRECTION('',(0.,0.,1.));
#5187=DIRECTION('',(0.,1.,0.));
#5188=DIRECTION('',(0.,0.,1.));
#5189=DIRECTION('',(0.,1.,0.));
#5190=DIRECTION('',(0.,0.,1.));
#5191=DIRECTION('',(0.795918367346941,0.,0.605403958130256));
#5192=DIRECTION('',(0.605403958130256,0.,-0.795918367346941));
#5193=DIRECTION('',(0.,1.,0.));
#5194=DIRECTION('',(0.,0.,1.));
#5195=DIRECTION('',(0.,1.,0.));
#5196=DIRECTION('',(0.,1.,0.));
#5197=DIRECTION('',(0.,0.,1.));
#5198=DIRECTION('',(0.,1.,0.));
#5199=DIRECTION('',(0.,-1.,0.));
#5200=DIRECTION('',(0.,0.,-1.));
#5201=DIRECTION('',(0.,-1.,0.));
#5202=DIRECTION('',(-1.,0.,0.));
#5203=DIRECTION('',(0.,-1.,0.));
#5204=DIRECTION('',(1.,0.,6.73203268917258E-17));
#5205=DIRECTION('',(-1.80497312533533E-16,0.,-1.));
#5206=DIRECTION('',(0.,-1.,0.));
#5207=DIRECTION('',(1.,0.,6.73203268917258E-17));
#5208=DIRECTION('',(0.,-1.,0.));
#5209=DIRECTION('',(0.,0.,-1.));
#5210=DIRECTION('',(0.,-1.,0.));
#5211=DIRECTION('',(1.,0.,0.));
#5212=DIRECTION('',(0.,-1.,0.));
#5213=DIRECTION('',(-1.,0.,-6.73203268917258E-17));
#5214=DIRECTION('',(-6.73203268917258E-17,0.,1.));
#5215=DIRECTION('',(0.,-1.,0.));
#5216=DIRECTION('',(1.,0.,6.73203268917258E-17));
#5217=DIRECTION('',(0.,1.,0.));
#5218=DIRECTION('',(0.,0.,1.));
#5219=DIRECTION('',(0.,-1.,0.));
#5220=DIRECTION('',(1.,0.,0.));
#5221=DIRECTION('',(0.,1.,0.));
#5222=DIRECTION('',(0.,1.,0.));
#5223=DIRECTION('',(-6.73203268917258E-17,0.,1.));
#5224=DIRECTION('',(1.,0.,6.73203268917258E-17));
#5225=DIRECTION('',(1.,0.,6.73203268917258E-17));
#5226=DIRECTION('',(0.,1.,0.));
#5227=DIRECTION('',(0.,1.,0.));
#5228=DIRECTION('',(0.,0.,1.));
#5229=DIRECTION('',(0.,-1.,0.));
#5230=DIRECTION('',(1.,0.,0.));
#5231=DIRECTION('',(0.,1.,0.));
#5232=DIRECTION('',(0.,1.,0.));
#5233=DIRECTION('',(0.,0.,1.));
#5234=DIRECTION('',(0.,-1.,0.));
#5235=DIRECTION('',(-1.,0.,0.));
#5236=DIRECTION('',(0.,1.,0.));
#5237=DIRECTION('',(0.,1.,0.));
#5238=DIRECTION('',(0.,0.,1.));
#5239=DIRECTION('',(0.,-1.,0.));
#5240=DIRECTION('',(1.,0.,0.));
#5241=DIRECTION('',(0.,1.,0.));
#5242=DIRECTION('',(0.,0.,-1.));
#5243=DIRECTION('',(-1.,0.,0.));
#5244=DIRECTION('',(-1.,0.,0.));
#5245=DIRECTION('',(0.,1.,0.));
#5246=DIRECTION('',(0.,1.,0.));
#5247=DIRECTION('',(0.,0.,1.));
#5248=DIRECTION('',(0.,-1.,0.));
#5249=DIRECTION('',(1.,0.,0.));
#5250=DIRECTION('',(0.,1.,0.));
#5251=DIRECTION('',(0.,1.,0.));
#5252=DIRECTION('',(0.,0.,1.));
#5253=DIRECTION('',(0.,-1.,0.));
#5254=DIRECTION('',(1.,0.,0.));
#5255=DIRECTION('',(0.,-1.,0.));
#5256=DIRECTION('',(0.,0.,-1.));
#5257=DIRECTION('',(0.,-1.,0.));
#5258=DIRECTION('',(0.,0.,-1.));
#5259=DIRECTION('',(1.,0.,6.73203268917258E-17));
#5260=DIRECTION('',(0.,-1.,0.));
#5261=DIRECTION('',(0.,0.,-1.));
#5262=DIRECTION('',(-1.,0.,0.));
#5263=DIRECTION('',(0.,1.,0.));
#5264=DIRECTION('',(0.,0.,1.));
#5265=DIRECTION('',(0.,-1.,0.));
#5266=DIRECTION('',(1.,0.,1.34640653783452E-16));
#5267=DIRECTION('',(0.,1.,0.));
#5268=DIRECTION('',(1.,0.,-1.80497312533533E-16));
#5269=DIRECTION('',(-1.80497312533533E-16,0.,-1.));
#5270=DIRECTION('',(3.8245829320871E-16,0.,-1.));
#5271=DIRECTION('',(0.,1.,0.));
#5272=DIRECTION('',(0.,1.,0.));
#5273=DIRECTION('',(0.,0.,1.));
#5274=DIRECTION('',(0.,-1.,0.));
#5275=DIRECTION('',(1.,0.,1.34640653783452E-16));
#5276=DIRECTION('',(0.,1.,0.));
#5277=DIRECTION('',(0.,0.,1.));
#5278=DIRECTION('',(0.,-1.,0.));
#5279=DIRECTION('',(-1.,0.,-1.34640653783452E-16));
#5280=DIRECTION('',(0.,1.,0.));
#5281=DIRECTION('',(-1.,0.,-6.73203268917258E-17));
#5282=DIRECTION('',(-6.73203268917258E-17,0.,1.));
#5283=DIRECTION('',(1.13176985641807E-16,0.,1.));
#5284=DIRECTION('',(0.,1.,0.));
#5285=DIRECTION('',(0.,1.,0.));
#5286=DIRECTION('',(0.,0.,1.));
#5287=DIRECTION('',(0.,-1.,0.));
#5288=DIRECTION('',(1.,0.,1.34640653783452E-16));
#5289=DIRECTION('',(0.,1.,0.));
#5290=DIRECTION('',(0.,0.,1.));
#5291=DIRECTION('',(0.,1.,0.));
#5292=DIRECTION('',(0.,0.,1.));
#5293=DIRECTION('',(0.,1.,0.));
#5294=DIRECTION('',(0.,0.,1.));
#5295=DIRECTION('',(1.,0.,-2.01960980675178E-16));
#5296=DIRECTION('',(0.,1.,0.));
#5297=DIRECTION('',(0.,0.,1.));
#5298=DIRECTION('',(0.,1.,0.));
#5299=DIRECTION('',(0.,0.,1.));
#5300=DIRECTION('',(0.,1.,0.));
#5301=DIRECTION('',(0.,0.,1.));
#5302=DIRECTION('',(0.,1.,0.));
#5303=DIRECTION('',(0.,0.,1.));
#5304=DIRECTION('',(-1.,0.,-6.73203268917258E-17));
#5305=DIRECTION('',(0.,1.,0.));
#5306=DIRECTION('',(0.,0.,1.));
#5307=DIRECTION('',(0.,1.,0.));
#5308=DIRECTION('',(0.,0.,1.));
#5309=DIRECTION('',(0.4501480266105,0.,-0.892953948498282));
#5310=DIRECTION('',(0.,1.,0.));
#5311=DIRECTION('',(0.,0.,1.));
#5312=DIRECTION('',(0.450148026610501,0.,0.892953948498282));
#5313=DIRECTION('',(0.,1.,0.));
#5314=DIRECTION('',(0.,0.,1.));
#5315=DIRECTION('',(-1.,0.,-6.73203268917258E-17));
#5316=DIRECTION('',(0.,1.,0.));
#5317=DIRECTION('',(0.,0.,1.));
#5318=DIRECTION('',(6.73203268917258E-17,0.,-1.));
#5319=DIRECTION('',(-1.,0.,-6.73203268917258E-17));
#5320=DIRECTION('',(-1.,0.,-6.73203268917258E-17));
#5321=DIRECTION('',(0.,1.,0.));
#5322=DIRECTION('',(-1.,0.,-6.73203268917258E-17));
#5323=DIRECTION('',(0.,1.,0.));
#5324=DIRECTION('',(0.,1.,0.));
#5325=DIRECTION('',(0.,0.,1.));
#5326=DIRECTION('',(0.,1.,0.));
#5327=DIRECTION('',(0.,1.,0.));
#5328=DIRECTION('',(0.,1.,0.));
#5329=DIRECTION('',(0.,0.,1.));
#5330=DIRECTION('',(-0.892953948498282,0.,-0.4501480266105));
#5331=DIRECTION('',(-0.4501480266105,0.,0.892953948498282));
#5332=DIRECTION('',(0.,-1.,0.));
#5333=DIRECTION('',(0.892953948498281,0.,-0.450148026610501));
#5334=DIRECTION('',(-0.450148026610501,0.,-0.892953948498282));
#5335=DIRECTION('',(0.,-1.,0.));
#5336=DIRECTION('',(0.,1.,0.));
#5337=DIRECTION('',(0.,0.,1.));
#5338=DIRECTION('',(0.,1.,0.));
#5339=DIRECTION('',(0.,0.,1.));
#5340=DIRECTION('',(-0.795918367346939,-7.87656343963383E-15,-0.605403958130258));
#5341=DIRECTION('',(-0.605403958130258,0.,0.795918367346939));
#5342=DIRECTION('',(-4.33680868994204E-15,-1.,0.));
#5343=DIRECTION('',(1.,-4.33680868994204E-15,0.));
#5344=DIRECTION('',(0.,-1.,0.));
#5345=DIRECTION('',(0.,0.,-1.));
#5346=DIRECTION('',(1.,0.,0.));
#5347=DIRECTION('',(0.,0.,-1.));
#5348=DIRECTION('',(0.,1.,0.));
#5349=DIRECTION('',(0.,0.,1.));
#5350=DIRECTION('',(0.79591836734694,0.,-0.605403958130256));
#5351=DIRECTION('',(-0.605403958130256,0.,-0.79591836734694));
#5352=DIRECTION('',(1.,0.,6.73203268917258E-17));
#5353=DIRECTION('',(6.73203268917258E-17,0.,-1.));
#5354=DIRECTION('',(-1.,0.,0.));
#5355=DIRECTION('',(0.,0.,1.));
#5356=DIRECTION('',(0.,1.,0.));
#5357=DIRECTION('',(0.,0.,1.));
#5358=DIRECTION('',(0.,1.,0.));
#5359=DIRECTION('',(0.,0.,1.));
#5360=DIRECTION('',(8.67361737988409E-15,-1.,0.));
#5361=DIRECTION('',(1.,8.67361737988409E-15,0.));
#5362=DIRECTION('',(0.,-1.,0.));
#5363=DIRECTION('',(0.,0.,-1.));
#5364=DIRECTION('',(0.,1.,0.));
#5365=DIRECTION('',(0.,0.,1.));
#5366=DIRECTION('',(-1.,0.,0.));
#5367=DIRECTION('',(0.,0.,1.));
#5368=DIRECTION('',(0.,1.,0.));
#5369=DIRECTION('',(0.,0.,1.));
#5370=DIRECTION('',(0.,1.,0.));
#5371=DIRECTION('',(0.,0.,1.));
#5372=DIRECTION('',(-1.,0.,-6.73203268917258E-17));
#5373=DIRECTION('',(-6.73203268917258E-17,0.,1.));
#5374=DIRECTION('',(1.,0.,0.));
#5375=DIRECTION('',(0.,0.,-1.));
#5376=DIRECTION('',(0.,1.,0.));
#5377=DIRECTION('',(0.,0.,1.));
#5378=DIRECTION('',(0.,1.,0.));
#5379=DIRECTION('',(0.,0.,1.));
#5380=DIRECTION('',(0.,1.,0.));
#5381=DIRECTION('',(0.,0.,1.));
#5382=DIRECTION('',(0.738219895287957,0.,-0.674560142760479));
#5383=DIRECTION('',(-0.674560142760479,0.,-0.738219895287957));
#5384=DIRECTION('',(0.,1.,0.));
#5385=DIRECTION('',(0.,0.,1.));
#5386=DIRECTION('',(0.,1.,0.));
#5387=DIRECTION('',(0.,0.,1.));
#5388=DIRECTION('',(1.,0.,0.));
#5389=DIRECTION('',(0.,0.,-1.));
#5390=DIRECTION('',(1.,0.,6.73203268917258E-17));
#5391=DIRECTION('',(6.73203268917258E-17,0.,-1.));
#5392=DIRECTION('',(1.,0.,6.73203268917258E-17));
#5393=DIRECTION('',(1.,0.,0.));
#5394=DIRECTION('',(0.,0.,-1.));
#5395=DIRECTION('',(0.,1.,0.));
#5396=DIRECTION('',(0.,0.,1.));
#5397=DIRECTION('',(0.,1.,0.));
#5398=DIRECTION('',(0.,0.,1.));
#5399=DIRECTION('',(0.73821989528796,0.,0.674560142760476));
#5400=DIRECTION('',(0.674560142760476,0.,-0.73821989528796));
#5401=DIRECTION('',(0.,1.,0.));
#5402=DIRECTION('',(0.,0.,1.));
#5403=DIRECTION('',(0.,1.,0.));
#5404=DIRECTION('',(0.,0.,1.));
#5405=DIRECTION('',(0.,1.,0.));
#5406=DIRECTION('',(0.,0.,1.));
#5407=DIRECTION('',(0.,1.,0.));
#5408=DIRECTION('',(0.,0.,1.));
#5409=DIRECTION('',(-0.738219895287958,0.,0.674560142760478));
#5410=DIRECTION('',(0.674560142760478,0.,0.738219895287958));
#5411=DIRECTION('',(0.,1.,0.));
#5412=DIRECTION('',(0.,0.,1.));
#5413=DIRECTION('',(0.,1.,0.));
#5414=DIRECTION('',(0.,0.,1.));
#5415=DIRECTION('',(-1.,0.,0.));
#5416=DIRECTION('',(0.,0.,1.));
#5417=DIRECTION('',(-1.,0.,2.01960980675178E-16));
#5418=DIRECTION('',(2.01960980675178E-16,0.,1.));
#5419=DIRECTION('',(-1.,0.,0.));
#5420=DIRECTION('',(0.,0.,1.));
#5421=DIRECTION('',(1.,0.,0.));
#5422=DIRECTION('',(0.,1.,0.));
#5423=DIRECTION('',(0.,0.,1.));
#5424=DIRECTION('',(0.,1.,0.));
#5425=DIRECTION('',(0.,0.,1.));
#5426=DIRECTION('',(-0.738219895287957,0.,-0.674560142760479));
#5427=DIRECTION('',(-0.674560142760479,0.,0.738219895287957));
#5428=DIRECTION('',(0.,1.,0.));
#5429=DIRECTION('',(0.,0.,1.));
#5430=DIRECTION('',(0.,1.,0.));
#5431=DIRECTION('',(0.,0.,1.));
#5432=DIRECTION('',(0.,1.,0.));
#5433=DIRECTION('',(0.,0.,1.));
#5434=DIRECTION('',(0.,1.,0.));
#5435=DIRECTION('',(0.,0.,1.));
#5436=DIRECTION('',(0.,1.,0.));
#5437=DIRECTION('',(0.,0.,1.));
#5438=DIRECTION('',(0.,1.,0.));
#5439=DIRECTION('',(0.,0.,1.));
#5440=DIRECTION('',(0.,1.,0.));
#5441=DIRECTION('',(0.,0.,1.));
#5442=DIRECTION('',(0.,1.,0.));
#5443=DIRECTION('',(0.,1.,0.));
#5444=DIRECTION('',(0.,-1.,0.));
#5445=DIRECTION('',(0.,0.,-1.));
#5446=DIRECTION('',(0.,-1.,0.));
#5447=DIRECTION('',(0.,0.,-1.));
#5448=DIRECTION('',(0.,-1.,0.));
#5449=DIRECTION('',(0.,0.,-1.));
#5450=DIRECTION('',(-1.80497312533533E-16,0.,-1.));
#5451=DIRECTION('',(0.,-1.,0.));
#5452=DIRECTION('',(0.,0.,-1.));
#5453=DIRECTION('',(0.,-1.,0.));
#5454=DIRECTION('',(0.,0.,-1.));
#5455=DIRECTION('',(0.,-1.,0.));
#5456=DIRECTION('',(0.,0.,-1.));
#5457=DIRECTION('',(0.,-1.,0.));
#5458=DIRECTION('',(0.,0.,-1.));
#5459=DIRECTION('',(-6.73203268917258E-17,0.,1.));
#5460=DIRECTION('',(0.,-1.,0.));
#5461=DIRECTION('',(0.,0.,-1.));
#5462=DIRECTION('',(-6.73203268917258E-17,0.,1.));
#5463=DIRECTION('',(1.,0.,6.73203268917258E-17));
#5464=DIRECTION('',(0.,1.,0.));
#5465=DIRECTION('',(-1.,0.,0.));
#5466=DIRECTION('',(0.,1.,0.));
#5467=DIRECTION('',(0.,1.,0.));
#5468=DIRECTION('',(0.,0.,1.));
#5469=DIRECTION('',(0.,1.,0.));
#5470=DIRECTION('',(0.,0.,1.));
#5471=DIRECTION('',(0.,1.,0.));
#5472=DIRECTION('',(0.,0.,-1.));
#5473=DIRECTION('',(-1.,0.,0.));
#5474=DIRECTION('',(0.,1.,0.));
#5475=DIRECTION('',(0.,1.,0.));
#5476=DIRECTION('',(0.,0.,1.));
#5477=DIRECTION('',(0.,1.,0.));
#5478=DIRECTION('',(0.,0.,1.));
#5479=DIRECTION('',(0.,1.,0.));
#5480=DIRECTION('',(0.,0.,1.));
#5481=DIRECTION('',(0.,1.,0.));
#5482=DIRECTION('',(1.,0.,-1.80497312533533E-16));
#5483=DIRECTION('',(-1.80497312533533E-16,0.,-1.));
#5484=DIRECTION('',(0.,1.,0.));
#5485=DIRECTION('',(0.,1.,0.));
#5486=DIRECTION('',(0.,0.,1.));
#5487=DIRECTION('',(0.,1.,0.));
#5488=DIRECTION('',(0.,0.,1.));
#5489=DIRECTION('',(0.,1.,0.));
#5490=DIRECTION('',(-1.,0.,-6.73203268917258E-17));
#5491=DIRECTION('',(-6.73203268917258E-17,0.,1.));
#5492=DIRECTION('',(0.,1.,0.));
#5493=DIRECTION('',(0.,1.,0.));
#5494=DIRECTION('',(0.,0.,1.));
#5495=DIRECTION('',(6.73203268917258E-17,0.,-1.));
#5496=DIRECTION('',(-1.,0.,-6.73203268917258E-17));
#5497=DIRECTION('',(-1.,0.,-6.73203268917258E-17));
#5498=DIRECTION('',(0.,1.,0.));
#5499=DIRECTION('',(0.,1.,0.));
#5500=DIRECTION('',(0.,0.,1.));
#5501=DIRECTION('',(0.,1.,0.));
#5502=DIRECTION('',(-0.892953948498282,0.,-0.4501480266105));
#5503=DIRECTION('',(-0.4501480266105,0.,0.892953948498282));
#5504=DIRECTION('',(0.,1.,0.));
#5505=DIRECTION('',(0.892953948498281,0.,-0.450148026610501));
#5506=DIRECTION('',(-0.450148026610501,0.,-0.892953948498282));
#5507=DIRECTION('',(0.,1.,0.));
#5508=DIRECTION('',(0.,1.,0.));
#5509=DIRECTION('',(0.,0.,1.));
#5510=DIRECTION('',(-1.,0.,-6.73203268917258E-17));
#5511=DIRECTION('',(-6.73203268917258E-17,0.,1.));
#5512=DIRECTION('',(0.,-1.,0.));
#5513=DIRECTION('',(0.,0.,-1.));
#5514=DIRECTION('',(-1.,0.,-3.62217474886675E-16));
#5515=DIRECTION('',(-3.62217474886675E-16,0.,1.));
#5516=DIRECTION('',(0.,-1.,0.));
#5517=DIRECTION('',(0.,-1.,0.));
#5518=DIRECTION('',(7.30968955572075E-17,0.,-1.));
#5519=DIRECTION('',(-1.,0.,-7.30968955572075E-17));
#5520=DIRECTION('',(0.,-1.,0.));
#5521=DIRECTION('',(0.,-1.,0.));
#5522=DIRECTION('',(1.,0.,7.30968955572075E-17));
#5523=DIRECTION('',(7.30968955572075E-17,0.,-1.));
#5524=DIRECTION('',(0.,-1.,0.));
#5525=DIRECTION('',(0.,-1.,0.));
#5526=DIRECTION('',(-2.46569243154888E-16,0.,1.));
#5527=DIRECTION('',(1.,0.,2.46569243154888E-16));
#5528=DIRECTION('',(0.,-1.,0.));
#5529=DIRECTION('',(0.,-1.,0.));
#5530=DIRECTION('',(0.,1.,0.));
#5531=DIRECTION('',(0.,0.,1.));
#5532=DIRECTION('',(0.,1.,0.));
#5533=DIRECTION('',(0.,0.,1.));
#5534=DIRECTION('',(0.,1.,0.));
#5535=DIRECTION('',(0.,0.,1.));
#5536=DIRECTION('',(0.,1.,0.));
#5537=DIRECTION('',(0.,0.,1.));
#5538=DIRECTION('',(0.,1.,0.));
#5539=DIRECTION('',(0.,0.,1.));
#5540=DIRECTION('',(0.,1.,0.));
#5541=DIRECTION('',(0.,0.,1.));
#5542=DIRECTION('',(0.,1.,0.));
#5543=DIRECTION('',(0.,1.,0.));
#5544=DIRECTION('',(-1.34640653783452E-16,0.,1.));
#5545=DIRECTION('',(1.,0.,1.34640653783452E-16));
#5546=DIRECTION('',(0.,1.,0.));
#5547=DIRECTION('',(0.,1.,0.));
#5548=DIRECTION('',(0.,0.,1.));
#5549=DIRECTION('',(0.,1.,0.));
#5550=DIRECTION('',(0.,1.,0.));
#5551=DIRECTION('',(0.,0.,1.));
#5552=DIRECTION('',(0.,1.,0.));
#5553=DIRECTION('',(0.,0.,1.));
#5554=DIRECTION('',(0.,1.,0.));
#5555=DIRECTION('',(0.,0.,1.));
#5556=DIRECTION('',(0.,1.,0.));
#5557=DIRECTION('',(0.,1.,0.));
#5558=DIRECTION('',(0.,0.,1.));
#5559=DIRECTION('',(0.,1.,0.));
#5560=DIRECTION('',(0.,1.,0.));
#5561=DIRECTION('',(0.,0.,1.));
#5562=DIRECTION('',(0.,1.,0.));
#5563=DIRECTION('',(0.,0.,1.));
#5564=DIRECTION('',(1.,0.,0.));
#5565=DIRECTION('',(0.,0.,-1.));
#5566=DIRECTION('',(0.,0.,-1.));
#5567=DIRECTION('',(1.,0.,0.));
#5568=DIRECTION('',(0.,0.,-1.));
#5569=DIRECTION('',(0.,-1.,0.));
#5570=DIRECTION('',(0.,1.,0.));
#5571=DIRECTION('',(0.,0.,1.));
#5572=DIRECTION('',(0.,0.,-1.));
#5573=DIRECTION('',(1.,0.,0.));
#5574=DIRECTION('',(-1.,0.,0.));
#5575=DIRECTION('',(0.,0.,1.));
#5576=DIRECTION('',(0.,1.,0.));
#5577=DIRECTION('',(-1.,0.,0.));
#5578=DIRECTION('',(0.,0.,1.));
#5579=DIRECTION('',(0.,0.,1.));
#5580=DIRECTION('',(1.,0.,0.));
#5581=DIRECTION('',(1.,0.,0.));
#5582=DIRECTION('',(-1.,0.,0.));
#5583=DIRECTION('',(0.,0.,1.));
#5584=DIRECTION('',(-2.4980018054066E-16,-1.11022302462516E-16,1.));
#5585=DIRECTION('',(-1.,-1.7807521587152E-16,-2.4980018054066E-16));
#5586=DIRECTION('',(-1.,0.,0.));
#5587=DIRECTION('',(0.,0.,1.));
#5588=DIRECTION('',(0.,1.,0.));
#5589=DIRECTION('',(0.,-0.342020143325669,0.939692620785908));
#5590=DIRECTION('',(0.,1.,0.));
#5591=DIRECTION('',(0.,0.,-1.));
#5592=DIRECTION('',(1.,0.,0.));
#5593=DIRECTION('',(0.,0.,-1.));
#5594=DIRECTION('',(0.,-1.,0.));
#5595=DIRECTION('',(0.,0.342020143325669,-0.939692620785908));
#5596=DIRECTION('',(0.,-1.,0.));
#5597=DIRECTION('',(0.,0.,-1.));
#5598=DIRECTION('',(0.,0.,-1.));
#5599=DIRECTION('',(-1.,0.,0.));
#5600=DIRECTION('',(0.,0.,-1.));
#5601=DIRECTION('',(1.,0.,0.));
#5602=DIRECTION('',(0.,0.,-1.));
#5603=DIRECTION('',(0.,0.,-1.));
#5604=DIRECTION('',(1.,0.,0.));
#5605=DIRECTION('',(0.,0.,-1.));
#5606=DIRECTION('',(-1.,0.,0.));
#5607=DIRECTION('',(0.,0.,1.));
#5608=DIRECTION('',(0.,1.,0.));
#5609=DIRECTION('',(0.,0.,-1.));
#5610=DIRECTION('',(0.,1.,0.));
#5611=DIRECTION('',(0.,0.,-1.));
#5612=DIRECTION('',(-1.,0.,0.));
#5613=DIRECTION('',(0.,0.,-1.));
#5614=DIRECTION('',(-1.,0.,0.));
#5615=DIRECTION('',(0.,0.,-1.));
#5616=DIRECTION('',(0.,0.,-1.));
#5617=DIRECTION('',(-1.,0.,0.));
#5618=DIRECTION('',(1.,2.16840434497101E-16,0.));
#5619=DIRECTION('',(-2.16840434497101E-16,1.,0.));
#5620=DIRECTION('',(2.16840434497101E-16,-1.,0.));
#5621=DIRECTION('',(2.16840434497101E-16,-1.,0.));
#5622=DIRECTION('',(0.,0.,-1.));
#5623=DIRECTION('',(-1.,0.,0.));
#5624=DIRECTION('',(0.,0.,1.));
#5625=DIRECTION('',(-1.,0.,0.));
#5626=DIRECTION('',(0.,0.,1.));
#5627=DIRECTION('',(1.,0.,0.));
#5628=DIRECTION('',(0.,0.,1.));
#5629=DIRECTION('',(1.,0.,0.));
#5630=DIRECTION('',(-1.,0.,0.));
#5631=DIRECTION('',(0.,0.,1.));
#5632=DIRECTION('',(1.,0.,0.));
#5633=DIRECTION('',(-1.,0.,0.));
#5634=DIRECTION('',(0.,0.939692620785908,0.342020143325669));
#5635=DIRECTION('',(1.,0.,0.));
#5636=DIRECTION('',(-0.342020143325671,9.93218722033066E-19,0.939692620785908));
#5637=DIRECTION('',(-3.52249313641474E-17,1.,-1.38777878078142E-17));
#5638=DIRECTION('',(0.342020143325671,6.69738782464084E-17,0.939692620785908));
#5639=DIRECTION('',(1.57689611278883E-16,-1.,1.38777878078142E-17));
#5640=CARTESIAN_POINT('',(0.,0.,0.));
#5641=CARTESIAN_POINT('',(0.,20.,0.));
#5642=CARTESIAN_POINT('',(0.,20.,0.));
#5643=CARTESIAN_POINT('',(-6.47577737050059,20.,-7.0869109947644));
#5644=CARTESIAN_POINT('',(-9.19768992736763,20.,-2.75));
#5645=CARTESIAN_POINT('',(-9.19768992736763,20.,-2.75));
#5646=CARTESIAN_POINT('',(-9.23627394379222,20.,-2.62095133846335));
#5647=CARTESIAN_POINT('',(-9.26876475049419,19.8848552392074,-2.49999999999983));
#5648=CARTESIAN_POINT('',(-9.26876475049419,19.7500000000001,-2.4999999999998));
#5649=CARTESIAN_POINT('',(-9.26876475049399,19.75,-2.5));
#5650=CARTESIAN_POINT('',(-9.26876475049399,20.,-2.5));
#5651=CARTESIAN_POINT('',(-9.26876475049399,17.9974937185533,-2.5));
#5652=CARTESIAN_POINT('',(-9.26876475049399,20.,-2.5));
#5653=CARTESIAN_POINT('',(-9.26876475049399,17.5,-2.5));
#5654=CARTESIAN_POINT('',(0.,17.5,0.));
#5655=CARTESIAN_POINT('',(-9.26876475049399,17.5,2.5));
#5656=CARTESIAN_POINT('',(-9.26876475049399,20.,2.5));
#5657=CARTESIAN_POINT('',(-9.26876475049399,17.9974937185533,2.5));
#5658=CARTESIAN_POINT('',(-9.26876475049399,20.,2.5));
#5659=CARTESIAN_POINT('',(-9.26876475049399,19.75,2.5));
#5660=CARTESIAN_POINT('',(-9.26876475049399,19.75,2.5));
#5661=CARTESIAN_POINT('',(-9.26876475049399,19.8847551051799,2.5));
#5662=CARTESIAN_POINT('',(-9.23625121125447,20.,2.62102737003915));
#5663=CARTESIAN_POINT('',(-9.19768992736763,20.,2.75));
#5664=CARTESIAN_POINT('',(-9.19768992736763,20.,2.75));
#5665=CARTESIAN_POINT('',(0.,20.,0.));
#5666=CARTESIAN_POINT('',(-6.47577737050059,20.,7.08691099476439));
#5667=CARTESIAN_POINT('',(-6.47577737050059,20.,7.0869109947644));
#5668=CARTESIAN_POINT('',(-6.47577737050059,0.449999999999999,7.0869109947644));
#5669=CARTESIAN_POINT('',(0.,0.449999999999999,0.));
#5670=CARTESIAN_POINT('',(-6.47577737050059,0.449999999999999,-7.08691099476439));
#5671=CARTESIAN_POINT('',(-6.47577737050059,20.,-7.08691099476439));
#5672=CARTESIAN_POINT('',(0.,3.5,0.));
#5673=CARTESIAN_POINT('',(-9.48208837756746,3.5,1.5));
#5674=CARTESIAN_POINT('',(-9.48208837756746,3.5,-1.5));
#5675=CARTESIAN_POINT('',(-9.48208837756746,3.5,-1.5));
#5676=CARTESIAN_POINT('',(-9.48208837756746,3.23519602770237,-1.5));
#5677=CARTESIAN_POINT('',(-9.52002742780357,2.71780710275101,-1.28162538620338));
#5678=CARTESIAN_POINT('',(-9.57318007072337,2.5,-0.764413504600106));
#5679=CARTESIAN_POINT('',(-9.58697032435169,2.5,-0.499999999999998));
#5680=CARTESIAN_POINT('',(-9.58697032435169,2.5,-0.499999999999998));
#5681=CARTESIAN_POINT('',(0.,2.5,0.));
#5682=CARTESIAN_POINT('',(-9.58697032435169,2.5,0.500000000000002));
#5683=CARTESIAN_POINT('',(-9.58697032435169,2.5,0.500000000000002));
#5684=CARTESIAN_POINT('',(-9.57317867131478,2.5,0.764440336777292));
#5685=CARTESIAN_POINT('',(-9.52014607151849,2.71688583945013,1.28068108606514));
#5686=CARTESIAN_POINT('',(-9.48208837756747,3.23517901374841,1.5));
#5687=CARTESIAN_POINT('',(-9.48208837756747,3.5,1.5));
#5688=CARTESIAN_POINT('',(0.,20.,0.));
#5689=CARTESIAN_POINT('',(9.26876475049399,20.,-2.5));
#5690=CARTESIAN_POINT('',(9.26876475049399,19.75,-2.5));
#5691=CARTESIAN_POINT('',(9.26876475049399,17.9974937185533,-2.5));
#5692=CARTESIAN_POINT('',(9.26876475049399,19.75,-2.5));
#5693=CARTESIAN_POINT('',(9.26876475049399,19.8847551051799,-2.5));
#5694=CARTESIAN_POINT('',(9.23625121125447,20.,-2.62102737003915));
#5695=CARTESIAN_POINT('',(9.19768992736763,20.,-2.75));
#5696=CARTESIAN_POINT('',(9.19768992736763,20.,-2.75));
#5697=CARTESIAN_POINT('',(0.,20.,0.));
#5698=CARTESIAN_POINT('',(6.47577737050059,20.,-7.0869109947644));
#5699=CARTESIAN_POINT('',(6.47577737050059,20.,-7.0869109947644));
#5700=CARTESIAN_POINT('',(6.47577737050059,0.449999999999999,-7.0869109947644));
#5701=CARTESIAN_POINT('',(0.,0.449999999999999,0.));
#5702=CARTESIAN_POINT('',(6.47577737050059,0.449999999999999,7.0869109947644));
#5703=CARTESIAN_POINT('',(6.47577737050059,20.,7.0869109947644));
#5704=CARTESIAN_POINT('',(6.47577737050059,20.,7.0869109947644));
#5705=CARTESIAN_POINT('',(0.,20.,0.));
#5706=CARTESIAN_POINT('',(9.19768992736763,20.,2.75));
#5707=CARTESIAN_POINT('',(9.19768992736763,20.,2.75));
#5708=CARTESIAN_POINT('',(9.23627394379222,20.,2.62095133846334));
#5709=CARTESIAN_POINT('',(9.26876475049418,19.8848552392074,2.49999999999983));
#5710=CARTESIAN_POINT('',(9.26876475049419,19.75,2.4999999999998));
#5711=CARTESIAN_POINT('',(9.26876475049399,19.75,2.5));
#5712=CARTESIAN_POINT('',(9.26876475049399,20.,2.5));
#5713=CARTESIAN_POINT('',(9.26876475049399,17.9974937185533,2.5));
#5714=CARTESIAN_POINT('',(9.26876475049399,20.,2.5));
#5715=CARTESIAN_POINT('',(9.26876475049399,17.5,2.5));
#5716=CARTESIAN_POINT('',(0.,17.5,0.));
#5717=CARTESIAN_POINT('',(9.26876475049399,17.5,-2.5));
#5718=CARTESIAN_POINT('',(9.26876475049399,20.,-2.5));
#5719=CARTESIAN_POINT('',(0.,3.5,0.));
#5720=CARTESIAN_POINT('',(9.48208837756746,3.5,-1.5));
#5721=CARTESIAN_POINT('',(9.48208837756746,3.5,1.5));
#5722=CARTESIAN_POINT('',(9.48208837756746,3.5,1.5));
#5723=CARTESIAN_POINT('',(9.48208837756746,3.23519602770237,1.5));
#5724=CARTESIAN_POINT('',(9.52002742780357,2.71780710275101,1.28162538620338));
#5725=CARTESIAN_POINT('',(9.57318007072337,2.5,0.764413504600107));
#5726=CARTESIAN_POINT('',(9.58697032435169,2.5,0.499999999999999));
#5727=CARTESIAN_POINT('',(9.58697032435169,2.5,0.499999999999999));
#5728=CARTESIAN_POINT('',(0.,2.5,0.));
#5729=CARTESIAN_POINT('',(9.58697032435169,2.5,-0.500000000000001));
#5730=CARTESIAN_POINT('',(9.58697032435169,2.5,-0.500000000000001));
#5731=CARTESIAN_POINT('',(9.57317867131478,2.5,-0.764440336777291));
#5732=CARTESIAN_POINT('',(9.52014607151849,2.71688583945014,-1.28068108606514));
#5733=CARTESIAN_POINT('',(9.48208837756747,3.23517901374841,-1.5));
#5734=CARTESIAN_POINT('',(9.48208837756747,3.5,-1.5));
#5735=CARTESIAN_POINT('',(0.,20.,0.));
#5736=CARTESIAN_POINT('',(0.,20.,0.));
#5737=CARTESIAN_POINT('',(9.66643677887566,20.,-2.75));
#5738=CARTESIAN_POINT('',(6.7793294347428,20.,-7.41910994764398));
#5739=CARTESIAN_POINT('',(9.66643677887566,20.,-2.75));
#5740=CARTESIAN_POINT('',(9.70322598651792,20.,-2.62068343642949));
#5741=CARTESIAN_POINT('',(9.73408958249328,19.8845940060654,-2.4999999999998));
#5742=CARTESIAN_POINT('',(9.73408958249328,19.7500000000001,-2.49999999999977));
#5743=CARTESIAN_POINT('',(9.73408958249307,19.75,-2.5));
#5744=CARTESIAN_POINT('',(9.73408958249307,20.,-2.5));
#5745=CARTESIAN_POINT('',(9.73408958249307,17.5,-2.5));
#5746=CARTESIAN_POINT('',(0.,17.5,0.));
#5747=CARTESIAN_POINT('',(9.73408958249307,17.5,2.5));
#5748=CARTESIAN_POINT('',(9.73408958249307,20.,2.5));
#5749=CARTESIAN_POINT('',(9.73408958249307,19.75,2.5));
#5750=CARTESIAN_POINT('',(9.73408958249307,19.75,2.5));
#5751=CARTESIAN_POINT('',(9.73408958249307,19.884504005751,2.5));
#5752=CARTESIAN_POINT('',(9.70320615986864,20.,2.62075312844835));
#5753=CARTESIAN_POINT('',(9.66643677887566,20.,2.75));
#5754=CARTESIAN_POINT('',(9.66643677887566,20.,2.75));
#5755=CARTESIAN_POINT('',(0.,20.,0.));
#5756=CARTESIAN_POINT('',(6.7793294347428,20.,7.41910994764398));
#5757=CARTESIAN_POINT('',(6.7793294347428,20.,7.41910994764398));
#5758=CARTESIAN_POINT('',(6.7793294347428,0.5,7.41910994764398));
#5759=CARTESIAN_POINT('',(0.,0.5,0.));
#5760=CARTESIAN_POINT('',(6.7793294347428,0.5,-7.41910994764398));
#5761=CARTESIAN_POINT('',(6.7793294347428,20.,-7.41910994764398));
#5762=CARTESIAN_POINT('',(0.,2.5,0.));
#5763=CARTESIAN_POINT('',(10.0375544830402,2.5,0.499999999999999));
#5764=CARTESIAN_POINT('',(10.0375544830402,2.5,-0.500000000000001));
#5765=CARTESIAN_POINT('',(10.0375544830402,2.5,0.499999999999999));
#5766=CARTESIAN_POINT('',(10.0243834089988,2.5,0.764410746580299));
#5767=CARTESIAN_POINT('',(9.97373146493602,2.71692422604677,1.28076594689594));
#5768=CARTESIAN_POINT('',(9.93742924503113,3.23524211923721,1.5));
#5769=CARTESIAN_POINT('',(9.93742924503113,3.5,1.5));
#5770=CARTESIAN_POINT('',(9.93742924503113,3.5,1.5));
#5771=CARTESIAN_POINT('',(0.,3.5,0.));
#5772=CARTESIAN_POINT('',(9.93742924503113,3.5,-1.5));
#5773=CARTESIAN_POINT('',(9.93742924503113,3.5,-1.5));
#5774=CARTESIAN_POINT('',(9.93742924503113,3.2352576019904,-1.5));
#5775=CARTESIAN_POINT('',(9.97361741380568,2.71785338932425,-1.28171615593358));
#5776=CARTESIAN_POINT('',(10.0243846323672,2.5,-0.76438618732751));
#5777=CARTESIAN_POINT('',(10.0375544830402,2.5,-0.500000000000001));
#5778=CARTESIAN_POINT('',(0.,20.,0.));
#5779=CARTESIAN_POINT('',(-9.73408958249307,20.,-2.5));
#5780=CARTESIAN_POINT('',(-9.73408958249307,17.5,-2.5));
#5781=CARTESIAN_POINT('',(-9.73408958249307,19.75,-2.5));
#5782=CARTESIAN_POINT('',(-9.73408958249307,19.75,-2.5));
#5783=CARTESIAN_POINT('',(-9.73408958249307,19.884504005751,-2.5));
#5784=CARTESIAN_POINT('',(-9.70320615986864,20.,-2.62075312844835));
#5785=CARTESIAN_POINT('',(-9.66643677887566,20.,-2.75));
#5786=CARTESIAN_POINT('',(-9.66643677887566,20.,-2.75));
#5787=CARTESIAN_POINT('',(0.,20.,0.));
#5788=CARTESIAN_POINT('',(-6.77932943474281,20.,-7.41910994764397));
#5789=CARTESIAN_POINT('',(-6.77932943474281,20.,-7.41910994764397));
#5790=CARTESIAN_POINT('',(-6.77932943474281,0.5,-7.41910994764397));
#5791=CARTESIAN_POINT('',(0.,0.5,0.));
#5792=CARTESIAN_POINT('',(-6.77932943474281,0.5,7.41910994764397));
#5793=CARTESIAN_POINT('',(-6.77932943474281,20.,7.41910994764397));
#5794=CARTESIAN_POINT('',(-6.77932943474281,20.,7.41910994764397));
#5795=CARTESIAN_POINT('',(0.,20.,0.));
#5796=CARTESIAN_POINT('',(-9.66643677887566,20.,2.75));
#5797=CARTESIAN_POINT('',(-9.66643677887566,20.,2.75));
#5798=CARTESIAN_POINT('',(-9.70322598651793,20.,2.62068343642949));
#5799=CARTESIAN_POINT('',(-9.73408958249328,19.8845940060654,2.4999999999998));
#5800=CARTESIAN_POINT('',(-9.73408958249329,19.7500000000001,2.49999999999977));
#5801=CARTESIAN_POINT('',(-9.73408958249307,19.75,2.5));
#5802=CARTESIAN_POINT('',(-9.73408958249307,20.,2.5));
#5803=CARTESIAN_POINT('',(-9.73408958249307,17.5,2.5));
#5804=CARTESIAN_POINT('',(0.,17.5,0.));
#5805=CARTESIAN_POINT('',(0.,3.5,0.));
#5806=CARTESIAN_POINT('',(-9.93742924503113,3.5,1.5));
#5807=CARTESIAN_POINT('',(-9.93742924503113,3.5,-1.5));
#5808=CARTESIAN_POINT('',(-9.93742924503113,3.5,1.5));
#5809=CARTESIAN_POINT('',(-9.93742924503113,3.2352576019904,1.5));
#5810=CARTESIAN_POINT('',(-9.97361741380568,2.71785338932425,1.28171615593358));
#5811=CARTESIAN_POINT('',(-10.0243846323672,2.5,0.764386187327511));
#5812=CARTESIAN_POINT('',(-10.0375544830402,2.5,0.500000000000002));
#5813=CARTESIAN_POINT('',(-10.0375544830402,2.5,0.500000000000002));
#5814=CARTESIAN_POINT('',(0.,2.5,0.));
#5815=CARTESIAN_POINT('',(-10.0375544830402,2.5,-0.499999999999998));
#5816=CARTESIAN_POINT('',(-10.0375544830402,2.5,-0.499999999999998));
#5817=CARTESIAN_POINT('',(-10.0243834089988,2.5,-0.764410746580298));
#5818=CARTESIAN_POINT('',(-9.97373146493604,2.71692422604677,-1.28076594689594));
#5819=CARTESIAN_POINT('',(-9.93742924503113,3.23524211923721,-1.5));
#5820=CARTESIAN_POINT('',(-9.93742924503113,3.5,-1.5));
#5821=CARTESIAN_POINT('',(1.39734603858307,20.,5.1));
#5822=CARTESIAN_POINT('',(1.39734603858307,7.,5.1));
#5823=CARTESIAN_POINT('',(2.08138632523441,7.,6.97938524157182));
#5824=CARTESIAN_POINT('',(1.39734603858307,7.,7.1));
#5825=CARTESIAN_POINT('',(1.39734603858307,20.,7.1));
#5826=CARTESIAN_POINT('',(1.39734603858307,15.,7.1));
#5827=CARTESIAN_POINT('',(1.39734603858307,15.,5.1));
#5828=CARTESIAN_POINT('',(2.06079232261916,15.,6.98675356848708));
#5829=CARTESIAN_POINT('',(1.39734603858307,14.9781278514824,5.1));
#5830=CARTESIAN_POINT('',(2.08138632523441,14.9781278514824,6.97938524157182));
#5831=CARTESIAN_POINT('',(2.08138632523441,7.,6.97938524157182));
#5832=CARTESIAN_POINT('',(1.32653947560942,20.,5.1));
#5833=CARTESIAN_POINT('',(1.32653947560942,15.,5.1));
#5834=CARTESIAN_POINT('',(2.14889350228905,15.,7.40786348270512));
#5835=CARTESIAN_POINT('',(1.32653947560942,15.,7.55));
#5836=CARTESIAN_POINT('',(1.32653947560942,20.,7.55));
#5837=CARTESIAN_POINT('',(1.32653947560942,7.,7.55));
#5838=CARTESIAN_POINT('',(1.32653947560942,7.,5.1));
#5839=CARTESIAN_POINT('',(2.14889350228905,7.,7.40786348270512));
#5840=CARTESIAN_POINT('',(2.14889350228905,7.,7.40786348270512));
#5841=CARTESIAN_POINT('',(4.75,13.,3.05112494483037));
#5842=CARTESIAN_POINT('',(4.75,13.,7.1));
#5843=CARTESIAN_POINT('',(2.75,15.,7.1));
#5844=CARTESIAN_POINT('',(4.75,13.,7.1));
#5845=CARTESIAN_POINT('',(4.75,13.,7.55));
#5846=CARTESIAN_POINT('',(4.75,13.,7.55));
#5847=CARTESIAN_POINT('',(2.09602468168128,15.6539753183187,7.55));
#5848=CARTESIAN_POINT('',(2.75,15.,7.55));
#5849=CARTESIAN_POINT('',(2.75,15.,7.1));
#5850=CARTESIAN_POINT('',(4.59800330479362,12.3,6.06341156996335));
#5851=CARTESIAN_POINT('',(2.06083322867167,15.,6.98686595694266));
#5852=CARTESIAN_POINT('',(2.10201065282673,15.,7.1));
#5853=CARTESIAN_POINT('',(2.20658203202962,15.,7.38730750308115));
#5854=CARTESIAN_POINT('',(4.74858383273805,12.3015033516533,6.48152367647923));
#5855=CARTESIAN_POINT('',(4.75,12.3,6.4810190578746));
#5856=CARTESIAN_POINT('',(4.59800330479362,12.3,6.06341156996335));
#5857=CARTESIAN_POINT('',(4.59800330479362,12.3,6.06341156996335));
#5858=CARTESIAN_POINT('',(4.59800330479362,12.3,6.06341156996335));
#5859=CARTESIAN_POINT('',(-0.425773897986462,15.,0.154969025394568));
#5860=CARTESIAN_POINT('',(1.75,7.,7.55));
#5861=CARTESIAN_POINT('',(1.75,7.,7.55));
#5862=CARTESIAN_POINT('',(3.01288500271658,7.,7.1));
#5863=CARTESIAN_POINT('',(1.75,7.,7.55));
#5864=CARTESIAN_POINT('',(4.75,7.,6.4810190578746));
#5865=CARTESIAN_POINT('',(4.75,7.,6.4810190578746));
#5866=CARTESIAN_POINT('',(1.75,15.,7.55));
#5867=CARTESIAN_POINT('',(4.59800330479362,7.,6.06341156996335));
#5868=CARTESIAN_POINT('',(4.59800330479362,7.,6.06341156996335));
#5869=CARTESIAN_POINT('',(4.59800330479362,7.,6.06341156996335));
#5870=CARTESIAN_POINT('',(4.59800330479362,7.,6.06341156996335));
#5871=CARTESIAN_POINT('',(1.75,7.,7.1));
#5872=CARTESIAN_POINT('',(1.75,7.,7.1));
#5873=CARTESIAN_POINT('',(0.,7.,0.));
#5874=CARTESIAN_POINT('',(6.44204936336257,7.,7.1));
#5875=CARTESIAN_POINT('',(0.,15.,0.));
#5876=CARTESIAN_POINT('',(6.44204936336256,15.,7.1));
#5877=CARTESIAN_POINT('',(4.75,15.,3.05112494483037));
#5878=CARTESIAN_POINT('',(4.75,20.,7.1));
#5879=CARTESIAN_POINT('',(4.75,7.,7.1));
#5880=CARTESIAN_POINT('',(4.75,7.,3.05112494483037));
#5881=CARTESIAN_POINT('',(4.75,7.,7.55));
#5882=CARTESIAN_POINT('',(4.75,15.,7.55));
#5883=CARTESIAN_POINT('',(4.75,15.,3.05112494483037));
#5884=CARTESIAN_POINT('',(4.75,15.,7.55));
#5885=CARTESIAN_POINT('',(6.44204936336256,15.,7.1));
#5886=CARTESIAN_POINT('',(4.75,7.,3.05112494483037));
#5887=CARTESIAN_POINT('',(4.75,7.,7.55));
#5888=CARTESIAN_POINT('',(6.44204936336257,7.,7.1));
#5889=CARTESIAN_POINT('',(-4.75,7.,3.05112494483037));
#5890=CARTESIAN_POINT('',(-4.75,7.,7.55));
#5891=CARTESIAN_POINT('',(-1.32653947560942,7.,7.55));
#5892=CARTESIAN_POINT('',(-4.75,7.,7.55));
#5893=CARTESIAN_POINT('',(-1.32653947560942,7.,5.1));
#5894=CARTESIAN_POINT('',(-2.14889350228905,7.,7.40786348270512));
#5895=CARTESIAN_POINT('',(-1.75,7.,7.55));
#5896=CARTESIAN_POINT('',(-3.01288500271658,7.,7.1));
#5897=CARTESIAN_POINT('',(-6.44204936336257,7.,7.1));
#5898=CARTESIAN_POINT('',(-4.75,7.,7.1));
#5899=CARTESIAN_POINT('',(-4.75,7.,3.05112494483037));
#5900=CARTESIAN_POINT('',(-6.44204936336256,20.,7.55));
#5901=CARTESIAN_POINT('',(-6.44204936336256,20.,7.55));
#5902=CARTESIAN_POINT('',(-6.44204936336256,20.,7.55));
#5903=CARTESIAN_POINT('',(-6.44204936336256,0.5,7.55));
#5904=CARTESIAN_POINT('',(-6.44204936336256,0.5,7.55));
#5905=CARTESIAN_POINT('',(6.44204936336256,0.5,7.55));
#5906=CARTESIAN_POINT('',(6.44204936336256,20.,7.55));
#5907=CARTESIAN_POINT('',(6.44204936336256,20.,7.55));
#5908=CARTESIAN_POINT('',(-6.44204936336256,20.,7.55));
#5909=CARTESIAN_POINT('',(-1.32653947560942,20.,7.55));
#5910=CARTESIAN_POINT('',(-1.32653947560942,15.,7.55));
#5911=CARTESIAN_POINT('',(-4.75,15.,7.55));
#5912=CARTESIAN_POINT('',(-4.75,13.,7.55));
#5913=CARTESIAN_POINT('',(-2.09602468168128,15.6539753183187,7.55));
#5914=CARTESIAN_POINT('',(-2.75,15.,7.55));
#5915=CARTESIAN_POINT('',(-4.75,15.,7.55));
#5916=CARTESIAN_POINT('',(-6.44204936336256,20.,7.1));
#5917=CARTESIAN_POINT('',(-6.44204936336256,0.449999999999999,7.1));
#5918=CARTESIAN_POINT('',(-6.44204936336256,0.449999999999999,7.1));
#5919=CARTESIAN_POINT('',(6.44204936336256,0.449999999999999,7.1));
#5920=CARTESIAN_POINT('',(-6.44204936336256,20.,7.1));
#5921=CARTESIAN_POINT('',(-6.44204936336256,20.,7.1));
#5922=CARTESIAN_POINT('',(-6.44204936336256,20.,7.1));
#5923=CARTESIAN_POINT('',(6.44204936336256,20.,7.1));
#5924=CARTESIAN_POINT('',(6.44204936336256,20.,7.1));
#5925=CARTESIAN_POINT('',(-1.39734603858307,20.,7.1));
#5926=CARTESIAN_POINT('',(-1.39734603858307,7.,7.1));
#5927=CARTESIAN_POINT('',(-1.39734603858307,15.,7.1));
#5928=CARTESIAN_POINT('',(-6.44204936336256,15.,7.1));
#5929=CARTESIAN_POINT('',(-2.10201065282673,15.,7.1));
#5930=CARTESIAN_POINT('',(-6.44204936336256,15.,7.1));
#5931=CARTESIAN_POINT('',(-2.75,15.,7.1));
#5932=CARTESIAN_POINT('',(-4.75,13.,7.1));
#5933=CARTESIAN_POINT('',(-4.75,13.,7.1));
#5934=CARTESIAN_POINT('',(-4.75,20.,7.1));
#5935=CARTESIAN_POINT('',(-6.44204936336257,7.,7.1));
#5936=CARTESIAN_POINT('',(6.44204936336256,20.,7.05));
#5937=CARTESIAN_POINT('',(-9.73408958249307,20.,2.75));
#5938=CARTESIAN_POINT('',(-6.44204936336256,20.,7.05));
#5939=CARTESIAN_POINT('',(6.44204936336256,20.,7.05));
#5940=CARTESIAN_POINT('',(9.26876475049399,20.,2.75));
#5941=CARTESIAN_POINT('',(6.44204936336256,20.,7.05));
#5942=CARTESIAN_POINT('',(-6.44204936336256,20.,7.05));
#5943=CARTESIAN_POINT('',(6.44204936336256,20.,7.05));
#5944=CARTESIAN_POINT('',(6.44204936336256,0.5,7.05));
#5945=CARTESIAN_POINT('',(6.44204936336256,20.,-7.05));
#5946=CARTESIAN_POINT('',(6.44204936336256,0.5,-7.05));
#5947=CARTESIAN_POINT('',(6.44204936336256,0.5,-7.55));
#5948=CARTESIAN_POINT('',(6.44204936336256,20.,-7.55));
#5949=CARTESIAN_POINT('',(6.44204936336256,20.,-7.55));
#5950=CARTESIAN_POINT('',(6.44204936336256,20.,-7.05));
#5951=CARTESIAN_POINT('',(-6.44204936336256,20.,-7.55));
#5952=CARTESIAN_POINT('',(-6.44204936336256,0.5,-7.55));
#5953=CARTESIAN_POINT('',(-6.44204936336256,0.5,-7.55));
#5954=CARTESIAN_POINT('',(-6.44204936336256,20.,-7.55));
#5955=CARTESIAN_POINT('',(-6.44204936336256,20.,-7.55));
#5956=CARTESIAN_POINT('',(-6.44204936336256,20.,-7.55));
#5957=CARTESIAN_POINT('',(-6.44204936336256,20.,-7.05));
#5958=CARTESIAN_POINT('',(-6.44204936336256,0.5,-7.05));
#5959=CARTESIAN_POINT('',(-6.44204936336256,20.,-7.05));
#5960=CARTESIAN_POINT('',(-6.44204936336256,20.,7.05));
#5961=CARTESIAN_POINT('',(-6.44204936336256,0.5,7.05));
#5962=CARTESIAN_POINT('',(6.44204936336256,20.,7.05));
#5963=CARTESIAN_POINT('',(-9.26876475049399,20.,-2.75));
#5964=CARTESIAN_POINT('',(-6.44204936336256,20.,-7.05));
#5965=CARTESIAN_POINT('',(-6.44204936336256,20.,-7.1));
#5966=CARTESIAN_POINT('',(-6.44204936336256,20.,-7.1));
#5967=CARTESIAN_POINT('',(6.44204936336256,20.,-7.1));
#5968=CARTESIAN_POINT('',(6.44204936336256,20.,-7.05));
#5969=CARTESIAN_POINT('',(9.73408958249307,20.,-2.75));
#5970=CARTESIAN_POINT('',(6.44204936336256,0.,7.05));
#5971=CARTESIAN_POINT('',(6.44204936336256,0.,7.05));
#5972=CARTESIAN_POINT('',(6.44204936336256,0.,7.05));
#5973=CARTESIAN_POINT('',(-6.44204936336256,0.,7.05));
#5974=CARTESIAN_POINT('',(0.,0.,0.));
#5975=CARTESIAN_POINT('',(-6.44204936336256,0.,-7.05));
#5976=CARTESIAN_POINT('',(6.44204936336257,0.,-7.05));
#5977=CARTESIAN_POINT('',(6.44204936336256,0.,-7.05));
#5978=CARTESIAN_POINT('',(0.,0.,0.));
#5979=CARTESIAN_POINT('',(0.,0.,0.));
#5980=CARTESIAN_POINT('',(0.,0.,3.575));
#5981=CARTESIAN_POINT('',(0.,-1.7,0.));
#5982=CARTESIAN_POINT('',(0.,-0.5,0.));
#5983=CARTESIAN_POINT('',(0.,-0.5,3.075));
#5984=CARTESIAN_POINT('',(0.,-1.7,0.));
#5985=CARTESIAN_POINT('',(3.075,-1.7,0.));
#5986=CARTESIAN_POINT('',(0.,-1.7,0.));
#5987=CARTESIAN_POINT('',(0.,-1.7,0.));
#5988=CARTESIAN_POINT('',(2.625,-1.7,0.));
#5989=CARTESIAN_POINT('',(0.,-0.5,0.));
#5990=CARTESIAN_POINT('',(6.44204936336256,20.,7.05));
#5991=CARTESIAN_POINT('',(6.44204936336256,0.449999999999999,7.05));
#5992=CARTESIAN_POINT('',(6.44204936336256,20.,-7.05));
#5993=CARTESIAN_POINT('',(6.44204936336256,0.449999999999999,-7.05));
#5994=CARTESIAN_POINT('',(6.44204936336256,0.449999999999999,-7.1));
#5995=CARTESIAN_POINT('',(6.44204936336256,20.,-7.1));
#5996=CARTESIAN_POINT('',(-6.44204936336256,20.,-7.1));
#5997=CARTESIAN_POINT('',(-6.44204936336256,0.449999999999999,-7.1));
#5998=CARTESIAN_POINT('',(-6.44204936336256,0.449999999999999,-7.1));
#5999=CARTESIAN_POINT('',(-6.44204936336256,20.,-7.1));
#6000=CARTESIAN_POINT('',(-6.44204936336256,20.,-7.05));
#6001=CARTESIAN_POINT('',(-6.44204936336256,0.449999999999999,-7.05));
#6002=CARTESIAN_POINT('',(-6.44204936336256,20.,7.05));
#6003=CARTESIAN_POINT('',(-6.44204936336256,0.449999999999999,7.05));
#6004=CARTESIAN_POINT('',(6.44204936336256,0.45,7.05));
#6005=CARTESIAN_POINT('',(0.,0.45,0.));
#6006=CARTESIAN_POINT('',(0.,0.45,3.575));
#6007=CARTESIAN_POINT('',(0.,-1.7,0.));
#6008=CARTESIAN_POINT('',(0.,-0.5,0.));
#6009=CARTESIAN_POINT('',(0.,-0.5,2.625));
#6010=CARTESIAN_POINT('',(0.,-0.5,0.));
#6011=CARTESIAN_POINT('',(-16.0363567991322,18.,-2.5));
#6012=CARTESIAN_POINT('',(-9.73408958249307,19.75,-2.5));
#6013=CARTESIAN_POINT('',(-9.73408958249307,17.5,-2.5));
#6014=CARTESIAN_POINT('',(-9.73408958249307,17.751259797716,-2.5));
#6015=CARTESIAN_POINT('',(-9.51863023484078,17.9732477634108,-2.5));
#6016=CARTESIAN_POINT('',(-9.268764750494,17.9974937185533,-2.5));
#6017=CARTESIAN_POINT('',(-16.0363567991322,18.,2.5));
#6018=CARTESIAN_POINT('',(-9.73408958249306,18.,-2.5));
#6019=CARTESIAN_POINT('',(-9.21696804811648,18.,-2.5));
#6020=CARTESIAN_POINT('',(-9.05,18.,-2.5));
#6021=CARTESIAN_POINT('',(4.24884710452152E-32,18.,3.46944695195361E-16));
#6022=CARTESIAN_POINT('',(-9.21696804811648,18.,2.5));
#6023=CARTESIAN_POINT('',(-9.05,18.,2.5));
#6024=CARTESIAN_POINT('',(-9.05,18.,2.5));
#6025=CARTESIAN_POINT('',(-9.05,18.,1.5));
#6026=CARTESIAN_POINT('',(-8.05,18.,1.5));
#6027=CARTESIAN_POINT('',(-8.05,18.,-1.5));
#6028=CARTESIAN_POINT('',(-8.05,18.,-1.5));
#6029=CARTESIAN_POINT('',(-9.05,18.,-1.5));
#6030=CARTESIAN_POINT('',(-16.0363567991322,22.,2.5));
#6031=CARTESIAN_POINT('',(-9.26876475049399,19.75,2.5));
#6032=CARTESIAN_POINT('',(-9.26876475049399,17.9974937185533,2.5));
#6033=CARTESIAN_POINT('',(-9.51883490694388,17.973227902842,2.5));
#6034=CARTESIAN_POINT('',(-9.73408958249307,17.7514982211467,2.5));
#6035=CARTESIAN_POINT('',(-9.73408958249307,17.5,2.5));
#6036=CARTESIAN_POINT('',(-16.0363567991322,22.,2.5));
#6037=CARTESIAN_POINT('',(9.73408958249307,19.75,2.5));
#6038=CARTESIAN_POINT('',(9.73408958249307,17.5,2.5));
#6039=CARTESIAN_POINT('',(9.73408958249307,17.751259797716,2.5));
#6040=CARTESIAN_POINT('',(9.51863023484078,17.9732477634108,2.5));
#6041=CARTESIAN_POINT('',(9.268764750494,17.9974937185533,2.5));
#6042=CARTESIAN_POINT('',(-16.0363567991322,18.,2.5));
#6043=CARTESIAN_POINT('',(9.73408958249307,18.,2.5));
#6044=CARTESIAN_POINT('',(9.21696804811648,18.,2.5));
#6045=CARTESIAN_POINT('',(9.05,18.,2.5));
#6046=CARTESIAN_POINT('',(4.24884710452152E-32,18.,3.46944695195361E-16));
#6047=CARTESIAN_POINT('',(9.21696804811648,18.,-2.5));
#6048=CARTESIAN_POINT('',(9.05,18.,-2.5));
#6049=CARTESIAN_POINT('',(9.05,18.,-2.5));
#6050=CARTESIAN_POINT('',(9.05,18.,-1.5));
#6051=CARTESIAN_POINT('',(8.05,18.,-1.5));
#6052=CARTESIAN_POINT('',(8.05,18.,1.5));
#6053=CARTESIAN_POINT('',(8.05,18.,1.5));
#6054=CARTESIAN_POINT('',(9.05,18.,1.5));
#6055=CARTESIAN_POINT('',(-16.0363567991322,18.,-2.5));
#6056=CARTESIAN_POINT('',(9.26876475049399,19.75,-2.5));
#6057=CARTESIAN_POINT('',(9.26876475049399,17.9974937185533,-2.5));
#6058=CARTESIAN_POINT('',(9.51883490694388,17.973227902842,-2.5));
#6059=CARTESIAN_POINT('',(9.73408958249307,17.7514982211467,-2.5));
#6060=CARTESIAN_POINT('',(9.73408958249307,17.5,-2.5));
#6061=CARTESIAN_POINT('',(9.05,17.55,1.5));
#6062=CARTESIAN_POINT('',(9.05,17.55,-2.5));
#6063=CARTESIAN_POINT('',(9.05,17.55,-2.5));
#6064=CARTESIAN_POINT('',(9.21696804811648,17.55,-2.5));
#6065=CARTESIAN_POINT('',(0.,17.55,3.46944695195379E-17));
#6066=CARTESIAN_POINT('',(9.21696804811648,17.55,2.5));
#6067=CARTESIAN_POINT('',(9.73408958249307,17.55,2.5));
#6068=CARTESIAN_POINT('',(9.05,17.55,2.5));
#6069=CARTESIAN_POINT('',(9.05,17.55,1.5));
#6070=CARTESIAN_POINT('',(8.05,17.55,1.5));
#6071=CARTESIAN_POINT('',(8.05,17.55,1.5));
#6072=CARTESIAN_POINT('',(8.05,17.55,-1.5));
#6073=CARTESIAN_POINT('',(9.05,17.55,-1.5));
#6074=CARTESIAN_POINT('',(9.05,17.55,1.5));
#6075=CARTESIAN_POINT('',(8.05,17.55,1.5));
#6076=CARTESIAN_POINT('',(9.05,17.55,2.5));
#6077=CARTESIAN_POINT('',(8.05,17.55,1.5));
#6078=CARTESIAN_POINT('',(8.05,17.55,-1.5));
#6079=CARTESIAN_POINT('',(9.05,17.55,-1.5));
#6080=CARTESIAN_POINT('',(9.05,17.55,-2.5));
#6081=CARTESIAN_POINT('',(9.05,17.55,-2.5));
#6082=CARTESIAN_POINT('',(9.21696804811648,18.,-2.5));
#6083=CARTESIAN_POINT('',(9.23427403929892,18.,-2.5));
#6084=CARTESIAN_POINT('',(9.25153963590988,17.9991651753238,-2.5));
#6085=CARTESIAN_POINT('',(9.268764750494,17.9974937185533,-2.5));
#6086=CARTESIAN_POINT('',(9.26876475049399,17.5,-2.5));
#6087=CARTESIAN_POINT('',(9.26876475049399,17.5268940147431,-2.5));
#6088=CARTESIAN_POINT('',(9.2438365334215,17.550000000001,-2.5));
#6089=CARTESIAN_POINT('',(9.21696804811675,17.5500000000011,-2.5));
#6090=CARTESIAN_POINT('',(9.73408958249307,17.55,2.5));
#6091=CARTESIAN_POINT('',(9.268764750494,17.9974937185533,2.5));
#6092=CARTESIAN_POINT('',(9.25153963590988,17.9991651753238,2.5));
#6093=CARTESIAN_POINT('',(9.23427403929892,18.,2.5));
#6094=CARTESIAN_POINT('',(9.21696804811648,18.,2.5));
#6095=CARTESIAN_POINT('',(9.21696804811648,17.55,2.5));
#6096=CARTESIAN_POINT('',(9.24385188833419,17.55,2.5));
#6097=CARTESIAN_POINT('',(9.26876475049403,17.5269121867993,2.5));
#6098=CARTESIAN_POINT('',(9.26876475049403,17.5,2.5));
#6099=CARTESIAN_POINT('',(0.,17.5,0.));
#6100=CARTESIAN_POINT('',(0.,17.5,0.));
#6101=CARTESIAN_POINT('',(-9.05,17.55,1.5));
#6102=CARTESIAN_POINT('',(-9.05,17.55,2.5));
#6103=CARTESIAN_POINT('',(-9.05,17.55,2.5));
#6104=CARTESIAN_POINT('',(-9.21696804811648,17.55,2.5));
#6105=CARTESIAN_POINT('',(0.,17.55,3.46944695195379E-17));
#6106=CARTESIAN_POINT('',(-9.21696804811648,17.55,-2.5));
#6107=CARTESIAN_POINT('',(-9.73408958249306,17.55,-2.5));
#6108=CARTESIAN_POINT('',(-9.05,17.55,-2.5));
#6109=CARTESIAN_POINT('',(-9.05,17.55,-1.5));
#6110=CARTESIAN_POINT('',(-8.05,17.55,-1.5));
#6111=CARTESIAN_POINT('',(-8.05,17.55,-1.5));
#6112=CARTESIAN_POINT('',(-8.05,17.55,1.5));
#6113=CARTESIAN_POINT('',(-9.05,17.55,1.5));
#6114=CARTESIAN_POINT('',(-8.05,17.55,-1.5));
#6115=CARTESIAN_POINT('',(-8.05,17.55,1.5));
#6116=CARTESIAN_POINT('',(-8.05,17.55,-1.5));
#6117=CARTESIAN_POINT('',(-9.05,17.55,1.5));
#6118=CARTESIAN_POINT('',(-9.05,17.55,2.5));
#6119=CARTESIAN_POINT('',(-9.05,17.55,2.5));
#6120=CARTESIAN_POINT('',(-9.21696804811648,18.,2.5));
#6121=CARTESIAN_POINT('',(-9.23427403929892,18.,2.5));
#6122=CARTESIAN_POINT('',(-9.25153963590988,17.9991651753238,2.5));
#6123=CARTESIAN_POINT('',(-9.268764750494,17.9974937185533,2.5));
#6124=CARTESIAN_POINT('',(-9.26876475049399,17.5,2.5));
#6125=CARTESIAN_POINT('',(-9.268764750494,17.526894014743,2.5));
#6126=CARTESIAN_POINT('',(-9.2438365334215,17.550000000001,2.5));
#6127=CARTESIAN_POINT('',(-9.21696804811675,17.5500000000011,2.5));
#6128=CARTESIAN_POINT('',(-9.73408958249306,17.55,-2.5));
#6129=CARTESIAN_POINT('',(-9.26876475049399,17.9974937185533,-2.5));
#6130=CARTESIAN_POINT('',(-9.25153963590988,17.9991651753238,-2.5));
#6131=CARTESIAN_POINT('',(-9.23427403929892,18.,-2.5));
#6132=CARTESIAN_POINT('',(-9.21696804811648,18.,-2.5));
#6133=CARTESIAN_POINT('',(-9.05,17.55,-2.5));
#6134=CARTESIAN_POINT('',(-9.21696804811648,17.55,-2.5));
#6135=CARTESIAN_POINT('',(-9.24385188833419,17.55,-2.5));
#6136=CARTESIAN_POINT('',(-9.26876475049403,17.5269121867993,-2.5));
#6137=CARTESIAN_POINT('',(-9.26876475049403,17.5,-2.5));
#6138=CARTESIAN_POINT('',(-9.05,17.55,-1.5));
#6139=CARTESIAN_POINT('',(0.,17.5,0.));
#6140=CARTESIAN_POINT('',(0.,17.5,0.));
#6141=CARTESIAN_POINT('',(-4.75,15.,3.05112494483037));
#6142=CARTESIAN_POINT('',(-4.75,13.,7.55));
#6143=CARTESIAN_POINT('',(-4.75,15.,3.05112494483037));
#6144=CARTESIAN_POINT('',(-2.75,15.,7.1));
#6145=CARTESIAN_POINT('',(-2.06083322867167,15.,6.98686595694266));
#6146=CARTESIAN_POINT('',(-2.20658203202962,15.,7.38730750308115));
#6147=CARTESIAN_POINT('',(-1.75,15.,7.55));
#6148=CARTESIAN_POINT('',(-2.14889350228905,15.,7.40786348270512));
#6149=CARTESIAN_POINT('',(-1.32653947560942,15.,5.1));
#6150=CARTESIAN_POINT('',(-1.75,7.,7.55));
#6151=CARTESIAN_POINT('',(-2.14889350228905,7.,7.40786348270512));
#6152=CARTESIAN_POINT('',(-4.74858383273805,12.3015033516533,6.48152367647923));
#6153=CARTESIAN_POINT('',(-4.75,12.3,6.4810190578746));
#6154=CARTESIAN_POINT('',(-4.75,7.,6.4810190578746));
#6155=CARTESIAN_POINT('',(-4.75,7.,6.4810190578746));
#6156=CARTESIAN_POINT('',(-1.75,7.,7.55));
#6157=CARTESIAN_POINT('',(-4.59800330479362,7.,6.06341156996335));
#6158=CARTESIAN_POINT('',(-4.59800330479362,12.3,6.06341156996335));
#6159=CARTESIAN_POINT('',(-4.59800330479362,12.3,6.06341156996335));
#6160=CARTESIAN_POINT('',(-4.59800330479362,7.,6.06341156996335));
#6161=CARTESIAN_POINT('',(-4.59800330479362,7.,6.06341156996335));
#6162=CARTESIAN_POINT('',(-4.59800330479362,7.,6.06341156996335));
#6163=CARTESIAN_POINT('',(-1.75,7.,7.1));
#6164=CARTESIAN_POINT('',(-4.59800330479362,12.3,6.06341156996335));
#6165=CARTESIAN_POINT('',(-2.08138632523441,14.9781278514824,6.97938524157182));
#6166=CARTESIAN_POINT('',(-2.08138632523441,7.,6.97938524157182));
#6167=CARTESIAN_POINT('',(-2.08138632523441,7.,6.97938524157182));
#6168=CARTESIAN_POINT('',(-1.75,7.,7.1));
#6169=CARTESIAN_POINT('',(0.,7.,0.));
#6170=CARTESIAN_POINT('',(-1.39734603858307,7.,5.1));
#6171=CARTESIAN_POINT('',(0.,15.,0.));
#6172=CARTESIAN_POINT('',(-1.39734603858307,15.,5.1));
#6173=CARTESIAN_POINT('',(-2.06079232261916,15.,6.98675356848708));
#6174=CARTESIAN_POINT('',(0.425773897986462,15.,0.154969025394568));
#6175=CARTESIAN_POINT('',(-4.59800330479362,12.3,6.06341156996335));
#6176=CARTESIAN_POINT('',(-1.39734603858307,14.9781278514824,5.1));
#6177=CARTESIAN_POINT('',(-4.75,13.,3.05112494483037));
#6178=CARTESIAN_POINT('',(-1.32653947560942,20.,5.1));
#6179=CARTESIAN_POINT('',(-1.39734603858307,20.,5.1));
#6180=CARTESIAN_POINT('',(6.44204936336256,0.5,7.05));
#6181=CARTESIAN_POINT('',(6.44204936336256,0.5,7.05));
#6182=CARTESIAN_POINT('',(6.44204936336256,0.5,7.05));
#6183=CARTESIAN_POINT('',(0.,0.5,0.));
#6184=CARTESIAN_POINT('',(6.44204936336256,0.5,-7.05));
#6185=CARTESIAN_POINT('',(-6.44204936336256,0.5,7.05));
#6186=CARTESIAN_POINT('',(-6.44204936336256,0.5,7.05));
#6187=CARTESIAN_POINT('',(6.44204936336256,0.5,-7.05));
#6188=CARTESIAN_POINT('',(6.44204936336256,0.5,-7.05));
#6189=CARTESIAN_POINT('',(-6.44204936336256,0.5,7.05));
#6190=CARTESIAN_POINT('',(-6.44204936336256,0.5,7.05));
#6191=CARTESIAN_POINT('',(-6.44204936336256,0.5,-7.05));
#6192=CARTESIAN_POINT('',(-6.44204936336256,0.5,-7.05));
#6193=CARTESIAN_POINT('',(0.,0.5,0.));
#6194=CARTESIAN_POINT('',(-6.44204936336257,0.5,-7.04999999999999));
#6195=CARTESIAN_POINT('',(-6.44204936336256,0.5,-7.05));
#6196=CARTESIAN_POINT('',(-16.3415072395212,2.5,-1.5));
#6197=CARTESIAN_POINT('',(-9.93742924503113,2.5,-0.499999999999998));
#6198=CARTESIAN_POINT('',(-9.48208837756746,2.5,0.500000000000002));
#6199=CARTESIAN_POINT('',(-16.3415072395212,3.5,1.5));
#6200=CARTESIAN_POINT('',(-16.3415072395212,3.5,1.5));
#6201=CARTESIAN_POINT('',(-16.3415072395212,3.5,-1.5));
#6202=CARTESIAN_POINT('',(-16.3415072395212,3.5,1.5));
#6203=CARTESIAN_POINT('',(-16.3415072395212,3.5,-1.5));
#6204=CARTESIAN_POINT('',(-16.3415072395212,3.5,1.5));
#6205=CARTESIAN_POINT('',(-16.3415072395212,2.5,-1.5));
#6206=CARTESIAN_POINT('',(9.48208837756746,2.5,-0.500000000000001));
#6207=CARTESIAN_POINT('',(9.93742924503113,2.5,0.499999999999999));
#6208=CARTESIAN_POINT('',(-16.3415072395212,3.5,-0.499999999999997));
#6209=CARTESIAN_POINT('',(-16.3415072395212,3.5,0.500000000000003));
#6210=CARTESIAN_POINT('',(-16.3415072395212,3.5,-0.499999999999997));
#6211=CARTESIAN_POINT('',(-16.3415072395212,3.5,0.500000000000003));
#6212=CARTESIAN_POINT('',(-16.0363567991322,19.75,-2.75));
#6213=CARTESIAN_POINT('',(-16.0363567991322,19.75,2.75));
#6214=CARTESIAN_POINT('',(-16.0363567991322,19.75,-2.75));
#6215=CARTESIAN_POINT('',(-16.0363567991322,19.75,2.75));
#6216=CARTESIAN_POINT('',(0.,0.,0.));
#6217=CARTESIAN_POINT('',(0.,0.,2.));
#6218=CARTESIAN_POINT('',(0.,0.,2.));
#6219=CARTESIAN_POINT('',(1.,0.,2.));
#6220=CARTESIAN_POINT('',(0.,0.,0.));
#6221=CARTESIAN_POINT('',(1.,0.,0.));
#6222=CARTESIAN_POINT('',(0.,0.,2.));
#6223=CARTESIAN_POINT('',(0.,0.,2.));
#6224=CARTESIAN_POINT('',(2.625,0.,2.));
#6225=CARTESIAN_POINT('',(0.,0.,0.));
#6226=CARTESIAN_POINT('',(2.625,0.,0.));
#6227=CARTESIAN_POINT('',(0.,0.,2.));
#6228=CARTESIAN_POINT('',(0.,0.,0.));
#6229=CARTESIAN_POINT('',(-7.22223729145213E-32,-1.7,2.20436423846524E-16));
#6230=CARTESIAN_POINT('',(0.,38.,0.));
#6231=CARTESIAN_POINT('',(0.,37.8,0.));
#6232=CARTESIAN_POINT('',(0.,37.8,-1.));
#6233=CARTESIAN_POINT('',(0.,0.199999999999999,0.));
#6234=CARTESIAN_POINT('',(0.,0.199999999999999,-1.));
#6235=CARTESIAN_POINT('',(0.,38.,0.));
#6236=CARTESIAN_POINT('',(0.,38.,0.));
#6237=CARTESIAN_POINT('',(0.,38.,-0.8));
#6238=CARTESIAN_POINT('',(0.,0.,0.));
#6239=CARTESIAN_POINT('',(0.,0.,0.));
#6240=CARTESIAN_POINT('',(0.,0.,-0.8));
#6241=CARTESIAN_POINT('',(0.,37.8,0.));
#6242=CARTESIAN_POINT('',(0.,0.,0.));
#6243=CARTESIAN_POINT('',(2.08721928629529E-15,-11.1,-5.21804821573823E-16));
#6244=CARTESIAN_POINT('',(-6.44204936336256,-13.5963766914969,7.55));
#6245=CARTESIAN_POINT('',(4.25,-4.65,7.55));
#6246=CARTESIAN_POINT('',(4.25,-8.23618176042508,7.55));
#6247=CARTESIAN_POINT('',(4.25,-4.65,7.55));
#6248=CARTESIAN_POINT('',(-6.44204936336256,-8.23618176042508,7.55));
#6249=CARTESIAN_POINT('',(6.44204936336256,-8.23618176042508,7.55));
#6250=CARTESIAN_POINT('',(6.44204936336256,-13.5963766914969,7.55));
#6251=CARTESIAN_POINT('',(6.44204936336256,-4.65,7.55));
#6252=CARTESIAN_POINT('',(-6.44204936336256,-4.65,7.55));
#6253=CARTESIAN_POINT('',(-6.44204936336256,-13.5963766914969,7.55));
#6254=CARTESIAN_POINT('',(-4.25,-4.65,7.55));
#6255=CARTESIAN_POINT('',(-4.25,-4.65,7.55));
#6256=CARTESIAN_POINT('',(-4.25,-8.23618176042508,7.55));
#6257=CARTESIAN_POINT('',(-6.44204936336256,-4.65,7.55));
#6258=CARTESIAN_POINT('',(-6.44204936336256,-4.65,7.55));
#6259=CARTESIAN_POINT('',(-6.44204936336256,-13.5963766914969,7.55));
#6260=CARTESIAN_POINT('',(-6.44204936336256,-8.23618176042508,7.55));
#6261=CARTESIAN_POINT('',(-6.44204936336256,-8.23618176042508,7.55));
#6262=CARTESIAN_POINT('',(0.,-4.65,-8.67361737988404E-16));
#6263=CARTESIAN_POINT('',(-9.62964972193618E-32,-4.65,0.));
#6264=CARTESIAN_POINT('',(9.66643677887565,-4.65,2.75));
#6265=CARTESIAN_POINT('',(6.7793294347428,-4.65,7.41910994764398));
#6266=CARTESIAN_POINT('',(9.75997438521229,-4.65,2.75000000000001));
#6267=CARTESIAN_POINT('',(9.19768992736763,-4.65,2.75));
#6268=CARTESIAN_POINT('',(0.,-4.65,-8.67361737988404E-16));
#6269=CARTESIAN_POINT('',(6.47577737050058,-4.65,7.0869109947644));
#6270=CARTESIAN_POINT('',(6.44204936336256,-4.65,7.05));
#6271=CARTESIAN_POINT('',(6.44204936336256,-4.65,7.1));
#6272=CARTESIAN_POINT('',(-6.44204936336256,-4.65,7.1));
#6273=CARTESIAN_POINT('',(-6.44204936336256,-4.65,7.1));
#6274=CARTESIAN_POINT('',(-6.44204936336256,-4.65,7.05));
#6275=CARTESIAN_POINT('',(-6.47577737050059,-4.65,7.08691099476439));
#6276=CARTESIAN_POINT('',(0.,-4.65,-8.67361737988404E-16));
#6277=CARTESIAN_POINT('',(-9.19768992736764,-4.65,2.74999999999998));
#6278=CARTESIAN_POINT('',(-9.19768992736763,-4.65,2.74999999999999));
#6279=CARTESIAN_POINT('',(-9.66643677887566,-4.65,2.74999999999999));
#6280=CARTESIAN_POINT('',(-9.62964972193618E-32,-4.65,0.));
#6281=CARTESIAN_POINT('',(-6.7793294347428,-4.65,7.41910994764398));
#6282=CARTESIAN_POINT('',(-6.44204936336256,-4.65,7.05));
#6283=CARTESIAN_POINT('',(-4.25,-4.65,8.95));
#6284=CARTESIAN_POINT('',(-4.25,-4.65,8.95));
#6285=CARTESIAN_POINT('',(-4.25,-4.65,8.95));
#6286=CARTESIAN_POINT('',(4.25,-4.65,8.95));
#6287=CARTESIAN_POINT('',(4.25,-4.65,8.95));
#6288=CARTESIAN_POINT('',(6.44204936336256,-4.65,7.05));
#6289=CARTESIAN_POINT('',(-6.44204936336256,-4.65,-7.05));
#6290=CARTESIAN_POINT('',(-9.62964972193618E-32,-4.65,0.));
#6291=CARTESIAN_POINT('',(-9.66643677887566,-4.65,-2.75));
#6292=CARTESIAN_POINT('',(-6.7793294347428,-4.65,-7.41910994764398));
#6293=CARTESIAN_POINT('',(-9.75997438521229,-4.65,-2.75));
#6294=CARTESIAN_POINT('',(-9.19768992736763,-4.65,-2.75));
#6295=CARTESIAN_POINT('',(0.,-4.65,-8.67361737988404E-16));
#6296=CARTESIAN_POINT('',(-6.47577737050058,-4.65,-7.0869109947644));
#6297=CARTESIAN_POINT('',(-6.44204936336256,-4.65,-7.05));
#6298=CARTESIAN_POINT('',(-6.44204936336256,-4.65,-7.1));
#6299=CARTESIAN_POINT('',(6.44204936336256,-4.65,-7.1));
#6300=CARTESIAN_POINT('',(6.44204936336256,-4.65,-7.1));
#6301=CARTESIAN_POINT('',(6.44204936336256,-4.65,-7.05));
#6302=CARTESIAN_POINT('',(6.47577737050059,-4.65,-7.0869109947644));
#6303=CARTESIAN_POINT('',(0.,-4.65,-8.67361737988404E-16));
#6304=CARTESIAN_POINT('',(9.19768992736763,-4.65,-2.75));
#6305=CARTESIAN_POINT('',(9.19768992736763,-4.65,-2.75));
#6306=CARTESIAN_POINT('',(9.66643677887565,-4.65,-2.75));
#6307=CARTESIAN_POINT('',(-9.62964972193618E-32,-4.65,0.));
#6308=CARTESIAN_POINT('',(6.7793294347428,-4.65,-7.41910994764398));
#6309=CARTESIAN_POINT('',(6.44204936336256,-4.65,-7.05));
#6310=CARTESIAN_POINT('',(6.44204936336256,-4.65,-7.55));
#6311=CARTESIAN_POINT('',(-6.44204936336256,-4.65,-7.55));
#6312=CARTESIAN_POINT('',(-6.44204936336256,-4.65,-7.55));
#6313=CARTESIAN_POINT('',(-6.44204936336256,-4.65,-7.05));
#6314=CARTESIAN_POINT('',(8.05,-3.45,2.75));
#6315=CARTESIAN_POINT('',(9.66643677887565,-13.5963766914969,2.75));
#6316=CARTESIAN_POINT('',(9.66643677887565,-8.23618176042509,2.75));
#6317=CARTESIAN_POINT('',(9.66643677887565,-8.23618176042509,2.75));
#6318=CARTESIAN_POINT('',(9.56922639199442,-8.37013552721865,2.75));
#6319=CARTESIAN_POINT('',(9.40586542067654,-8.45,2.75));
#6320=CARTESIAN_POINT('',(9.23943180071155,-8.45,2.75));
#6321=CARTESIAN_POINT('',(9.23943180071156,-8.45,2.75));
#6322=CARTESIAN_POINT('',(9.75997438521229,-8.45,2.75));
#6323=CARTESIAN_POINT('',(8.05,-8.45,2.75));
#6324=CARTESIAN_POINT('',(8.05,-3.45,2.75));
#6325=CARTESIAN_POINT('',(8.05,-1.,2.75));
#6326=CARTESIAN_POINT('',(8.05,-1.,2.75));
#6327=CARTESIAN_POINT('',(9.19768992736763,-1.,2.75));
#6328=CARTESIAN_POINT('',(9.19768992736763,-3.45,2.75));
#6329=CARTESIAN_POINT('',(8.05,-3.45,-2.75));
#6330=CARTESIAN_POINT('',(9.66643677887565,-13.5963766914969,-2.75));
#6331=CARTESIAN_POINT('',(9.66643677887565,-8.23618176042509,-2.75));
#6332=CARTESIAN_POINT('',(9.19768992736763,-3.45,-2.75));
#6333=CARTESIAN_POINT('',(9.19768992736763,-1.,-2.75));
#6334=CARTESIAN_POINT('',(8.05,-1.,-2.75));
#6335=CARTESIAN_POINT('',(8.05,-1.,-2.75));
#6336=CARTESIAN_POINT('',(8.05,-3.45,-2.75));
#6337=CARTESIAN_POINT('',(8.05,-8.45,-2.75));
#6338=CARTESIAN_POINT('',(9.75997438521229,-8.45,-2.75));
#6339=CARTESIAN_POINT('',(9.23943180071156,-8.45,-2.75));
#6340=CARTESIAN_POINT('',(9.23943180071156,-8.45,-2.75));
#6341=CARTESIAN_POINT('',(9.40629059007434,-8.45,-2.75));
#6342=CARTESIAN_POINT('',(9.56950408561042,-8.36975287154711,-2.75));
#6343=CARTESIAN_POINT('',(9.66643677887568,-8.2361817604251,-2.75));
#6344=CARTESIAN_POINT('',(-9.19768992736763,-3.45,-2.75));
#6345=CARTESIAN_POINT('',(-9.66643677887565,-13.5963766914969,-2.75));
#6346=CARTESIAN_POINT('',(-9.66643677887566,-8.23618176042509,-2.75));
#6347=CARTESIAN_POINT('',(-9.66643677887566,-8.23618176042509,-2.75));
#6348=CARTESIAN_POINT('',(-9.56922639199443,-8.37013552721865,-2.75));
#6349=CARTESIAN_POINT('',(-9.40586542067654,-8.45,-2.75));
#6350=CARTESIAN_POINT('',(-9.23943180071156,-8.45,-2.75));
#6351=CARTESIAN_POINT('',(-9.23943180071156,-8.45,-2.75));
#6352=CARTESIAN_POINT('',(-9.75997438521229,-8.45,-2.75));
#6353=CARTESIAN_POINT('',(-8.05,-8.45,-2.75));
#6354=CARTESIAN_POINT('',(-8.05,-3.45,-2.75));
#6355=CARTESIAN_POINT('',(-8.05,-1.,-2.75));
#6356=CARTESIAN_POINT('',(-9.19768992736763,-1.,-2.75));
#6357=CARTESIAN_POINT('',(-9.19768992736763,-1.,-2.75));
#6358=CARTESIAN_POINT('',(-9.19768992736763,-3.45,-2.75));
#6359=CARTESIAN_POINT('',(-9.19768992736763,-3.45,2.75));
#6360=CARTESIAN_POINT('',(-9.66643677887566,-13.5963766914969,2.75));
#6361=CARTESIAN_POINT('',(-9.66643677887565,-8.23618176042509,2.75));
#6362=CARTESIAN_POINT('',(-9.19768992736763,-3.45,2.75));
#6363=CARTESIAN_POINT('',(-9.19768992736763,-1.,2.75));
#6364=CARTESIAN_POINT('',(-9.19768992736763,-1.,2.75));
#6365=CARTESIAN_POINT('',(-8.05,-1.,2.75));
#6366=CARTESIAN_POINT('',(-8.05,-3.45,2.75));
#6367=CARTESIAN_POINT('',(-8.05,-8.45,2.75));
#6368=CARTESIAN_POINT('',(-9.75997438521229,-8.45,2.74999999999999));
#6369=CARTESIAN_POINT('',(-9.23943180071156,-8.45,2.74999999999999));
#6370=CARTESIAN_POINT('',(-9.23943180071156,-8.45,2.74999999999999));
#6371=CARTESIAN_POINT('',(-9.40629059007434,-8.45,2.74999999999999));
#6372=CARTESIAN_POINT('',(-9.56950408561042,-8.36975287154711,2.75));
#6373=CARTESIAN_POINT('',(-9.66643677887568,-8.2361817604251,2.75));
#6374=CARTESIAN_POINT('',(-9.19768992736763,-3.45,3.25));
#6375=CARTESIAN_POINT('',(-8.49985293990431,-3.95,3.25));
#6376=CARTESIAN_POINT('',(-8.49985293990431,-7.95,3.25));
#6377=CARTESIAN_POINT('',(-8.49985293990431,-0.5,3.25));
#6378=CARTESIAN_POINT('',(-6.44204936336256,-7.95,3.25));
#6379=CARTESIAN_POINT('',(-8.05,-7.95,3.25));
#6380=CARTESIAN_POINT('',(-8.05,-3.45,3.25));
#6381=CARTESIAN_POINT('',(-8.05,-0.5,3.25));
#6382=CARTESIAN_POINT('',(-9.19768992736763,-0.5,3.25));
#6383=CARTESIAN_POINT('',(-6.44204936336256,-7.95,7.05));
#6384=CARTESIAN_POINT('',(0.,-7.95,-5.87830398373236E-16));
#6385=CARTESIAN_POINT('',(-3.03315017762061,-7.95,-4.1));
#6386=CARTESIAN_POINT('',(-1.05847990358634,-7.95,4.98894981871975));
#6387=CARTESIAN_POINT('',(-6.44204936336256,-7.95,-4.1));
#6388=CARTESIAN_POINT('',(3.03315017762062,-7.95,-4.1));
#6389=CARTESIAN_POINT('',(0.,-7.95,-5.87830398373236E-16));
#6390=CARTESIAN_POINT('',(1.05847990358635,-7.95,4.98894981871975));
#6391=CARTESIAN_POINT('',(0.446476974249142,-7.95,3.77492598669475));
#6392=CARTESIAN_POINT('',(0.53577236909897,-7.95,3.95206033073323));
#6393=CARTESIAN_POINT('',(1.11130722679764E-15,-7.95,4.22214914669953));
#6394=CARTESIAN_POINT('',(-0.535772369098969,-7.95,3.95206033073323));
#6395=CARTESIAN_POINT('',(-0.44647697424914,-7.95,3.77492598669475));
#6396=CARTESIAN_POINT('',(-6.44204936336256,-7.95,6.59999999999999));
#6397=CARTESIAN_POINT('',(-6.26498204307084,-7.95,6.59999999999999));
#6398=CARTESIAN_POINT('',(6.26498204307084,-7.95,6.6));
#6399=CARTESIAN_POINT('',(0.,-7.95,0.));
#6400=CARTESIAN_POINT('',(8.49985293990431,-7.95,3.25));
#6401=CARTESIAN_POINT('',(-6.44204936336255,-7.95,3.24999999999997));
#6402=CARTESIAN_POINT('',(8.05,-7.95,3.25));
#6403=CARTESIAN_POINT('',(8.05,-7.95,1.75));
#6404=CARTESIAN_POINT('',(6.55,-7.95,1.75));
#6405=CARTESIAN_POINT('',(6.55,-7.95,7.05));
#6406=CARTESIAN_POINT('',(6.55,-7.95,-1.75));
#6407=CARTESIAN_POINT('',(8.05,-7.95,-1.75));
#6408=CARTESIAN_POINT('',(8.05,-7.95,-3.25));
#6409=CARTESIAN_POINT('',(-6.44204936336257,-7.95,-3.24999999999999));
#6410=CARTESIAN_POINT('',(9.07563220938357,-7.95,-3.25));
#6411=CARTESIAN_POINT('',(0.,-7.95,-5.87830398373236E-16));
#6412=CARTESIAN_POINT('',(6.50275977621099,-7.95,-7.11643979057593));
#6413=CARTESIAN_POINT('',(6.44204936336256,-7.95,-7.05));
#6414=CARTESIAN_POINT('',(6.44204936336256,-7.95,-7.14));
#6415=CARTESIAN_POINT('',(-6.44204936336256,-7.95,-7.14));
#6416=CARTESIAN_POINT('',(-6.44204936336256,-7.95,-7.14));
#6417=CARTESIAN_POINT('',(-6.44204936336256,-7.95,-7.05));
#6418=CARTESIAN_POINT('',(-6.50275977621101,-7.95,-7.11643979057591));
#6419=CARTESIAN_POINT('',(0.,-7.95,-5.87830398373236E-16));
#6420=CARTESIAN_POINT('',(-9.07563220938358,-7.95,-3.25));
#6421=CARTESIAN_POINT('',(-6.44204936336259,-7.95,-3.25));
#6422=CARTESIAN_POINT('',(-8.05,-7.95,-3.25));
#6423=CARTESIAN_POINT('',(-8.05,-7.95,-1.75));
#6424=CARTESIAN_POINT('',(-6.55,-7.95,-1.75));
#6425=CARTESIAN_POINT('',(-6.55,-7.95,7.05));
#6426=CARTESIAN_POINT('',(-6.55,-7.95,1.75));
#6427=CARTESIAN_POINT('',(-8.05,-7.95,1.75));
#6428=CARTESIAN_POINT('',(0.,-7.95,0.));
#6429=CARTESIAN_POINT('',(8.05,-3.45,3.25));
#6430=CARTESIAN_POINT('',(8.49985293990431,-3.95,3.25));
#6431=CARTESIAN_POINT('',(8.49985293990431,-0.5,3.25));
#6432=CARTESIAN_POINT('',(8.05,-0.5,3.25));
#6433=CARTESIAN_POINT('',(8.05,-0.5,3.25));
#6434=CARTESIAN_POINT('',(8.05,-3.45,3.25));
#6435=CARTESIAN_POINT('',(6.44204936336256,-8.45,-7.14));
#6436=CARTESIAN_POINT('',(6.44204936336256,-5.15,-7.14));
#6437=CARTESIAN_POINT('',(-6.44204936336256,-5.15,-7.14));
#6438=CARTESIAN_POINT('',(6.44204936336256,-5.15,-7.14));
#6439=CARTESIAN_POINT('',(-6.44204936336256,-8.45,-7.14));
#6440=CARTESIAN_POINT('',(6.44204936336256,-8.45,-7.14));
#6441=CARTESIAN_POINT('',(8.05,-3.45,-3.25));
#6442=CARTESIAN_POINT('',(8.49985293990431,-3.95,-3.25));
#6443=CARTESIAN_POINT('',(8.49985293990431,-5.15,-3.25));
#6444=CARTESIAN_POINT('',(8.49985293990431,-0.5,-3.25));
#6445=CARTESIAN_POINT('',(8.49985293990431,-5.15,-3.25));
#6446=CARTESIAN_POINT('',(9.07563220938354,-5.15,-3.25));
#6447=CARTESIAN_POINT('',(9.07563220938354,-7.95,-3.25));
#6448=CARTESIAN_POINT('',(8.05,-3.45,-3.25));
#6449=CARTESIAN_POINT('',(8.05,-0.5,-3.25));
#6450=CARTESIAN_POINT('',(8.05,-0.5,-3.25));
#6451=CARTESIAN_POINT('',(-9.19768992736763,-3.45,-3.25));
#6452=CARTESIAN_POINT('',(-9.07563220938362,-5.15,-3.25));
#6453=CARTESIAN_POINT('',(-8.49985293990431,-5.15,-3.25));
#6454=CARTESIAN_POINT('',(-9.07563220938354,-5.15,-3.25));
#6455=CARTESIAN_POINT('',(-8.49985293990431,-3.95,-3.25));
#6456=CARTESIAN_POINT('',(-8.49985293990431,-0.5,-3.25));
#6457=CARTESIAN_POINT('',(-9.19768992736763,-0.5,-3.25));
#6458=CARTESIAN_POINT('',(-8.05,-0.5,-3.25));
#6459=CARTESIAN_POINT('',(-8.05,-3.45,-3.25));
#6460=CARTESIAN_POINT('',(-9.07563220938354,-7.95,-3.25));
#6461=CARTESIAN_POINT('',(0.,-8.45,-5.87830398373236E-16));
#6462=CARTESIAN_POINT('',(0.,-5.15,-8.67361737988404E-16));
#6463=CARTESIAN_POINT('',(6.50275977621099,-5.15,-7.11643979057593));
#6464=CARTESIAN_POINT('',(6.50275977621099,-8.45,-7.11643979057593));
#6465=CARTESIAN_POINT('',(6.44204936336256,-8.45,-7.05));
#6466=CARTESIAN_POINT('',(6.44204936336256,-5.15,-7.05));
#6467=CARTESIAN_POINT('',(-6.44204936336256,-8.45,-7.05));
#6468=CARTESIAN_POINT('',(-6.44204936336256,-5.15,-7.05));
#6469=CARTESIAN_POINT('',(-6.502759776211,-5.15,-7.11643979057592));
#6470=CARTESIAN_POINT('',(-6.50275977621101,-8.45,-7.11643979057591));
#6471=CARTESIAN_POINT('',(0.,-8.45,-5.87830398373236E-16));
#6472=CARTESIAN_POINT('',(0.,-5.15,-8.67361737988404E-16));
#6473=CARTESIAN_POINT('',(0.,-10.75,-5.87830398373236E-16));
#6474=CARTESIAN_POINT('',(0.,-10.75,0.));
#6475=CARTESIAN_POINT('',(1.,-10.75,7.30968955572075E-17));
#6476=CARTESIAN_POINT('',(3.,-10.75,-3.9));
#6477=CARTESIAN_POINT('',(-2.96647939483826,-10.75,-3.9));
#6478=CARTESIAN_POINT('',(2.96647939483827,-10.75,-3.9));
#6479=CARTESIAN_POINT('',(0.,-10.75,-5.87830398373236E-16));
#6480=CARTESIAN_POINT('',(0.443558691647929,-10.75,4.87988275341361));
#6481=CARTESIAN_POINT('',(8.97381311840034E-16,-10.75,4.));
#6482=CARTESIAN_POINT('',(0.0892953948498296,-10.75,4.17713434403848));
#6483=CARTESIAN_POINT('',(1.11130722679764E-15,-10.75,4.22214914669953));
#6484=CARTESIAN_POINT('',(-0.0892953948498274,-10.75,4.17713434403848));
#6485=CARTESIAN_POINT('',(8.97381311840034E-16,-10.75,4.));
#6486=CARTESIAN_POINT('',(-0.443558691647926,-10.75,4.87988275341361));
#6487=CARTESIAN_POINT('',(0.,-10.75,-5.87830398373236E-16));
#6488=CARTESIAN_POINT('',(-2.58929539484983,-10.75,1.79156666666667));
#6489=CARTESIAN_POINT('',(-2.38929539484983,-10.75,1.79156666666667));
#6490=CARTESIAN_POINT('',(2.21070460515017,-10.75,1.79156666666667));
#6491=CARTESIAN_POINT('',(-2.38929539484983,-10.75,1.99156666666667));
#6492=CARTESIAN_POINT('',(-2.58929539484983,-10.75,1.99156666666667));
#6493=CARTESIAN_POINT('',(-2.58929539484983,-10.75,3.29156666666667));
#6494=CARTESIAN_POINT('',(-2.58929539484983,-10.75,3.09156666666667));
#6495=CARTESIAN_POINT('',(-2.38929539484983,-10.75,3.09156666666667));
#6496=CARTESIAN_POINT('',(-2.38929539484983,-10.75,3.29156666666667));
#6497=CARTESIAN_POINT('',(-0.0892953948498273,-10.75,3.29156666666667));
#6498=CARTESIAN_POINT('',(2.21070460515017,-10.75,3.29156666666667));
#6499=CARTESIAN_POINT('',(2.21070460515017,-10.75,3.09156666666667));
#6500=CARTESIAN_POINT('',(2.41070460515017,-10.75,3.09156666666667));
#6501=CARTESIAN_POINT('',(2.41070460515017,-10.75,1.79156666666667));
#6502=CARTESIAN_POINT('',(2.41070460515017,-10.75,1.99156666666667));
#6503=CARTESIAN_POINT('',(2.21070460515017,-10.75,1.99156666666667));
#6504=CARTESIAN_POINT('',(0.,-10.25,-5.87830398373236E-16));
#6505=CARTESIAN_POINT('',(-3.,-10.25,-3.5));
#6506=CARTESIAN_POINT('',(-2.8284271247468,-10.25,-3.5));
#6507=CARTESIAN_POINT('',(2.8284271247468,-10.25,-3.5));
#6508=CARTESIAN_POINT('',(0.,-10.25,-5.87830398373236E-16));
#6509=CARTESIAN_POINT('',(-0.777847743491518,-10.25,4.43226272776621));
#6510=CARTESIAN_POINT('',(-0.44647697424914,-10.25,3.77492598669475));
#6511=CARTESIAN_POINT('',(-0.535772369098969,-10.25,3.95206033073323));
#6512=CARTESIAN_POINT('',(1.11130722679764E-15,-10.25,4.22214914669953));
#6513=CARTESIAN_POINT('',(0.53577236909897,-10.25,3.95206033073323));
#6514=CARTESIAN_POINT('',(0.446476974249142,-10.25,3.77492598669475));
#6515=CARTESIAN_POINT('',(0.77784774349152,-10.25,4.43226272776621));
#6516=CARTESIAN_POINT('',(0.,-10.25,-5.87830398373236E-16));
#6517=CARTESIAN_POINT('',(0.,-10.25,0.));
#6518=CARTESIAN_POINT('',(0.,-10.25,1.));
#6519=CARTESIAN_POINT('',(-2.58929539484983,-10.25,-1.52571843803144E-15));
#6520=CARTESIAN_POINT('',(-2.58929539484983,-10.25,1.99156666666667));
#6521=CARTESIAN_POINT('',(-2.58929539484983,-10.25,3.09156666666667));
#6522=CARTESIAN_POINT('',(-2.38929539484983,-10.25,1.99156666666667));
#6523=CARTESIAN_POINT('',(-2.38929539484983,-10.25,1.79156666666667));
#6524=CARTESIAN_POINT('',(-1.30957961517108E-16,-10.25,1.79156666666667));
#6525=CARTESIAN_POINT('',(2.21070460515017,-10.25,1.79156666666667));
#6526=CARTESIAN_POINT('',(2.21070460515017,-10.25,1.99156666666667));
#6527=CARTESIAN_POINT('',(2.41070460515017,-10.25,1.99156666666667));
#6528=CARTESIAN_POINT('',(2.41070460515017,-10.25,-4.11615375631294E-16));
#6529=CARTESIAN_POINT('',(2.41070460515017,-10.25,3.09156666666667));
#6530=CARTESIAN_POINT('',(2.21070460515017,-10.25,3.09156666666667));
#6531=CARTESIAN_POINT('',(2.21070460515017,-10.25,3.29156666666667));
#6532=CARTESIAN_POINT('',(-8.11599101793859E-16,-10.25,3.29156666666667));
#6533=CARTESIAN_POINT('',(-2.38929539484983,-10.25,3.29156666666667));
#6534=CARTESIAN_POINT('',(-2.38929539484983,-10.25,3.09156666666667));
#6535=CARTESIAN_POINT('',(0.,-8.55,-5.87830398373236E-16));
#6536=CARTESIAN_POINT('',(0.,-8.55,-5.87830398373236E-16));
#6537=CARTESIAN_POINT('',(-0.491884491906999,-8.55,4.97574613968814));
#6538=CARTESIAN_POINT('',(-3.02701979065129,-8.55,-3.97959183673469));
#6539=CARTESIAN_POINT('',(-0.54006641284218,-8.45,5.07132411404751));
#6540=CARTESIAN_POINT('',(-0.515452075139757,-8.45,5.02249690890224));
#6541=CARTESIAN_POINT('',(-0.491884491906997,-8.49520268263196,4.97574613968813));
#6542=CARTESIAN_POINT('',(-0.491884491906997,-8.55,4.97574613968813));
#6543=CARTESIAN_POINT('',(-0.54006641284218,-8.45,5.07132411404751));
#6544=CARTESIAN_POINT('',(0.,-8.45,-5.87830398373236E-16));
#6545=CARTESIAN_POINT('',(-3.08756018646432,-8.45,-4.05918367346939));
#6546=CARTESIAN_POINT('',(-3.08756018646432,-8.55,-4.05918367346939));
#6547=CARTESIAN_POINT('',(0.,-8.55,-5.87830398373236E-16));
#6548=CARTESIAN_POINT('',(0.,-8.45,-5.87830398373236E-16));
#6549=CARTESIAN_POINT('',(0.540066412842184,-8.45,5.07132411404751));
#6550=CARTESIAN_POINT('',(3.08756018646432,-8.45,-4.05918367346939));
#6551=CARTESIAN_POINT('',(0.491884491907003,-8.55,4.97574613968814));
#6552=CARTESIAN_POINT('',(0.491884491907003,-8.49528156626599,4.97574613968814));
#6553=CARTESIAN_POINT('',(0.515478235162778,-8.4499999999936,5.02254880226724));
#6554=CARTESIAN_POINT('',(0.540066412841273,-8.44999999999264,5.07132411404571));
#6555=CARTESIAN_POINT('',(0.491884491907003,-8.55,4.97574613968814));
#6556=CARTESIAN_POINT('',(0.,-8.55,-5.87830398373236E-16));
#6557=CARTESIAN_POINT('',(3.02701979065129,-8.55,-3.97959183673469));
#6558=CARTESIAN_POINT('',(3.08756018646432,-8.55,-4.05918367346939));
#6559=CARTESIAN_POINT('',(0.,-10.75,-5.87830398373236E-16));
#6560=CARTESIAN_POINT('',(0.491884491907003,-10.6500036906617,4.97574613968814));
#6561=CARTESIAN_POINT('',(0.491884491907003,-10.6500036906617,4.97574613968814));
#6562=CARTESIAN_POINT('',(0.,-10.65,-5.87830398373236E-16));
#6563=CARTESIAN_POINT('',(3.02701979065129,-10.65,-3.97959183673469));
#6564=CARTESIAN_POINT('',(3.02701979065129,-10.75,-3.97959183673469));
#6565=CARTESIAN_POINT('',(-6.44204936336256,-1.,-7.05));
#6566=CARTESIAN_POINT('',(0.,-1.,0.));
#6567=CARTESIAN_POINT('',(8.05,-1.,1.75));
#6568=CARTESIAN_POINT('',(7.05,-1.,1.75));
#6569=CARTESIAN_POINT('',(7.05,-1.,1.75));
#6570=CARTESIAN_POINT('',(7.05,-1.,-1.75));
#6571=CARTESIAN_POINT('',(8.05,-1.,-1.75));
#6572=CARTESIAN_POINT('',(-6.44204936336256,-1.,-7.05));
#6573=CARTESIAN_POINT('',(0.,-1.,0.));
#6574=CARTESIAN_POINT('',(-8.05,-1.,-1.75));
#6575=CARTESIAN_POINT('',(-7.05,-1.,-1.75));
#6576=CARTESIAN_POINT('',(-7.05,-1.,1.75));
#6577=CARTESIAN_POINT('',(-7.05,-1.,1.75));
#6578=CARTESIAN_POINT('',(-8.05,-1.,1.75));
#6579=CARTESIAN_POINT('',(-6.44204936336256,-1.,-7.05));
#6580=CARTESIAN_POINT('',(-6.44204936336256,0.,-7.05));
#6581=CARTESIAN_POINT('',(-6.47577737050059,0.,-7.0869109947644));
#6582=CARTESIAN_POINT('',(-6.44204936336256,0.,-7.1));
#6583=CARTESIAN_POINT('',(-6.44204936336256,-1.,-7.1));
#6584=CARTESIAN_POINT('',(-6.47577737050059,-1.,-7.0869109947644));
#6585=CARTESIAN_POINT('',(-6.44204936336256,-1.,-7.1));
#6586=CARTESIAN_POINT('',(-6.44204936336256,0.,-7.1));
#6587=CARTESIAN_POINT('',(6.44204936336256,0.,-7.1));
#6588=CARTESIAN_POINT('',(6.44204936336256,-1.,-7.1));
#6589=CARTESIAN_POINT('',(6.44204936336256,-1.,-7.05));
#6590=CARTESIAN_POINT('',(6.44204936336256,0.,-7.05));
#6591=CARTESIAN_POINT('',(6.47577737050059,0.,-7.0869109947644));
#6592=CARTESIAN_POINT('',(6.47577737050059,-1.,-7.0869109947644));
#6593=CARTESIAN_POINT('',(0.,-1.,0.));
#6594=CARTESIAN_POINT('',(0.,0.,0.));
#6595=CARTESIAN_POINT('',(6.47577737050059,0.,7.0869109947644));
#6596=CARTESIAN_POINT('',(6.47577737050059,-1.,7.0869109947644));
#6597=CARTESIAN_POINT('',(6.44204936336256,-1.,7.05));
#6598=CARTESIAN_POINT('',(6.44204936336256,0.,7.05));
#6599=CARTESIAN_POINT('',(6.44204936336256,0.,7.1));
#6600=CARTESIAN_POINT('',(6.44204936336256,-1.,7.1));
#6601=CARTESIAN_POINT('',(-6.44204936336256,-1.,7.1));
#6602=CARTESIAN_POINT('',(-6.44204936336256,0.,7.1));
#6603=CARTESIAN_POINT('',(-6.44204936336256,0.,7.1));
#6604=CARTESIAN_POINT('',(-6.44204936336256,-1.,7.1));
#6605=CARTESIAN_POINT('',(-6.44204936336256,-1.,7.05));
#6606=CARTESIAN_POINT('',(-6.44204936336256,0.,7.05));
#6607=CARTESIAN_POINT('',(-6.47577737050059,0.,7.0869109947644));
#6608=CARTESIAN_POINT('',(-6.47577737050059,-1.,7.0869109947644));
#6609=CARTESIAN_POINT('',(0.,-1.,0.));
#6610=CARTESIAN_POINT('',(0.,0.,0.));
#6611=CARTESIAN_POINT('',(-6.44204936336256,0.,-7.05));
#6612=CARTESIAN_POINT('',(0.,0.,0.));
#6613=CARTESIAN_POINT('',(-6.26498204307084,0.,6.6));
#6614=CARTESIAN_POINT('',(-6.26498204307084,0.,-6.6));
#6615=CARTESIAN_POINT('',(-6.44204936336256,0.,-6.6));
#6616=CARTESIAN_POINT('',(6.26498204307084,0.,-6.6));
#6617=CARTESIAN_POINT('',(0.,0.,0.));
#6618=CARTESIAN_POINT('',(6.26498204307084,0.,6.6));
#6619=CARTESIAN_POINT('',(-6.44204936336256,0.,6.6));
#6620=CARTESIAN_POINT('',(8.05,-3.45,1.75));
#6621=CARTESIAN_POINT('',(8.05,-8.45,1.75));
#6622=CARTESIAN_POINT('',(7.05,-8.45,1.75));
#6623=CARTESIAN_POINT('',(7.05,-3.45,1.75));
#6624=CARTESIAN_POINT('',(7.05,-3.45,1.75));
#6625=CARTESIAN_POINT('',(7.05,-8.45,-1.75));
#6626=CARTESIAN_POINT('',(7.05,-8.45,-1.75));
#6627=CARTESIAN_POINT('',(7.05,-3.45,-1.75));
#6628=CARTESIAN_POINT('',(8.05,-3.45,-1.75));
#6629=CARTESIAN_POINT('',(8.05,-8.45,-1.75));
#6630=CARTESIAN_POINT('',(-8.05,-3.45,-1.75));
#6631=CARTESIAN_POINT('',(-8.05,-8.45,-1.75));
#6632=CARTESIAN_POINT('',(-7.05,-8.45,-1.75));
#6633=CARTESIAN_POINT('',(-7.05,-3.45,-1.75));
#6634=CARTESIAN_POINT('',(-7.05,-3.45,1.75));
#6635=CARTESIAN_POINT('',(-7.05,-8.45,-1.75));
#6636=CARTESIAN_POINT('',(-7.05,-8.45,1.75));
#6637=CARTESIAN_POINT('',(-7.05,-3.45,1.75));
#6638=CARTESIAN_POINT('',(-8.05,-3.45,1.75));
#6639=CARTESIAN_POINT('',(-8.05,-8.45,1.75));
#6640=CARTESIAN_POINT('',(-6.44204936336256,-8.45,7.05));
#6641=CARTESIAN_POINT('',(0.,-8.45,-5.87830398373236E-16));
#6642=CARTESIAN_POINT('',(6.502759776211,-8.45,7.11643979057592));
#6643=CARTESIAN_POINT('',(6.44204936336256,-8.45,7.05));
#6644=CARTESIAN_POINT('',(6.44204936336255,-8.45,7.14));
#6645=CARTESIAN_POINT('',(-6.44204936336256,-8.45,7.14));
#6646=CARTESIAN_POINT('',(-6.44204936336256,-8.45,7.14));
#6647=CARTESIAN_POINT('',(-6.44204936336256,-8.45,7.05));
#6648=CARTESIAN_POINT('',(-6.50275977621102,-8.45,7.11643979057591));
#6649=CARTESIAN_POINT('',(0.,-8.45,-5.87830398373236E-16));
#6650=CARTESIAN_POINT('',(0.,-8.45,-5.87830398373236E-16));
#6651=CARTESIAN_POINT('',(-6.50275977621101,-8.45,-7.11643979057591));
#6652=CARTESIAN_POINT('',(-6.44204936336256,-8.45,-7.05));
#6653=CARTESIAN_POINT('',(-6.44204936336256,-8.45,-7.14));
#6654=CARTESIAN_POINT('',(6.44204936336256,-8.45,-7.14));
#6655=CARTESIAN_POINT('',(6.44204936336256,-8.45,-7.14));
#6656=CARTESIAN_POINT('',(6.44204936336256,-8.45,-7.05));
#6657=CARTESIAN_POINT('',(6.50275977621099,-8.45,-7.11643979057594));
#6658=CARTESIAN_POINT('',(0.,-8.45,-5.87830398373236E-16));
#6659=CARTESIAN_POINT('',(8.97381311840034E-16,-8.45,4.));
#6660=CARTESIAN_POINT('',(-0.0892953948498274,-8.45,4.17713434403848));
#6661=CARTESIAN_POINT('',(1.11130722679764E-15,-8.45,4.22214914669953));
#6662=CARTESIAN_POINT('',(0.0892953948498296,-8.45,4.17713434403848));
#6663=CARTESIAN_POINT('',(8.97381311840034E-16,-8.45,4.));
#6664=CARTESIAN_POINT('',(2.96647939483827,-8.45,-3.9));
#6665=CARTESIAN_POINT('',(2.96647939483827,-8.45,-4.1));
#6666=CARTESIAN_POINT('',(-6.44204936336256,-8.45,-4.1));
#6667=CARTESIAN_POINT('',(-2.96647939483826,-8.45,-4.1));
#6668=CARTESIAN_POINT('',(-2.96647939483826,-8.45,-3.9));
#6669=CARTESIAN_POINT('',(-3.,-10.75,-4.));
#6670=CARTESIAN_POINT('',(-3.,-8.55,-4.));
#6671=CARTESIAN_POINT('',(-2.96647939483826,-8.55,-4.));
#6672=CARTESIAN_POINT('',(2.96647939483827,-8.55,-4.));
#6673=CARTESIAN_POINT('',(2.96647939483827,-10.75,-4.));
#6674=CARTESIAN_POINT('',(2.96647939483827,-10.65,-4.));
#6675=CARTESIAN_POINT('',(-3.,-10.65,-4.));
#6676=CARTESIAN_POINT('',(-2.96647939483826,-10.65,-4.));
#6677=CARTESIAN_POINT('',(-2.96647939483826,-10.75,-4.));
#6678=CARTESIAN_POINT('',(0.,-10.75,-5.87830398373236E-16));
#6679=CARTESIAN_POINT('',(-0.491884491906999,-10.6500036906618,4.97574613968814));
#6680=CARTESIAN_POINT('',(-0.491884491906999,-10.6500036906618,4.97574613968814));
#6681=CARTESIAN_POINT('',(-3.02701979065129,-10.75,-3.97959183673469));
#6682=CARTESIAN_POINT('',(-3.02701979065129,-10.65,-3.97959183673469));
#6683=CARTESIAN_POINT('',(0.,-10.65,-5.87830398373236E-16));
#6684=CARTESIAN_POINT('',(8.97381311840034E-16,-8.45,4.));
#6685=CARTESIAN_POINT('',(-0.491884491874152,-10.6500036906618,4.97574613962298));
#6686=CARTESIAN_POINT('',(-0.491883515541586,-10.7048283999461,4.97574420288224));
#6687=CARTESIAN_POINT('',(-0.46819424577512,-10.75,4.92875204535956));
#6688=CARTESIAN_POINT('',(-0.443558691647926,-10.75,4.87988275341361));
#6689=CARTESIAN_POINT('',(-0.0892953948498274,-8.45,4.17713434403848));
#6690=CARTESIAN_POINT('',(8.97381311840034E-16,-8.45,4.));
#6691=CARTESIAN_POINT('',(0.0892953948498295,-10.75,4.17713434403848));
#6692=CARTESIAN_POINT('',(0.443558691647929,-10.75,4.87988275341361));
#6693=CARTESIAN_POINT('',(0.468208965291674,-10.75,4.92878124431112));
#6694=CARTESIAN_POINT('',(0.491883514572438,-10.7048828224985,4.97574420095975));
#6695=CARTESIAN_POINT('',(0.491884491874156,-10.6500036906618,4.97574613962298));
#6696=CARTESIAN_POINT('',(1.11130722679764E-15,-8.45,4.22214914669953));
#6697=CARTESIAN_POINT('',(0.,-10.65,-5.87830398373236E-16));
#6698=CARTESIAN_POINT('',(2.96647939483827,-10.65,-3.9));
#6699=CARTESIAN_POINT('',(2.96647939483827,-10.65,-3.9));
#6700=CARTESIAN_POINT('',(2.96647939483827,-10.65,-3.9));
#6701=CARTESIAN_POINT('',(2.96647939483827,-10.65,-3.9));
#6702=CARTESIAN_POINT('',(0.,-10.65,-5.87830398373236E-16));
#6703=CARTESIAN_POINT('',(-2.96647939483826,-10.65,-3.9));
#6704=CARTESIAN_POINT('',(-3.,-10.65,-3.9));
#6705=CARTESIAN_POINT('',(-2.96647939483826,-10.65,-3.9));
#6706=CARTESIAN_POINT('',(2.96647939483827,-10.75,-3.9));
#6707=CARTESIAN_POINT('',(2.96647939483827,-8.55,-3.9));
#6708=CARTESIAN_POINT('',(-2.96647939483827,-10.65,-3.9));
#6709=CARTESIAN_POINT('',(-2.96647939483827,-10.65,-3.9));
#6710=CARTESIAN_POINT('',(2.96647939483827,-8.55,-3.9));
#6711=CARTESIAN_POINT('',(2.96647939483827,-8.55,-4.1));
#6712=CARTESIAN_POINT('',(-2.96647939483826,-10.75,-3.9));
#6713=CARTESIAN_POINT('',(-2.96647939483826,-8.55,-3.9));
#6714=CARTESIAN_POINT('',(-6.44204936336256,-8.55,-4.1));
#6715=CARTESIAN_POINT('',(-2.96647939483826,-8.55,-4.1));
#6716=CARTESIAN_POINT('',(-2.96647939483826,-8.55,-3.9));
#6717=CARTESIAN_POINT('',(0.,-7.95,-5.87830398373236E-16));
#6718=CARTESIAN_POINT('',(0.,-8.23618176042509,-5.87830398373236E-16));
#6719=CARTESIAN_POINT('',(-6.7793294347428,-8.23618176042509,-7.41910994764398));
#6720=CARTESIAN_POINT('',(-6.50275977621101,-7.95,-7.11643979057591));
#6721=CARTESIAN_POINT('',(-6.44204936336256,-7.95,-7.05));
#6722=CARTESIAN_POINT('',(-6.44204936336256,-8.23618176042508,-7.05));
#6723=CARTESIAN_POINT('',(-6.44204936336256,-8.23618176042508,-7.55));
#6724=CARTESIAN_POINT('',(-6.44204936336256,-7.95,-7.14));
#6725=CARTESIAN_POINT('',(6.44204936336256,-7.95,-7.14));
#6726=CARTESIAN_POINT('',(6.44204936336256,-8.23618176042508,-7.55));
#6727=CARTESIAN_POINT('',(6.44204936336256,-8.23618176042508,-7.55));
#6728=CARTESIAN_POINT('',(6.44204936336256,-7.95,-7.14));
#6729=CARTESIAN_POINT('',(6.44204936336256,-7.95,-7.05));
#6730=CARTESIAN_POINT('',(6.44204936336256,-8.23618176042508,-7.05));
#6731=CARTESIAN_POINT('',(6.7793294347428,-8.23618176042509,-7.41910994764398));
#6732=CARTESIAN_POINT('',(6.50275977621099,-7.95,-7.11643979057594));
#6733=CARTESIAN_POINT('',(0.,-7.95,-5.87830398373236E-16));
#6734=CARTESIAN_POINT('',(0.,-8.23618176042509,-5.87830398373236E-16));
#6735=CARTESIAN_POINT('',(0.,-7.95,-5.87830398373236E-16));
#6736=CARTESIAN_POINT('',(0.,-8.23618176042509,-5.87830398373236E-16));
#6737=CARTESIAN_POINT('',(6.7793294347428,-8.23618176042508,7.41910994764398));
#6738=CARTESIAN_POINT('',(6.502759776211,-7.95,7.11643979057592));
#6739=CARTESIAN_POINT('',(6.44204936336256,-7.95,7.05));
#6740=CARTESIAN_POINT('',(6.44204936336256,-8.23618176042508,7.05));
#6741=CARTESIAN_POINT('',(6.44204936336255,-7.95,7.14));
#6742=CARTESIAN_POINT('',(-6.44204936336256,-7.95,7.14));
#6743=CARTESIAN_POINT('',(-6.44204936336256,-7.95,7.14));
#6744=CARTESIAN_POINT('',(-4.25,-8.23618176042508,7.55));
#6745=CARTESIAN_POINT('',(-6.44204936336256,-7.95,7.05));
#6746=CARTESIAN_POINT('',(-6.44204936336256,-8.23618176042508,7.05));
#6747=CARTESIAN_POINT('',(-6.7793294347428,-8.23618176042509,7.41910994764398));
#6748=CARTESIAN_POINT('',(-6.50275977621102,-7.95,7.11643979057591));
#6749=CARTESIAN_POINT('',(0.,-7.95,-5.87830398373236E-16));
#6750=CARTESIAN_POINT('',(0.,-8.23618176042509,-5.87830398373236E-16));
#6751=CARTESIAN_POINT('',(0.,-8.55,-5.87830398373236E-16));
#6752=CARTESIAN_POINT('',(0.,-8.55,-5.87830398373236E-16));
#6753=CARTESIAN_POINT('',(-0.777847743491497,-8.55,4.43226272776617));
#6754=CARTESIAN_POINT('',(-2.82842712474619,-8.54999999999999,-3.5));
#6755=CARTESIAN_POINT('',(-3.03315017762062,-7.95,-4.1));
#6756=CARTESIAN_POINT('',(-2.98281530259709,-7.95,-3.94737683808793));
#6757=CARTESIAN_POINT('',(-2.87801585712605,-8.07091692506336,-3.63892602263319));
#6758=CARTESIAN_POINT('',(-2.82842712474678,-8.38911358905691,-3.49999999999999));
#6759=CARTESIAN_POINT('',(-2.82842712474678,-8.55,-3.49999999999999));
#6760=CARTESIAN_POINT('',(-1.05847990358634,-7.95,4.98894981871975));
#6761=CARTESIAN_POINT('',(-0.913081107971488,-7.95,4.70052374334894));
#6762=CARTESIAN_POINT('',(-0.777847743491451,-8.22664018520046,4.43226272776608));
#6763=CARTESIAN_POINT('',(-0.777847743491446,-8.54999999999998,4.43226272776607));
#6764=CARTESIAN_POINT('',(0.,-8.55,-5.87830398373236E-16));
#6765=CARTESIAN_POINT('',(3.03315017762062,-7.95,-4.1));
#6766=CARTESIAN_POINT('',(2.9828139636559,-7.95,-3.94737277807806));
#6767=CARTESIAN_POINT('',(2.87803141849141,-8.07087079424775,-3.63897111735099));
#6768=CARTESIAN_POINT('',(2.82842712474686,-8.38912194409416,-3.49999999999999));
#6769=CARTESIAN_POINT('',(2.82842712474686,-8.55,-3.49999999999999));
#6770=CARTESIAN_POINT('',(2.82842712474619,-8.54999999999999,-3.5));
#6771=CARTESIAN_POINT('',(0.,-8.55,-5.87830398373236E-16));
#6772=CARTESIAN_POINT('',(0.7778477434915,-8.55,4.43226272776617));
#6773=CARTESIAN_POINT('',(0.7778477434915,-8.55,4.43226272776617));
#6774=CARTESIAN_POINT('',(0.7778477434915,-8.22688124195722,4.43226272776617));
#6775=CARTESIAN_POINT('',(0.913176641875579,-7.95,4.70071325295873));
#6776=CARTESIAN_POINT('',(1.05847990358635,-7.95,4.98894981871975));
#6777=CARTESIAN_POINT('',(0.,-10.75,-5.87830398373236E-16));
#6778=CARTESIAN_POINT('',(2.82842712474619,-10.75,-3.5));
#6779=CARTESIAN_POINT('',(0.777847743491499,-10.25,4.43226272776617));
#6780=CARTESIAN_POINT('',(-6.44204936336256,-0.5,-7.05));
#6781=CARTESIAN_POINT('',(0.,-0.5,0.));
#6782=CARTESIAN_POINT('',(8.05,-0.5,-1.75));
#6783=CARTESIAN_POINT('',(6.55,-0.5,-1.75));
#6784=CARTESIAN_POINT('',(6.55,-0.5,1.75));
#6785=CARTESIAN_POINT('',(6.55,-0.5,1.75));
#6786=CARTESIAN_POINT('',(8.05,-0.5,1.75));
#6787=CARTESIAN_POINT('',(-6.44204936336256,-0.5,-7.05));
#6788=CARTESIAN_POINT('',(0.,-0.5,0.));
#6789=CARTESIAN_POINT('',(-8.05,-0.5,1.75));
#6790=CARTESIAN_POINT('',(-6.55,-0.5,1.75));
#6791=CARTESIAN_POINT('',(-6.55,-0.5,1.75));
#6792=CARTESIAN_POINT('',(-6.55,-0.5,-1.75));
#6793=CARTESIAN_POINT('',(-8.05,-0.5,-1.75));
#6794=CARTESIAN_POINT('',(-6.44204936336256,-1.,-6.6));
#6795=CARTESIAN_POINT('',(-6.26498204307083,-3.95,-6.6));
#6796=CARTESIAN_POINT('',(-6.26498204307083,-5.15,-6.6));
#6797=CARTESIAN_POINT('',(6.26498204307084,-5.15,-6.6));
#6798=CARTESIAN_POINT('',(6.26498204307083,-5.15,-6.6));
#6799=CARTESIAN_POINT('',(6.26498204307083,-3.95,-6.6));
#6800=CARTESIAN_POINT('',(0.,-1.,0.));
#6801=CARTESIAN_POINT('',(0.,-5.15,0.));
#6802=CARTESIAN_POINT('',(6.26498204307083,-3.95,6.6));
#6803=CARTESIAN_POINT('',(-6.44204936336256,-1.,6.6));
#6804=CARTESIAN_POINT('',(-6.26498204307083,-3.95,6.6));
#6805=CARTESIAN_POINT('',(0.,-1.,0.));
#6806=CARTESIAN_POINT('',(0.,-5.15,0.));
#6807=CARTESIAN_POINT('',(8.05,-3.45,1.75));
#6808=CARTESIAN_POINT('',(6.55,-3.45,1.75));
#6809=CARTESIAN_POINT('',(6.55,-3.45,1.75));
#6810=CARTESIAN_POINT('',(6.55,-3.45,-1.75));
#6811=CARTESIAN_POINT('',(8.05,-3.45,-1.75));
#6812=CARTESIAN_POINT('',(-8.05,-3.45,-1.75));
#6813=CARTESIAN_POINT('',(-6.55,-3.45,-1.75));
#6814=CARTESIAN_POINT('',(-6.55,-3.45,1.75));
#6815=CARTESIAN_POINT('',(-6.55,-3.45,1.75));
#6816=CARTESIAN_POINT('',(-8.05,-3.45,1.75));
#6817=CARTESIAN_POINT('',(-3.,-10.75,-3.5));
#6818=CARTESIAN_POINT('',(-3.,-8.55,-3.5));
#6819=CARTESIAN_POINT('',(-2.82842712474619,-10.75,-3.5));
#6820=CARTESIAN_POINT('',(0.,-10.75,-5.87830398373236E-16));
#6821=CARTESIAN_POINT('',(-0.777847743491497,-10.25,4.43226272776617));
#6822=CARTESIAN_POINT('',(-0.44647697424914,-8.45,3.77492598669475));
#6823=CARTESIAN_POINT('',(-0.535772369098969,-8.45,3.95206033073323));
#6824=CARTESIAN_POINT('',(0.446476974249142,-8.45,3.77492598669475));
#6825=CARTESIAN_POINT('',(0.53577236909897,-8.45,3.95206033073323));
#6826=CARTESIAN_POINT('',(1.11130722679764E-15,-8.45,4.22214914669953));
#6827=CARTESIAN_POINT('',(-6.44204936336256,-8.55,-4.1));
#6828=CARTESIAN_POINT('',(0.,9.41707020474347,0.));
#6829=CARTESIAN_POINT('',(-2.58929539484983,9.41707020474347,3.29156666666667));
#6830=CARTESIAN_POINT('',(-2.58929539484983,-10.75,3.09156666666667));
#6831=CARTESIAN_POINT('',(-2.58929539484983,-10.25,1.99156666666667));
#6832=CARTESIAN_POINT('',(-2.58929539484983,9.41707020474347,1.79156666666667));
#6833=CARTESIAN_POINT('',(-2.38929539484983,-10.75,1.79156666666667));
#6834=CARTESIAN_POINT('',(2.21070460515017,-10.25,1.79156666666667));
#6835=CARTESIAN_POINT('',(2.41070460515017,9.41707020474347,1.79156666666667));
#6836=CARTESIAN_POINT('',(2.41070460515017,-10.25,3.09156666666667));
#6837=CARTESIAN_POINT('',(2.41070460515017,-10.75,1.99156666666667));
#6838=CARTESIAN_POINT('',(-0.0892953948498273,9.41707020474347,3.29156666666667));
#6839=CARTESIAN_POINT('',(2.21070460515017,-10.75,3.29156666666667));
#6840=CARTESIAN_POINT('',(-2.38929539484983,-10.25,3.29156666666667));
#6841=CARTESIAN_POINT('',(2.21070460515017,9.41707020474347,3.09156666666667));
#6842=CARTESIAN_POINT('',(-2.38929539484983,9.41707020474347,3.09156666666667));
#6843=CARTESIAN_POINT('',(-2.38929539484983,9.41707020474347,1.99156666666667));
#6844=CARTESIAN_POINT('',(2.21070460515017,9.41707020474347,1.99156666666667));
#6845=CARTESIAN_POINT('',(0.,-5.15,0.));
#6846=CARTESIAN_POINT('',(-6.44204936336256,-13.5963766914969,-7.05));
#6847=CARTESIAN_POINT('',(-6.7793294347428,-13.5963766914969,-7.41910994764398));
#6848=CARTESIAN_POINT('',(-6.44204936336256,-13.5963766914969,-7.55));
#6849=CARTESIAN_POINT('',(-6.44204936336256,-13.5963766914969,-7.55));
#6850=CARTESIAN_POINT('',(6.44204936336256,-13.5963766914969,-7.55));
#6851=CARTESIAN_POINT('',(6.44204936336256,-13.5963766914969,-7.05));
#6852=CARTESIAN_POINT('',(6.7793294347428,-13.5963766914969,-7.41910994764398));
#6853=CARTESIAN_POINT('',(-9.62964972193618E-32,-13.5963766914969,0.));
#6854=CARTESIAN_POINT('',(-9.62964972193618E-32,-13.5963766914969,0.));
#6855=CARTESIAN_POINT('',(-6.44204936336256,-13.5963766914969,7.05));
#6856=CARTESIAN_POINT('',(-6.7793294347428,-13.5963766914969,7.41910994764398));
#6857=CARTESIAN_POINT('',(6.44204936336256,-13.5963766914969,7.05));
#6858=CARTESIAN_POINT('',(6.7793294347428,-13.5963766914969,7.41910994764398));
#6859=CARTESIAN_POINT('',(-9.62964972193618E-32,-13.5963766914969,0.));
#6860=CARTESIAN_POINT('',(-9.62964972193618E-32,-13.5963766914969,0.));
#6861=CARTESIAN_POINT('',(-4.25,-4.65,8.95));
#6862=CARTESIAN_POINT('',(-4.25,-8.23618176042508,8.95));
#6863=CARTESIAN_POINT('',(-4.25,-8.23618176042508,7.95));
#6864=CARTESIAN_POINT('',(-4.25,-7.23618176042508,7.95));
#6865=CARTESIAN_POINT('',(-4.25,-7.23618176042508,8.95));
#6866=CARTESIAN_POINT('',(-4.25,-4.65,8.95));
#6867=CARTESIAN_POINT('',(-4.25,-8.23618176042508,8.95));
#6868=CARTESIAN_POINT('',(4.25,-8.23618176042508,8.95));
#6869=CARTESIAN_POINT('',(4.25,-8.23618176042508,7.95));
#6870=CARTESIAN_POINT('',(-4.25,-8.23618176042508,7.95));
#6871=CARTESIAN_POINT('',(4.25,-4.65,8.95));
#6872=CARTESIAN_POINT('',(4.25,-4.65,8.95));
#6873=CARTESIAN_POINT('',(4.25,-7.23618176042508,8.95));
#6874=CARTESIAN_POINT('',(4.25,-7.23618176042508,7.95));
#6875=CARTESIAN_POINT('',(0.,0.,8.95));
#6876=CARTESIAN_POINT('',(4.25,-7.23618176042508,8.95));
#6877=CARTESIAN_POINT('',(0.,-7.23618176042508,7.95));
#6878=CARTESIAN_POINT('',(-4.14078493715664E-15,15.35,6.88338275267596E-16));
#6879=CARTESIAN_POINT('',(1.,-1.,0.3));
#6880=CARTESIAN_POINT('',(1.,-1.,0.));
#6881=CARTESIAN_POINT('',(1.,-1.,0.));
#6882=CARTESIAN_POINT('',(1.,2.,0.));
#6883=CARTESIAN_POINT('',(1.,1.89080892972014,0.3));
#6884=CARTESIAN_POINT('',(1.,1.89080892972014,0.3));
#6885=CARTESIAN_POINT('',(1.,-1.,0.3));
#6886=CARTESIAN_POINT('',(1.,-1.,0.3));
#6887=CARTESIAN_POINT('',(1.,-1.,0.3));
#6888=CARTESIAN_POINT('',(-1.,2.,0.3));
#6889=CARTESIAN_POINT('',(-1.,2.,0.3));
#6890=CARTESIAN_POINT('',(-1.,1.89080892972014,0.3));
#6891=CARTESIAN_POINT('',(-1.,-1.,0.3));
#6892=CARTESIAN_POINT('',(-1.,1.89080892972014,0.3));
#6893=CARTESIAN_POINT('',(-1.,2.,0.));
#6894=CARTESIAN_POINT('',(-1.,2.,0.));
#6895=CARTESIAN_POINT('',(-1.,-1.,0.));
#6896=CARTESIAN_POINT('',(-1.,-1.,0.3));
#6897=CARTESIAN_POINT('',(0.,-0.902152777777772,0.3));
#6898=CARTESIAN_POINT('',(0.,-0.902152777777772,0.));
#6899=CARTESIAN_POINT('',(0.5,-0.902152777777772,0.));
#6900=CARTESIAN_POINT('',(-0.5,-0.902152777777772,0.));
#6901=CARTESIAN_POINT('',(-0.5,-0.902152777777772,0.3));
#6902=CARTESIAN_POINT('',(-0.5,-0.902152777777772,0.3));
#6903=CARTESIAN_POINT('',(0.,-0.902152777777772,0.3));
#6904=CARTESIAN_POINT('',(0.5,-0.902152777777772,0.3));
#6905=CARTESIAN_POINT('',(0.5,-0.902152777777772,0.3));
#6906=CARTESIAN_POINT('',(-0.5,0.597847222222228,0.3));
#6907=CARTESIAN_POINT('',(-0.5,0.597847222222228,0.));
#6908=CARTESIAN_POINT('',(-0.5,0.597847222222228,0.));
#6909=CARTESIAN_POINT('',(-0.5,0.597847222222228,0.3));
#6910=CARTESIAN_POINT('',(-0.5,0.597847222222228,0.3));
#6911=CARTESIAN_POINT('',(-0.5,0.597847222222228,0.3));
#6912=CARTESIAN_POINT('',(0.,0.597847222222228,0.3));
#6913=CARTESIAN_POINT('',(0.,0.597847222222228,0.));
#6914=CARTESIAN_POINT('',(0.5,0.597847222222228,0.));
#6915=CARTESIAN_POINT('',(0.5,0.597847222222228,0.3));
#6916=CARTESIAN_POINT('',(0.5,0.597847222222228,0.3));
#6917=CARTESIAN_POINT('',(0.,0.597847222222228,0.3));
#6918=CARTESIAN_POINT('',(0.5,0.597847222222228,0.3));
#6919=CARTESIAN_POINT('',(0.5,0.597847222222228,0.));
#6920=CARTESIAN_POINT('',(0.5,0.597847222222228,0.3));
#6921=CARTESIAN_POINT('',(0.,-1.,0.3));
#6922=CARTESIAN_POINT('',(0.,-1.,0.));
#6923=CARTESIAN_POINT('',(0.,-1.,0.3));
#6924=CARTESIAN_POINT('',(0.,-1.,0.3));
#6925=CARTESIAN_POINT('',(-1.,1.89080892972014,0.3));
#6926=CARTESIAN_POINT('',(0.,-1.,0.));
#6927=CARTESIAN_POINT('',(1.,2.,0.));
#6928=CARTESIAN_POINT('',(0.,1.89080892972014,0.3));
#6929=CARTESIAN_POINT('',(6.1293852415718,22.8,8.65871981145126));
#6930=CARTESIAN_POINT('',(-6.1293852415718,22.8,8.65871981145126));
#6931=MECHANICAL_DESIGN_GEOMETRIC_PRESENTATION_REPRESENTATION('',(#3942,
#3943,#3944,#3945,#3946),#6932);
#6932=(
GEOMETRIC_REPRESENTATION_CONTEXT(3)
GLOBAL_UNCERTAINTY_ASSIGNED_CONTEXT((#6938))
GLOBAL_UNIT_ASSIGNED_CONTEXT((#6946,#6945,#6944))
REPRESENTATION_CONTEXT('FA-130 DC Motor','TOP_LEVEL_ASSEMBLY_PART')
);
#6933=(
GEOMETRIC_REPRESENTATION_CONTEXT(3)
GLOBAL_UNCERTAINTY_ASSIGNED_CONTEXT((#6939))
GLOBAL_UNIT_ASSIGNED_CONTEXT((#6946,#6945,#6944))
REPRESENTATION_CONTEXT('Motor Case','COMPONENT_PART')
);
#6934=(
GEOMETRIC_REPRESENTATION_CONTEXT(3)
GLOBAL_UNCERTAINTY_ASSIGNED_CONTEXT((#6940))
GLOBAL_UNIT_ASSIGNED_CONTEXT((#6946,#6945,#6944))
REPRESENTATION_CONTEXT('Front Bearing','COMPONENT_PART')
);
#6935=(
GEOMETRIC_REPRESENTATION_CONTEXT(3)
GLOBAL_UNCERTAINTY_ASSIGNED_CONTEXT((#6941))
GLOBAL_UNIT_ASSIGNED_CONTEXT((#6946,#6945,#6944))
REPRESENTATION_CONTEXT('Shaft','COMPONENT_PART')
);
#6936=(
GEOMETRIC_REPRESENTATION_CONTEXT(3)
GLOBAL_UNCERTAINTY_ASSIGNED_CONTEXT((#6942))
GLOBAL_UNIT_ASSIGNED_CONTEXT((#6946,#6945,#6944))
REPRESENTATION_CONTEXT('Back Cap','COMPONENT_PART')
);
#6937=(
GEOMETRIC_REPRESENTATION_CONTEXT(3)
GLOBAL_UNCERTAINTY_ASSIGNED_CONTEXT((#6943))
GLOBAL_UNIT_ASSIGNED_CONTEXT((#6946,#6945,#6944))
REPRESENTATION_CONTEXT('Collector','COMPONENT_PART')
);
#6938=UNCERTAINTY_MEASURE_WITH_UNIT(LENGTH_MEASURE(0.005),#6946,
'DISTANCE_ACCURACY_VALUE','Maximum Tolerance applied to model');
#6939=UNCERTAINTY_MEASURE_WITH_UNIT(LENGTH_MEASURE(0.005),#6946,
'DISTANCE_ACCURACY_VALUE','Maximum Tolerance applied to model');
#6940=UNCERTAINTY_MEASURE_WITH_UNIT(LENGTH_MEASURE(0.005),#6946,
'DISTANCE_ACCURACY_VALUE','Maximum Tolerance applied to model');
#6941=UNCERTAINTY_MEASURE_WITH_UNIT(LENGTH_MEASURE(0.005),#6946,
'DISTANCE_ACCURACY_VALUE','Maximum Tolerance applied to model');
#6942=UNCERTAINTY_MEASURE_WITH_UNIT(LENGTH_MEASURE(0.005),#6946,
'DISTANCE_ACCURACY_VALUE','Maximum Tolerance applied to model');
#6943=UNCERTAINTY_MEASURE_WITH_UNIT(LENGTH_MEASURE(0.005),#6946,
'DISTANCE_ACCURACY_VALUE','Maximum Tolerance applied to model');
#6944=(
NAMED_UNIT(*)
SI_UNIT($,.STERADIAN.)
SOLID_ANGLE_UNIT()
);
#6945=(
NAMED_UNIT(*)
PLANE_ANGLE_UNIT()
SI_UNIT($,.RADIAN.)
);
#6946=(
LENGTH_UNIT()
NAMED_UNIT(*)
SI_UNIT(.MILLI.,.METRE.)
);
#6947=PRODUCT_DEFINITION_SHAPE('','',#6959);
#6948=PRODUCT_DEFINITION_SHAPE('','',#6960);
#6949=PRODUCT_DEFINITION_SHAPE(' ','NAUO PRDDFN',#30);
#6950=PRODUCT_DEFINITION_SHAPE('','',#6961);
#6951=PRODUCT_DEFINITION_SHAPE(' ','NAUO PRDDFN',#31);
#6952=PRODUCT_DEFINITION_SHAPE('','',#6962);
#6953=PRODUCT_DEFINITION_SHAPE(' ','NAUO PRDDFN',#32);
#6954=PRODUCT_DEFINITION_SHAPE('','',#6963);
#6955=PRODUCT_DEFINITION_SHAPE(' ','NAUO PRDDFN',#33);
#6956=PRODUCT_DEFINITION_SHAPE('','',#6964);
#6957=PRODUCT_DEFINITION_SHAPE(' ','NAUO PRDDFN',#34);
#6958=PRODUCT_DEFINITION_SHAPE(' ','NAUO PRDDFN',#35);
#6959=PRODUCT_DEFINITION('','',#6971,#6965);
#6960=PRODUCT_DEFINITION('','',#6972,#6966);
#6961=PRODUCT_DEFINITION('','',#6973,#6967);
#6962=PRODUCT_DEFINITION('','',#6974,#6968);
#6963=PRODUCT_DEFINITION('','',#6975,#6969);
#6964=PRODUCT_DEFINITION('','',#6976,#6970);
#6965=PRODUCT_DEFINITION_CONTEXT('',#7002,'design');
#6966=PRODUCT_DEFINITION_CONTEXT('',#7002,'design');
#6967=PRODUCT_DEFINITION_CONTEXT('',#7002,'design');
#6968=PRODUCT_DEFINITION_CONTEXT('',#7002,'design');
#6969=PRODUCT_DEFINITION_CONTEXT('',#7002,'design');
#6970=PRODUCT_DEFINITION_CONTEXT('',#7002,'design');
#6971=PRODUCT_DEFINITION_FORMATION_WITH_SPECIFIED_SOURCE('','',#6983,
 .NOT_KNOWN.);
#6972=PRODUCT_DEFINITION_FORMATION_WITH_SPECIFIED_SOURCE('','',#6984,
 .NOT_KNOWN.);
#6973=PRODUCT_DEFINITION_FORMATION_WITH_SPECIFIED_SOURCE('','',#6985,
 .NOT_KNOWN.);
#6974=PRODUCT_DEFINITION_FORMATION_WITH_SPECIFIED_SOURCE('','',#6986,
 .NOT_KNOWN.);
#6975=PRODUCT_DEFINITION_FORMATION_WITH_SPECIFIED_SOURCE('','',#6987,
 .NOT_KNOWN.);
#6976=PRODUCT_DEFINITION_FORMATION_WITH_SPECIFIED_SOURCE('','',#6988,
 .NOT_KNOWN.);
#6977=PRODUCT_RELATED_PRODUCT_CATEGORY('','',(#6983));
#6978=PRODUCT_RELATED_PRODUCT_CATEGORY('','',(#6984));
#6979=PRODUCT_RELATED_PRODUCT_CATEGORY('','',(#6985));
#6980=PRODUCT_RELATED_PRODUCT_CATEGORY('','',(#6986));
#6981=PRODUCT_RELATED_PRODUCT_CATEGORY('','',(#6987));
#6982=PRODUCT_RELATED_PRODUCT_CATEGORY('','',(#6988));
#6983=PRODUCT('FA-130 DC Motor','FA-130 DC Motor','FA-130 DC Motor',(#6995));
#6984=PRODUCT('Motor Case','Motor Case','Motor Case',(#6996));
#6985=PRODUCT('Front Bearing','Front Bearing','Front Bearing',(#6997));
#6986=PRODUCT('Shaft','Shaft','Shaft',(#6998));
#6987=PRODUCT('Back Cap','Back Cap','Back Cap',(#6999));
#6988=PRODUCT('Collector','Collector','Collector',(#7000));
#6989=PRODUCT_CATEGORY('','');
#6990=PRODUCT_CATEGORY('','');
#6991=PRODUCT_CATEGORY('','');
#6992=PRODUCT_CATEGORY('','');
#6993=PRODUCT_CATEGORY('','');
#6994=PRODUCT_CATEGORY('','');
#6995=PRODUCT_CONTEXT('',#7002,'mechanical');
#6996=PRODUCT_CONTEXT('',#7002,'mechanical');
#6997=PRODUCT_CONTEXT('',#7002,'mechanical');
#6998=PRODUCT_CONTEXT('',#7002,'mechanical');
#6999=PRODUCT_CONTEXT('',#7002,'mechanical');
#7000=PRODUCT_CONTEXT('',#7002,'mechanical');
#7001=APPLICATION_PROTOCOL_DEFINITION('international standard',
'automotive_design',2010,#7002);
#7002=APPLICATION_CONTEXT(
'core data for automotive mechanical design processes');
ENDSEC;
END-ISO-10303-21;
